Million_Plus_Cities,Age_band_of_driver,Accident_severity,Cause_of_accident,Vehicle Type Involved,Weather Conditions,Road Type,Road Condition,Lighting Conditions,Latitude,Longitude,Time_Block
Gwalior,18-30,Low Risk,Driving carelessly,Truck,Stormy,Highways,Normal,Daylight,20.5937,78.9629,Night
Lucknow,18-30,Low Risk,Driving carelessly,Two-Wheeler,Clear,Highways,Normal,Daylight,26.8467,80.9462,Night
Ghaziabad,31-50,Medium Risk,Changing lane to the right,Car,Foggy,National Highway,Damaged,Dark,20.5937,78.9629,Afternoon
Ghaziabad,31-50,Medium Risk,Driving carelessly,Car,Rainy,Highways,Normal,Dusk,20.5937,78.9629,Night
Ghaziabad,31-50,Medium Risk,Changing lane to the left,Bus,Clear,National Highway,Dry,Dusk,20.5937,78.9629,Night
Ghaziabad,31-50,Medium Risk,Driving carelessly,Cycle,Rainy,Village Road,Under Construction,Dark,20.5937,78.9629,Afternoon
Thiruvanthapuram,18-30,Low Risk,Driving carelessly,Auto-Rickshaw,Rainy,Highways,Normal,Dark,20.5937,78.9629,Morning
Ghaziabad,18-30,Medium Risk,Driving under the influence of drugs,Car,Rainy,Village Road,Wet,Dusk,20.5937,78.9629,Morning
Ghaziabad,50+,Medium Risk,Driving carelessly,Pedestrian,Stormy,Village Road,Under Construction,Daylight,20.5937,78.9629,Afternoon
Ghaziabad,31-50,Medium Risk,No distancing,Pedestrian,Clear,Village Road,Wet,Daylight,20.5937,78.9629,Night
Ghaziabad,18-30,Medium Risk,Driving carelessly,Cycle,Rainy,Highways,Normal,Dawn,20.5937,78.9629,Night
Ghaziabad,18-30,Low Risk,Driving to the left,Truck,Clear,Highways,Normal,Daylight,20.5937,78.9629,Night
Ghaziabad,50+,Low Risk,Overtaking,Cycle,Clear,Highways,Normal,Dawn,20.5937,78.9629,Night
Ghaziabad,18-30,Medium Risk,No distancing,Two-Wheeler,Stormy,State Highway,Under Construction,Daylight,20.5937,78.9629,Night
Ghaziabad,18-30,Medium Risk,Driving carelessly,Auto-Rickshaw,Clear,National Highway,Damaged,Daylight,20.5937,78.9629,Morning
Ghaziabad,31-50,Medium Risk,No priority to vehicle,Cycle,Clear,National Highway,Wet,Daylight,20.5937,78.9629,Afternoon
Ghaziabad,31-50,Medium Risk,No priority to vehicle,Auto-Rickshaw,Clear,Highways,Normal,Dusk,20.5937,78.9629,Night
Ghaziabad,18-30,Medium Risk,No priority to vehicle,Car,Clear,State Highway,Dry,Daylight,20.5937,78.9629,Morning
Ghaziabad,18-30,Medium Risk,No priority to vehicle,Pedestrian,Foggy,Village Road,Dry,Dawn,20.5937,78.9629,Afternoon
Ghaziabad,18-30,Low Risk,No distancing,Car,Clear,Highways,Normal,Daylight,20.5937,78.9629,Night
Ghaziabad,18-30,Medium Risk,Moving Backward,Car,Clear,National Highway,Wet,Daylight,20.5937,78.9629,Evening
Ghaziabad,31-50,Low Risk,No distancing,Car,Clear,Highways,Normal,Dawn,20.5937,78.9629,Night
Mumbai,31-50,Low Risk,Changing lane to the left,Car,Clear,Highways,Normal,Daylight,19.076,72.8777,Afternoon
Gwalior,31-50,Medium Risk,Changing lane to the left,Two-Wheeler,Clear,State Highway,Dry,Daylight,20.5937,78.9629,Morning
Gwalior,18-30,Medium Risk,No priority to pedestrian,Auto-Rickshaw,Clear,State Highway,Damaged,Dawn,20.5937,78.9629,Morning
Gwalior,18-30,High Risk,Moving Backward,Cycle,Foggy,Highways,Normal,Daylight,20.5937,78.9629,Afternoon
Gwalior,18-30,Medium Risk,Changing lane to the left,Truck,Rainy,Urban Road,Under Construction,Dark,20.5937,78.9629,Night
Gwalior,18-30,Medium Risk,No distancing,Car,Foggy,Highways,Normal,Daylight,20.5937,78.9629,Evening
Gwalior,18-30,Medium Risk,No priority to vehicle,Auto-Rickshaw,Clear,Highways,Normal,Daylight,20.5937,78.9629,Afternoon
Surat,50+,Medium Risk,Changing lane to the right,Bus,Clear,Highways,Normal,Dawn,21.1702,72.8311,Evening
Gwalior,18-30,Medium Risk,No distancing,Bus,Foggy,Urban Road,Damaged,Daylight,20.5937,78.9629,Morning
Gwalior,31-50,Medium Risk,No distancing,Two-Wheeler,Clear,Village Road,Damaged,Daylight,20.5937,78.9629,Night
Gwalior,18-30,Medium Risk,Getting off the vehicle improperly,Cycle,Clear,State Highway,Normal,Daylight,20.5937,78.9629,Night
Ahmedabad,31-50,Medium Risk,No priority to pedestrian,Auto-Rickshaw,Rainy,Highways,Normal,Dusk,23.0225,72.5714,Evening
Gwalior,18-30,Low Risk,Changing lane to the left,Car,Clear,Highways,Normal,Dusk,20.5937,78.9629,Morning
Gwalior,18-30,Medium Risk,No distancing,Auto-Rickshaw,Rainy,Urban Road,Dry,Daylight,20.5937,78.9629,Morning
Gwalior,18-30,Medium Risk,Driving carelessly,Auto-Rickshaw,Clear,Urban Road,Wet,Dawn,20.5937,78.9629,Night
Mallapuram,50+,Low Risk,No distancing,Two-Wheeler,Hazy,Highways,Normal,Dark,20.5937,78.9629,Evening
Gwalior,18-30,Medium Risk,Changing lane to the right,Truck,Stormy,Village Road,Under Construction,Dusk,20.5937,78.9629,Afternoon
Gwalior,18-30,Low Risk,Overtaking,Two-Wheeler,Hazy,Highways,Normal,Dusk,20.5937,78.9629,Evening
Jaipur,18-30,Low Risk,Driving carelessly,Pedestrian,Clear,Highways,Normal,Dusk,26.9124,75.7873,Morning
Gwalior,18-30,Low Risk,Moving Backward,Two-Wheeler,Foggy,Highways,Normal,Dusk,20.5937,78.9629,Afternoon
Gwalior,18-30,Medium Risk,No distancing,Pedestrian,Clear,Urban Road,Under Construction,Dawn,20.5937,78.9629,Night
Gwalior,18-30,Medium Risk,Overtaking,Car,Clear,State Highway,Under Construction,Dark,20.5937,78.9629,Night
Gwalior,31-50,Low Risk,Driving carelessly,Auto-Rickshaw,Rainy,Highways,Normal,Daylight,20.5937,78.9629,Evening
Amritsar,18-30,Low Risk,Driving carelessly,Truck,Rainy,Highways,Normal,Dusk,20.5937,78.9629,Afternoon
Gwalior,18-30,Medium Risk,Moving Backward,Two-Wheeler,Hazy,Highways,Normal,Daylight,20.5937,78.9629,Evening
Gwalior,50+,Medium Risk,Driving carelessly,Car,Foggy,State Highway,Wet,Dark,20.5937,78.9629,Night
Gwalior,18-30,Low Risk,Driving to the left,Bus,Stormy,Highways,Normal,Daylight,20.5937,78.9629,Afternoon
Gwalior,50+,Medium Risk,Changing lane to the left,Truck,Clear,Urban Road,Damaged,Daylight,20.5937,78.9629,Morning
Gwalior,18-30,Medium Risk,No distancing,Bus,Clear,National Highway,Wet,Daylight,20.5937,78.9629,Morning
Gwalior,18-30,Medium Risk,No distancing,Pedestrian,Stormy,Village Road,Damaged,Daylight,20.5937,78.9629,Morning
Hyderabad,50+,Low Risk,Changing lane to the right,Truck,Rainy,Highways,Normal,Daylight,17.385,78.4867,Morning
Hyderabad,18-30,Medium Risk,Driving under the influence of drugs,Two-Wheeler,Clear,National Highway,Under Construction,Dawn,17.385,78.4867,Night
Hyderabad,18-30,Medium Risk,Changing lane to the right,Auto-Rickshaw,Rainy,Urban Road,Under Construction,Daylight,17.385,78.4867,Night
Srinagar,18-30,Low Risk,Changing lane to the left,Two-Wheeler,Clear,Highways,Normal,Daylight,20.5937,78.9629,Evening
Bhopal,18-30,Low Risk,Moving Backward,Truck,Clear,Highways,Normal,Daylight,20.5937,78.9629,Night
Hyderabad,18-30,Medium Risk,No distancing,Pedestrian,Clear,National Highway,Normal,Daylight,17.385,78.4867,Afternoon
Hyderabad,50+,Low Risk,Changing lane to the right,Car,Clear,Highways,Normal,Dawn,17.385,78.4867,Evening
Srinagar,31-50,Low Risk,Moving Backward,Truck,Clear,Highways,Normal,Dark,20.5937,78.9629,Evening
Hyderabad,18-30,Medium Risk,No distancing,Auto-Rickshaw,Stormy,National Highway,Under Construction,Dusk,17.385,78.4867,Night
Hyderabad,18-30,Medium Risk,Driving to the left,Bus,Clear,State Highway,Dry,Dawn,17.385,78.4867,Night
Hyderabad,50+,Medium Risk,Driving to the left,Pedestrian,Clear,State Highway,Dry,Dawn,17.385,78.4867,Evening
Hyderabad,50+,Medium Risk,Moving Backward,Pedestrian,Rainy,Village Road,Wet,Daylight,17.385,78.4867,Night
Hyderabad,18-30,Medium Risk,Moving Backward,Two-Wheeler,Clear,State Highway,Under Construction,Dusk,17.385,78.4867,Morning
Bengaluru,50+,Low Risk,Overtaking,Cycle,Stormy,Highways,Normal,Dusk,12.9716,77.5946,Night
Hyderabad,18-30,Medium Risk,Driving carelessly,Auto-Rickshaw,Foggy,Village Road,Damaged,Dawn,17.385,78.4867,Afternoon
Hyderabad,31-50,Medium Risk,Changing lane to the left,Car,Clear,State Highway,Damaged,Daylight,17.385,78.4867,Morning
Hyderabad,18-30,Low Risk,Driving under the influence of drugs,Car,Rainy,Highways,Normal,Dawn,17.385,78.4867,Afternoon
Hyderabad,18-30,Medium Risk,No distancing,Two-Wheeler,Clear,State Highway,Under Construction,Daylight,17.385,78.4867,Night
Hyderabad,18-30,Medium Risk,Moving Backward,Bus,Rainy,National Highway,Dry,Daylight,17.385,78.4867,Evening
Hyderabad,18-30,Medium Risk,Changing lane to the left,Car,Clear,Highways,Normal,Dusk,17.385,78.4867,Night
Hyderabad,18-30,Medium Risk,Changing lane to the right,Two-Wheeler,Stormy,Highways,Normal,Dawn,17.385,78.4867,Night
Hyderabad,18-30,Medium Risk,No distancing,Two-Wheeler,Clear,Urban Road,Damaged,Daylight,17.385,78.4867,Night
Hyderabad,18-30,Medium Risk,Driving at high speed,Bus,Foggy,Village Road,Damaged,Dawn,17.385,78.4867,Evening
Hyderabad,18-30,Medium Risk,Changing lane to the right,Truck,Hazy,National Highway,Dry,Daylight,17.385,78.4867,Morning
Hyderabad,18-30,Medium Risk,No priority to vehicle,Car,Stormy,National Highway,Wet,Dawn,17.385,78.4867,Morning
Hyderabad,18-30,Medium Risk,No distancing,Car,Clear,Village Road,Wet,Dawn,17.385,78.4867,Night
Hyderabad,50+,Medium Risk,Turnover,Bus,Clear,Urban Road,Damaged,Daylight,17.385,78.4867,Night
Hyderabad,50+,Medium Risk,No distancing,Two-Wheeler,Rainy,National Highway,Wet,Daylight,17.385,78.4867,Evening
Hyderabad,31-50,Medium Risk,Changing lane to the right,Car,Foggy,Village Road,Damaged,Daylight,17.385,78.4867,Night
Hyderabad,31-50,Medium Risk,No distancing,Car,Clear,Highways,Normal,Daylight,17.385,78.4867,Afternoon
Vijaywada city,31-50,Low Risk,Changing lane to the left,Truck,Hazy,Highways,Normal,Dusk,20.5937,78.9629,Night
Indore,50+,Medium Risk,Driving carelessly,Pedestrian,Rainy,Highways,Normal,Dusk,20.5937,78.9629,Night
Indore,31-50,Medium Risk,Changing lane to the right,Pedestrian,Clear,Village Road,Wet,Dusk,20.5937,78.9629,Night
Indore,31-50,Low Risk,No priority to vehicle,Pedestrian,Clear,Highways,Normal,Daylight,20.5937,78.9629,Evening
Indore,31-50,Medium Risk,No distancing,Truck,Clear,State Highway,Under Construction,Dusk,20.5937,78.9629,Morning
Indore,31-50,Medium Risk,No priority to pedestrian,Car,Clear,State Highway,Under Construction,Dawn,20.5937,78.9629,Afternoon
Indore,31-50,Medium Risk,No priority to pedestrian,Car,Foggy,State Highway,Normal,Dark,20.5937,78.9629,Afternoon
Indore,18-30,Medium Risk,No priority to vehicle,Two-Wheeler,Hazy,State Highway,Damaged,Dawn,20.5937,78.9629,Night
Bhopal,18-30,Medium Risk,Changing lane to the left,Cycle,Stormy,Highways,Normal,Daylight,20.5937,78.9629,Night
Indore,18-30,Medium Risk,Changing lane to the left,Truck,Rainy,State Highway,Damaged,Daylight,20.5937,78.9629,Afternoon
Indore,18-30,Medium Risk,No distancing,Bus,Clear,Highways,Normal,Dawn,20.5937,78.9629,Night
Indore,31-50,Medium Risk,No priority to vehicle,Truck,Clear,Urban Road,Dry,Daylight,20.5937,78.9629,Evening
Indore,31-50,Medium Risk,No distancing,Pedestrian,Clear,Urban Road,Wet,Daylight,20.5937,78.9629,Morning
Indore,31-50,High Risk,No distancing,Auto-Rickshaw,Clear,State Highway,Damaged,Daylight,20.5937,78.9629,Morning
Indore,18-30,High Risk,Changing lane to the right,Bus,Clear,National Highway,Normal,Daylight,20.5937,78.9629,Evening
Indore,31-50,Medium Risk,Changing lane to the left,Auto-Rickshaw,Stormy,State Highway,Damaged,Dark,20.5937,78.9629,Morning
Indore,18-30,Medium Risk,No distancing,Car,Stormy,State Highway,Dry,Dark,20.5937,78.9629,Evening
Indore,31-50,Medium Risk,Overturning,Car,Clear,Village Road,Normal,Dusk,20.5937,78.9629,Morning
Indore,31-50,Medium Risk,No priority to vehicle,Bus,Clear,State Highway,Dry,Daylight,20.5937,78.9629,Night
Indore,18-30,Medium Risk,Moving Backward,Auto-Rickshaw,Clear,State Highway,Under Construction,Dawn,20.5937,78.9629,Morning
Indore,18-30,Low Risk,Driving under the influence of drugs,Two-Wheeler,Clear,Highways,Normal,Dusk,20.5937,78.9629,Night
Indore,18-30,Medium Risk,Moving Backward,Bus,Foggy,National Highway,Damaged,Daylight,20.5937,78.9629,Night
Coimbatore,18-30,Low Risk,Changing lane to the right,Cycle,Clear,Highways,Normal,Daylight,20.5937,78.9629,Night
Varanasi,31-50,Medium Risk,Overspeed,Auto-Rickshaw,Foggy,Highways,Normal,Dark,25.3176,82.9739,Night
Indore,31-50,Medium Risk,Driving under the influence of drugs,Auto-Rickshaw,Clear,State Highway,Damaged,Dawn,20.5937,78.9629,Night
Indore,18-30,Low Risk,Driving carelessly,Auto-Rickshaw,Clear,Highways,Normal,Dark,20.5937,78.9629,Morning
Indore,50+,Medium Risk,No distancing,Auto-Rickshaw,Rainy,Village Road,Damaged,Dark,20.5937,78.9629,Afternoon
Indore,18-30,Medium Risk,No priority to vehicle,Pedestrian,Rainy,National Highway,Dry,Daylight,20.5937,78.9629,Afternoon
Jabalpur,50+,Medium Risk,Overspeed,Car,Clear,Highways,Normal,Dusk,20.5937,78.9629,Morning
Indore,18-30,Medium Risk,Driving under the influence of drugs,Two-Wheeler,Clear,Urban Road,Under Construction,Daylight,20.5937,78.9629,Morning
Jabalpur,18-30,Medium Risk,Changing lane to the right,Cycle,Clear,Village Road,Normal,Dark,20.5937,78.9629,Night
Jabalpur,18-30,Medium Risk,Changing lane to the right,Two-Wheeler,Foggy,National Highway,Damaged,Daylight,20.5937,78.9629,Afternoon
Chennai,18-30,Low Risk,Changing lane to the right,Auto-Rickshaw,Clear,Highways,Normal,Dusk,13.0827,80.2707,Afternoon
Ahmedabad,31-50,Low Risk,Changing lane to the right,Car,Stormy,Highways,Normal,Daylight,23.0225,72.5714,Night
Jabalpur,50+,High Risk,Moving Backward,Cycle,Clear,State Highway,Under Construction,Daylight,20.5937,78.9629,Night
Jabalpur,50+,Medium Risk,No distancing,Car,Clear,Urban Road,Dry,Dark,20.5937,78.9629,Night
Jabalpur,18-30,Medium Risk,Overspeed,Car,Clear,State Highway,Damaged,Dusk,20.5937,78.9629,Night
Jabalpur,18-30,Medium Risk,No distancing,Car,Clear,Village Road,Dry,Daylight,20.5937,78.9629,Morning
Jabalpur,18-30,Medium Risk,Driving carelessly,Bus,Clear,Village Road,Damaged,Dawn,20.5937,78.9629,Morning
Jabalpur,31-50,Low Risk,No distancing,Two-Wheeler,Hazy,Highways,Normal,Daylight,20.5937,78.9629,Night
Jabalpur,18-30,Medium Risk,No distancing,Auto-Rickshaw,Clear,Highways,Normal,Daylight,20.5937,78.9629,Evening
Jabalpur,18-30,Medium Risk,No distancing,Two-Wheeler,Clear,Urban Road,Under Construction,Dusk,20.5937,78.9629,Afternoon
Jabalpur,18-30,Medium Risk,Changing lane to the right,Two-Wheeler,Foggy,National Highway,Dry,Dusk,20.5937,78.9629,Night
Jabalpur,18-30,Medium Risk,No distancing,Truck,Clear,Urban Road,Damaged,Daylight,20.5937,78.9629,Evening
Kolkata,50+,Low Risk,No priority to vehicle,Car,Rainy,Highways,Normal,Dark,22.5726,88.3639,Night
Jabalpur,31-50,Medium Risk,Changing lane to the left,Car,Clear,National Highway,Under Construction,Dusk,20.5937,78.9629,Night
Jabalpur,31-50,Medium Risk,Moving Backward,Bus,Rainy,National Highway,Dry,Dawn,20.5937,78.9629,Evening
Jabalpur,31-50,Medium Risk,Driving carelessly,Truck,Clear,State Highway,Dry,Daylight,20.5937,78.9629,Night
Jabalpur,18-30,Medium Risk,Changing lane to the left,Two-Wheeler,Clear,Urban Road,Wet,Dawn,20.5937,78.9629,Night
Jabalpur,18-30,Medium Risk,No priority to pedestrian,Cycle,Clear,National Highway,Dry,Daylight,20.5937,78.9629,Night
Jabalpur,18-30,Medium Risk,No distancing,Cycle,Clear,National Highway,Dry,Dusk,20.5937,78.9629,Afternoon
Jabalpur,18-30,Medium Risk,No distancing,Car,Clear,Highways,Normal,Daylight,20.5937,78.9629,Afternoon
Bengaluru,18-30,Medium Risk,Overturning,Bus,Clear,Highways,Normal,Dark,12.9716,77.5946,Afternoon
Jabalpur,18-30,Low Risk,No distancing,Car,Clear,Highways,Normal,Dawn,20.5937,78.9629,Morning
Jabalpur,18-30,Medium Risk,Drunk driving,Two-Wheeler,Rainy,Village Road,Normal,Daylight,20.5937,78.9629,Night
Jabalpur,18-30,Low Risk,Moving Backward,Bus,Clear,Highways,Normal,Daylight,20.5937,78.9629,Night
Jabalpur,50+,Medium Risk,No priority to pedestrian,Truck,Clear,State Highway,Dry,Daylight,20.5937,78.9629,Night
Jabalpur,18-30,Low Risk,Changing lane to the left,Pedestrian,Clear,Highways,Normal,Daylight,20.5937,78.9629,Evening
Jabalpur,18-30,Low Risk,Changing lane to the left,Cycle,Clear,Highways,Normal,Dark,20.5937,78.9629,Morning
Jabalpur,18-30,Medium Risk,Getting off the vehicle improperly,Auto-Rickshaw,Clear,Village Road,Damaged,Dawn,20.5937,78.9629,Night
Jaipur,18-30,Medium Risk,No distancing,Pedestrian,Rainy,National Highway,Under Construction,Dark,26.9124,75.7873,Night
Jaipur,18-30,Medium Risk,Changing lane to the right,Auto-Rickshaw,Hazy,Urban Road,Wet,Daylight,26.9124,75.7873,Morning
Jaipur,31-50,Medium Risk,Changing lane to the right,Car,Foggy,Village Road,Dry,Dusk,26.9124,75.7873,Night
Mumbai,31-50,Low Risk,Moving Backward,Bus,Foggy,Highways,Normal,Daylight,19.076,72.8777,Night
Jaipur,31-50,Medium Risk,Driving at high speed,Pedestrian,Hazy,Village Road,Under Construction,Daylight,26.9124,75.7873,Night
Jaipur,31-50,Medium Risk,Changing lane to the left,Car,Clear,National Highway,Dry,Dusk,26.9124,75.7873,Night
Jaipur,18-30,Low Risk,Changing lane to the right,Auto-Rickshaw,Rainy,Highways,Normal,Dawn,26.9124,75.7873,Morning
Ludhiana,31-50,Low Risk,No distancing,Truck,Clear,Highways,Normal,Daylight,20.5937,78.9629,Night
Coimbatore,31-50,Low Risk,Changing lane to the right,Pedestrian,Rainy,Highways,Normal,Dawn,20.5937,78.9629,Afternoon
Jaipur,31-50,Medium Risk,Changing lane to the right,Bus,Clear,National Highway,Under Construction,Dawn,26.9124,75.7873,Evening
Jaipur,18-30,Medium Risk,No distancing,Two-Wheeler,Stormy,Village Road,Wet,Daylight,26.9124,75.7873,Night
Jaipur,18-30,Medium Risk,Changing lane to the right,Truck,Rainy,Urban Road,Damaged,Dawn,26.9124,75.7873,Night
Agra,31-50,Medium Risk,Driving carelessly,Pedestrian,Hazy,Highways,Normal,Dawn,27.1767,78.0081,Evening
Jaipur,18-30,Medium Risk,Driving carelessly,Auto-Rickshaw,Clear,State Highway,Damaged,Dusk,26.9124,75.7873,Afternoon
Jaipur,18-30,Medium Risk,Changing lane to the right,Cycle,Rainy,National Highway,Dry,Daylight,26.9124,75.7873,Morning
Jaipur,31-50,Medium Risk,Overturning,Cycle,Clear,National Highway,Dry,Dawn,26.9124,75.7873,Night
Allahabad(Prayagraj),18-30,Medium Risk,Changing lane to the right,Two-Wheeler,Rainy,Highways,Normal,Dark,20.5937,78.9629,Morning
Jaipur,31-50,Medium Risk,Moving Backward,Car,Clear,Village Road,Wet,Dark,26.9124,75.7873,Night
Jaipur,50+,Medium Risk,No distancing,Car,Foggy,Urban Road,Dry,Dark,26.9124,75.7873,Night
Jaipur,31-50,Medium Risk,Overturning,Pedestrian,Foggy,Urban Road,Under Construction,Dawn,26.9124,75.7873,Night
Jaipur,31-50,Low Risk,Driving carelessly,Auto-Rickshaw,Foggy,Highways,Normal,Daylight,26.9124,75.7873,Morning
Jaipur,31-50,Medium Risk,Changing lane to the right,Two-Wheeler,Clear,Highways,Normal,Daylight,26.9124,75.7873,Morning
Thrissur,31-50,Low Risk,Driving at high speed,Two-Wheeler,Clear,Highways,Normal,Dark,20.5937,78.9629,Night
Jaipur,31-50,Medium Risk,Changing lane to the left,Cycle,Clear,State Highway,Wet,Daylight,26.9124,75.7873,Night
Jaipur,18-30,Low Risk,Driving carelessly,Truck,Stormy,Highways,Normal,Dusk,26.9124,75.7873,Night
Jaipur,50+,Medium Risk,No distancing,Car,Clear,State Highway,Wet,Dusk,26.9124,75.7873,Morning
Jaipur,18-30,Medium Risk,Moving Backward,Truck,Stormy,National Highway,Dry,Dawn,26.9124,75.7873,Morning
Jaipur,50+,Medium Risk,No priority to pedestrian,Car,Clear,Urban Road,Dry,Dark,26.9124,75.7873,Afternoon
Jaipur,18-30,Medium Risk,Moving Backward,Two-Wheeler,Clear,Urban Road,Wet,Dark,26.9124,75.7873,Morning
Jaipur,18-30,Medium Risk,Changing lane to the right,Two-Wheeler,Clear,State Highway,Damaged,Dark,26.9124,75.7873,Night
Jamshedpur,31-50,Medium Risk,No distancing,Car,Hazy,National Highway,Dry,Daylight,20.5937,78.9629,Morning
Jamshedpur,18-30,Medium Risk,Drunk driving,Car,Clear,State Highway,Normal,Daylight,20.5937,78.9629,Morning
Jamshedpur,18-30,Medium Risk,Changing lane to the right,Two-Wheeler,Clear,Village Road,Dry,Dark,20.5937,78.9629,Night
Jamshedpur,18-30,Low Risk,Driving carelessly,Car,Clear,Highways,Normal,Daylight,20.5937,78.9629,Morning
Jamshedpur,18-30,Medium Risk,Driving to the left,Truck,Clear,Village Road,Normal,Daylight,20.5937,78.9629,Afternoon
Jamshedpur,18-30,Low Risk,Changing lane to the right,Two-Wheeler,Clear,Highways,Normal,Dusk,20.5937,78.9629,Afternoon
Jamshedpur,18-30,Medium Risk,Changing lane to the right,Auto-Rickshaw,Foggy,State Highway,Dry,Daylight,20.5937,78.9629,Night
Jamshedpur,18-30,Medium Risk,Driving carelessly,Pedestrian,Clear,State Highway,Dry,Daylight,20.5937,78.9629,Night
Allahabad(Prayagraj),50+,Medium Risk,Changing lane to the left,Two-Wheeler,Clear,Highways,Normal,Dawn,20.5937,78.9629,Night
Jamshedpur,18-30,Medium Risk,No priority to vehicle,Auto-Rickshaw,Clear,Village Road,Dry,Daylight,20.5937,78.9629,Night
Jamshedpur,18-30,Medium Risk,Driving carelessly,Auto-Rickshaw,Clear,State Highway,Wet,Dusk,20.5937,78.9629,Evening
Jamshedpur,18-30,Medium Risk,Changing lane to the right,Truck,Hazy,Highways,Normal,Dawn,20.5937,78.9629,Morning
Jamshedpur,18-30,Medium Risk,Driving carelessly,Auto-Rickshaw,Clear,National Highway,Wet,Dark,20.5937,78.9629,Morning
Agra,31-50,Low Risk,Driving under the influence of drugs,Car,Clear,Highways,Normal,Daylight,27.1767,78.0081,Morning
Jamshedpur,18-30,Medium Risk,No distancing,Pedestrian,Stormy,Urban Road,Wet,Dawn,20.5937,78.9629,Morning
Jamshedpur,18-30,Medium Risk,Changing lane to the left,Car,Rainy,State Highway,Wet,Daylight,20.5937,78.9629,Night
Jamshedpur,18-30,Medium Risk,No priority to vehicle,Car,Clear,Village Road,Dry,Daylight,20.5937,78.9629,Morning
Jamshedpur,50+,Medium Risk,Moving Backward,Pedestrian,Stormy,Highways,Normal,Dawn,20.5937,78.9629,Evening
Jamshedpur,31-50,Medium Risk,Moving Backward,Pedestrian,Clear,Urban Road,Normal,Daylight,20.5937,78.9629,Evening
Jamshedpur,18-30,Medium Risk,No distancing,Car,Clear,State Highway,Under Construction,Daylight,20.5937,78.9629,Morning
Jamshedpur,31-50,Low Risk,Changing lane to the right,Car,Clear,Highways,Normal,Dusk,20.5937,78.9629,Night
Jamshedpur,31-50,Low Risk,Changing lane to the right,Auto-Rickshaw,Clear,Highways,Normal,Dark,20.5937,78.9629,Night
Jamshedpur,18-30,Medium Risk,Moving Backward,Auto-Rickshaw,Stormy,Urban Road,Wet,Dawn,20.5937,78.9629,Afternoon
Jamshedpur,31-50,Low Risk,Driving carelessly,Two-Wheeler,Stormy,Highways,Normal,Daylight,20.5937,78.9629,Morning
Lucknow,18-30,Low Risk,Driving under the influence of drugs,Car,Stormy,Highways,Normal,Dusk,26.8467,80.9462,Night
Jamshedpur,31-50,Low Risk,No distancing,Car,Clear,Highways,Normal,Daylight,20.5937,78.9629,Night
Jamshedpur,31-50,Medium Risk,No distancing,Cycle,Rainy,State Highway,Wet,Daylight,20.5937,78.9629,Night
Jamshedpur,18-30,Medium Risk,No priority to vehicle,Cycle,Hazy,State Highway,Under Construction,Dark,20.5937,78.9629,Afternoon
Jamshedpur,18-30,Medium Risk,Driving to the left,Auto-Rickshaw,Clear,Urban Road,Dry,Daylight,20.5937,78.9629,Afternoon
Jamshedpur,18-30,Medium Risk,No priority to vehicle,Car,Clear,Village Road,Under Construction,Daylight,20.5937,78.9629,Evening
Jodhpur,18-30,Medium Risk,No priority to vehicle,Two-Wheeler,Clear,Village Road,Wet,Dusk,20.5937,78.9629,Morning
Jodhpur,18-30,Medium Risk,No priority to vehicle,Two-Wheeler,Clear,Village Road,Under Construction,Dark,20.5937,78.9629,Evening
Jodhpur,18-30,Medium Risk,No distancing,Car,Foggy,State Highway,Wet,Daylight,20.5937,78.9629,Morning
Jodhpur,31-50,Medium Risk,Moving Backward,Car,Stormy,Highways,Normal,Daylight,20.5937,78.9629,Night
Jodhpur,31-50,High Risk,Changing lane to the right,Car,Foggy,State Highway,Wet,Daylight,20.5937,78.9629,Night
Jodhpur,18-30,High Risk,Driving carelessly,Two-Wheeler,Clear,State Highway,Wet,Dawn,20.5937,78.9629,Afternoon
Jodhpur,18-30,High Risk,Changing lane to the left,Cycle,Hazy,National Highway,Under Construction,Daylight,20.5937,78.9629,Night
Jodhpur,18-30,Low Risk,No distancing,Car,Rainy,Highways,Normal,Daylight,20.5937,78.9629,Evening
Jodhpur,50+,Medium Risk,Changing lane to the right,Two-Wheeler,Clear,National Highway,Under Construction,Daylight,20.5937,78.9629,Afternoon
Jodhpur,18-30,Medium Risk,Driving under the influence of drugs,Car,Clear,National Highway,Normal,Daylight,20.5937,78.9629,Night
Jodhpur,31-50,Medium Risk,No distancing,Car,Hazy,Village Road,Under Construction,Daylight,20.5937,78.9629,Morning
Jodhpur,31-50,Medium Risk,Overturning,Truck,Stormy,Urban Road,Damaged,Daylight,20.5937,78.9629,Night
Jodhpur,18-30,High Risk,No distancing,Truck,Hazy,Urban Road,Damaged,Dusk,20.5937,78.9629,Afternoon
Jodhpur,31-50,Medium Risk,Changing lane to the right,Cycle,Stormy,National Highway,Wet,Daylight,20.5937,78.9629,Evening
Jodhpur,18-30,Medium Risk,No priority to vehicle,Truck,Hazy,Village Road,Dry,Daylight,20.5937,78.9629,Night
Jodhpur,18-30,Medium Risk,Changing lane to the right,Two-Wheeler,Clear,State Highway,Wet,Daylight,20.5937,78.9629,Afternoon