Million_Plus_Cities,Age_band_of_driver,Accident_severity,Cause_of_accident,Vehicle Type Involved,Weather Conditions,Road Type,Road Condition,Lighting Conditions,Latitude,Longitude,Time_Block
Jodhpur,18-30,Medium Risk,Changing lane to the left,Car,Clear,State Highway,Under Construction,Dawn,20.5937,78.9629,Afternoon
Chandigarh,18-30,Medium Risk,No distancing,Cycle,Clear,Highways,Normal,Dark,20.5937,78.9629,Evening
Jodhpur,31-50,Medium Risk,No priority to pedestrian,Car,Clear,Highways,Normal,Dusk,20.5937,78.9629,Morning
Jodhpur,18-30,Medium Risk,Driving carelessly,Cycle,Stormy,State Highway,Dry,Dusk,20.5937,78.9629,Morning
Jodhpur,18-30,Medium Risk,No distancing,Car,Clear,State Highway,Under Construction,Daylight,20.5937,78.9629,Afternoon
Allahabad(Prayagraj),18-30,Low Risk,Driving carelessly,Cycle,Rainy,Highways,Normal,Dark,20.5937,78.9629,Afternoon
Jodhpur,18-30,High Risk,Driving carelessly,Car,Rainy,Village Road,Wet,Daylight,20.5937,78.9629,Afternoon
Jodhpur,18-30,High Risk,Moving Backward,Cycle,Clear,Highways,Normal,Daylight,20.5937,78.9629,Evening
Jodhpur,18-30,Medium Risk,Overtaking,Pedestrian,Hazy,Urban Road,Dry,Daylight,20.5937,78.9629,Night
Jodhpur,18-30,Low Risk,No priority to vehicle,Pedestrian,Clear,Highways,Normal,Dusk,20.5937,78.9629,Afternoon
Jodhpur,31-50,Medium Risk,No priority to vehicle,Bus,Clear,Urban Road,Damaged,Dusk,20.5937,78.9629,Afternoon
Jodhpur,18-30,Medium Risk,Changing lane to the left,Truck,Clear,Urban Road,Wet,Daylight,20.5937,78.9629,Morning
Jodhpur,18-30,Medium Risk,No priority to vehicle,Car,Clear,Urban Road,Dry,Dark,20.5937,78.9629,Afternoon
Jodhpur,18-30,Medium Risk,No distancing,Pedestrian,Hazy,National Highway,Under Construction,Daylight,20.5937,78.9629,Night
Kannur,31-50,Medium Risk,Moving Backward,Car,Clear,National Highway,Dry,Daylight,20.5937,78.9629,Morning
Kannur,18-30,Medium Risk,Changing lane to the right,Two-Wheeler,Stormy,Village Road,Wet,Dusk,20.5937,78.9629,Night
Kannur,18-30,Medium Risk,No distancing,Cycle,Hazy,Urban Road,Under Construction,Dawn,20.5937,78.9629,Night
Kannur,50+,Medium Risk,Overtaking,Auto-Rickshaw,Hazy,Village Road,Under Construction,Daylight,20.5937,78.9629,Evening
Kannur,31-50,Medium Risk,No distancing,Pedestrian,Clear,Highways,Normal,Dark,20.5937,78.9629,Afternoon
Kannur,18-30,Medium Risk,Changing lane to the left,Car,Rainy,Village Road,Wet,Dusk,20.5937,78.9629,Evening
Kannur,18-30,Medium Risk,Driving under the influence of drugs,Auto-Rickshaw,Rainy,Village Road,Dry,Daylight,20.5937,78.9629,Afternoon
Kannur,18-30,Medium Risk,No distancing,Bus,Clear,National Highway,Dry,Daylight,20.5937,78.9629,Night
Kanpur,18-30,Low Risk,No distancing,Bus,Hazy,Highways,Normal,Dawn,26.4499,80.3319,Afternoon
Kannur,31-50,Medium Risk,Changing lane to the right,Truck,Foggy,Village Road,Wet,Dusk,20.5937,78.9629,Morning
Kannur,31-50,Medium Risk,Changing lane to the left,Auto-Rickshaw,Clear,Village Road,Damaged,Daylight,20.5937,78.9629,Evening
Kannur,18-30,Medium Risk,Moving Backward,Two-Wheeler,Clear,State Highway,Wet,Daylight,20.5937,78.9629,Morning
Kannur,31-50,Medium Risk,No distancing,Auto-Rickshaw,Clear,National Highway,Damaged,Dusk,20.5937,78.9629,Night
Mallapuram,31-50,Low Risk,No distancing,Cycle,Rainy,Highways,Normal,Daylight,20.5937,78.9629,Evening
Kannur,18-30,Medium Risk,Driving carelessly,Auto-Rickshaw,Clear,Village Road,Under Construction,Daylight,20.5937,78.9629,Evening
Kannur,31-50,Medium Risk,Moving Backward,Pedestrian,Clear,State Highway,Normal,Dark,20.5937,78.9629,Morning
Nagpur,18-30,Medium Risk,No distancing,Car,Foggy,Highways,Normal,Dusk,20.5937,78.9629,Morning
Kannur,50+,Medium Risk,Changing lane to the right,Pedestrian,Clear,Village Road,Dry,Daylight,20.5937,78.9629,Morning
Kannur,18-30,Medium Risk,Driving carelessly,Car,Clear,Village Road,Wet,Dark,20.5937,78.9629,Night
Kannur,31-50,Medium Risk,Driving to the left,Cycle,Clear,Urban Road,Under Construction,Dawn,20.5937,78.9629,Night
Kannur,18-30,Medium Risk,Changing lane to the right,Two-Wheeler,Clear,Urban Road,Under Construction,Dark,20.5937,78.9629,Afternoon
Kannur,18-30,Medium Risk,Driving carelessly,Two-Wheeler,Clear,State Highway,Under Construction,Dawn,20.5937,78.9629,Afternoon
Kannur,31-50,Medium Risk,Changing lane to the right,Pedestrian,Stormy,State Highway,Normal,Daylight,20.5937,78.9629,Morning
Mallapuram,18-30,Medium Risk,No priority to vehicle,Cycle,Clear,Highways,Normal,Dawn,20.5937,78.9629,Afternoon
Kannur,18-30,Medium Risk,Changing lane to the right,Auto-Rickshaw,Stormy,National Highway,Damaged,Daylight,20.5937,78.9629,Night
Kannur,18-30,Medium Risk,Turnover,Car,Clear,Urban Road,Wet,Daylight,20.5937,78.9629,Morning
Kannur,18-30,Medium Risk,No priority to vehicle,Car,Stormy,Urban Road,Damaged,Daylight,20.5937,78.9629,Evening
Kannur,31-50,Medium Risk,Driving at high speed,Pedestrian,Clear,Urban Road,Dry,Daylight,20.5937,78.9629,Night
Kannur,18-30,Medium Risk,No distancing,Auto-Rickshaw,Foggy,National Highway,Dry,Dawn,20.5937,78.9629,Night
Kannur,18-30,Medium Risk,No distancing,Cycle,Hazy,Village Road,Dry,Daylight,20.5937,78.9629,Morning
Kanpur,18-30,Medium Risk,Driving carelessly,Car,Clear,Village Road,Damaged,Dawn,26.4499,80.3319,Afternoon
Kanpur,18-30,Medium Risk,Driving carelessly,Bus,Clear,State Highway,Dry,Dark,26.4499,80.3319,Night
Kanpur,18-30,Medium Risk,Moving Backward,Car,Clear,Village Road,Damaged,Dawn,26.4499,80.3319,Night
Kanpur,31-50,Medium Risk,No distancing,Pedestrian,Stormy,National Highway,Dry,Dusk,26.4499,80.3319,Afternoon
Kanpur,18-30,Low Risk,Changing lane to the right,Car,Clear,Highways,Normal,Daylight,26.4499,80.3319,Night
Kanpur,18-30,Medium Risk,Overtaking,Car,Rainy,Village Road,Under Construction,Daylight,26.4499,80.3319,Night
Khozikode,31-50,Medium Risk,No distancing,Cycle,Clear,Highways,Normal,Daylight,20.5937,78.9629,Night
Kanpur,50+,Medium Risk,Overtaking,Car,Clear,National Highway,Under Construction,Daylight,26.4499,80.3319,Evening
Kanpur,50+,Medium Risk,Moving Backward,Car,Clear,Urban Road,Under Construction,Dusk,26.4499,80.3319,Morning
Kanpur,18-30,Medium Risk,No distancing,Truck,Clear,Urban Road,Under Construction,Daylight,26.4499,80.3319,Night
Nagpur,50+,Low Risk,No distancing,Cycle,Clear,Highways,Normal,Dusk,20.5937,78.9629,Afternoon
Kanpur,18-30,Medium Risk,No priority to vehicle,Bus,Foggy,National Highway,Normal,Daylight,26.4499,80.3319,Morning
Kanpur,31-50,Medium Risk,No priority to vehicle,Pedestrian,Hazy,Urban Road,Wet,Dusk,26.4499,80.3319,Night
Kanpur,18-30,Medium Risk,Changing lane to the left,Cycle,Clear,Urban Road,Under Construction,Dawn,26.4499,80.3319,Night
Thiruvanthapuram,50+,Low Risk,No distancing,Car,Clear,Highways,Normal,Dawn,20.5937,78.9629,Afternoon
Kanpur,31-50,Low Risk,Driving under the influence of drugs,Truck,Stormy,Highways,Normal,Daylight,26.4499,80.3319,Afternoon
Kanpur,18-30,Medium Risk,Changing lane to the left,Two-Wheeler,Stormy,National Highway,Damaged,Daylight,26.4499,80.3319,Afternoon
Kanpur,50+,Medium Risk,Changing lane to the right,Car,Stormy,Village Road,Dry,Dark,26.4499,80.3319,Night
Vizaq,50+,Low Risk,Driving to the left,Truck,Hazy,Highways,Normal,Daylight,20.5937,78.9629,Afternoon
Kanpur,31-50,Medium Risk,Driving at high speed,Cycle,Stormy,Village Road,Dry,Dawn,26.4499,80.3319,Night
Kanpur,31-50,Low Risk,Overtaking,Bus,Clear,Highways,Normal,Daylight,26.4499,80.3319,Night
Kanpur,18-30,Medium Risk,Changing lane to the right,Two-Wheeler,Clear,Highways,Normal,Dawn,26.4499,80.3319,Afternoon
Kanpur,31-50,Medium Risk,Changing lane to the right,Car,Stormy,Highways,Normal,Daylight,26.4499,80.3319,Morning
Kanpur,18-30,Low Risk,Moving Backward,Auto-Rickshaw,Clear,Highways,Normal,Dawn,26.4499,80.3319,Evening
Kanpur,31-50,Low Risk,Moving Backward,Auto-Rickshaw,Clear,Highways,Normal,Daylight,26.4499,80.3319,Morning
Kanpur,31-50,Low Risk,Changing lane to the left,Auto-Rickshaw,Clear,Highways,Normal,Daylight,26.4499,80.3319,Morning
Kanpur,31-50,Medium Risk,Moving Backward,Auto-Rickshaw,Clear,Village Road,Dry,Daylight,26.4499,80.3319,Morning
Kanpur,31-50,Medium Risk,No distancing,Two-Wheeler,Clear,State Highway,Wet,Dusk,26.4499,80.3319,Evening
Kanpur,50+,Medium Risk,Moving Backward,Car,Hazy,Highways,Normal,Daylight,26.4499,80.3319,Night
Kanpur,18-30,Medium Risk,Changing lane to the right,Auto-Rickshaw,Clear,National Highway,Wet,Daylight,26.4499,80.3319,Morning
Delhi,18-30,Low Risk,Changing lane to the left,Auto-Rickshaw,Clear,Highways,Normal,Dawn,28.6139,77.209,Morning
Khozikode,18-30,Medium Risk,No priority to vehicle,Two-Wheeler,Rainy,Urban Road,Wet,Daylight,20.5937,78.9629,Morning
Khozikode,50+,Medium Risk,No distancing,Cycle,Rainy,Urban Road,Wet,Daylight,20.5937,78.9629,Morning
Khozikode,18-30,Medium Risk,No priority to vehicle,Bus,Foggy,National Highway,Wet,Daylight,20.5937,78.9629,Morning
Indore,18-30,Low Risk,Driving under the influence of drugs,Auto-Rickshaw,Foggy,Highways,Normal,Daylight,20.5937,78.9629,Evening
Khozikode,50+,Medium Risk,Changing lane to the right,Bus,Clear,Urban Road,Under Construction,Daylight,20.5937,78.9629,Morning
Khozikode,18-30,Medium Risk,No distancing,Auto-Rickshaw,Clear,Urban Road,Under Construction,Daylight,20.5937,78.9629,Morning
Khozikode,31-50,Medium Risk,No distancing,Two-Wheeler,Hazy,Urban Road,Under Construction,Daylight,20.5937,78.9629,Evening
Khozikode,18-30,Medium Risk,Changing lane to the left,Two-Wheeler,Clear,Village Road,Damaged,Daylight,20.5937,78.9629,Morning
Khozikode,31-50,Medium Risk,Changing lane to the right,Bus,Hazy,National Highway,Dry,Dusk,20.5937,78.9629,Morning
Khozikode,18-30,Low Risk,Changing lane to the right,Two-Wheeler,Clear,Highways,Normal,Dusk,20.5937,78.9629,Afternoon
Khozikode,18-30,Medium Risk,Driving under the influence of drugs,Pedestrian,Clear,Urban Road,Damaged,Daylight,20.5937,78.9629,Morning
Khozikode,50+,Medium Risk,Moving Backward,Car,Rainy,National Highway,Dry,Daylight,20.5937,78.9629,Afternoon
Vizaq,18-30,Low Risk,Changing lane to the left,Cycle,Rainy,Highways,Normal,Dusk,20.5937,78.9629,Afternoon
Khozikode,18-30,Medium Risk,No priority to pedestrian,Two-Wheeler,Foggy,State Highway,Dry,Daylight,20.5937,78.9629,Afternoon
Khozikode,31-50,Low Risk,No distancing,Pedestrian,Rainy,Highways,Normal,Daylight,20.5937,78.9629,Morning
Allahabad(Prayagraj),31-50,Medium Risk,No distancing,Pedestrian,Clear,Highways,Normal,Daylight,20.5937,78.9629,Evening
Khozikode,31-50,Medium Risk,Changing lane to the left,Bus,Foggy,National Highway,Damaged,Daylight,20.5937,78.9629,Evening
Khozikode,18-30,Low Risk,Changing lane to the right,Pedestrian,Foggy,Highways,Normal,Dark,20.5937,78.9629,Afternoon
Khozikode,31-50,Medium Risk,Driving carelessly,Car,Clear,Village Road,Wet,Dawn,20.5937,78.9629,Morning
Kannur,18-30,Low Risk,No distancing,Two-Wheeler,Clear,Highways,Normal,Daylight,20.5937,78.9629,Morning
Pune,18-30,Medium Risk,Changing lane to the left,Two-Wheeler,Clear,Highways,Normal,Daylight,18.5204,73.8567,Night
Khozikode,18-30,Medium Risk,Moving Backward,Two-Wheeler,Hazy,Highways,Normal,Daylight,20.5937,78.9629,Night
Khozikode,31-50,Medium Risk,No distancing,Car,Foggy,Highways,Normal,Daylight,20.5937,78.9629,Morning
Jamshedpur,31-50,Low Risk,No priority to pedestrian,Two-Wheeler,Foggy,Highways,Normal,Dawn,20.5937,78.9629,Afternoon
Khozikode,31-50,Medium Risk,Changing lane to the left,Auto-Rickshaw,Clear,Highways,Normal,Dark,20.5937,78.9629,Afternoon
Khozikode,18-30,Medium Risk,No distancing,Car,Clear,Village Road,Wet,Daylight,20.5937,78.9629,Morning
Madurai,18-30,Medium Risk,Driving carelessly,Cycle,Clear,Highways,Normal,Daylight,20.5937,78.9629,Morning
Khozikode,18-30,Medium Risk,No priority to vehicle,Cycle,Clear,Highways,Normal,Daylight,20.5937,78.9629,Afternoon
Chandigarh,18-30,Low Risk,Changing lane to the right,Truck,Clear,Highways,Normal,Daylight,20.5937,78.9629,Evening
Kochi,18-30,Low Risk,Moving Backward,Two-Wheeler,Rainy,Highways,Normal,Dark,20.5937,78.9629,Morning
Kochi,18-30,Medium Risk,No priority to vehicle,Pedestrian,Clear,National Highway,Damaged,Dark,20.5937,78.9629,Night
Kochi,18-30,Medium Risk,No priority to pedestrian,Car,Rainy,Village Road,Normal,Dusk,20.5937,78.9629,Morning
Kochi,18-30,Medium Risk,Changing lane to the left,Car,Clear,National Highway,Dry,Daylight,20.5937,78.9629,Night
Kochi,31-50,Medium Risk,Changing lane to the left,Two-Wheeler,Clear,Urban Road,Normal,Dusk,20.5937,78.9629,Night
Kochi,50+,High Risk,Driving under the influence of drugs,Car,Rainy,State Highway,Damaged,Dawn,20.5937,78.9629,Night
Kochi,18-30,Medium Risk,Moving Backward,Two-Wheeler,Stormy,Highways,Normal,Daylight,20.5937,78.9629,Night
Kochi,31-50,Medium Risk,Changing lane to the right,Bus,Foggy,Urban Road,Under Construction,Daylight,20.5937,78.9629,Night
Ludhiana,18-30,Low Risk,Changing lane to the right,Truck,Hazy,Highways,Normal,Dusk,20.5937,78.9629,Evening
Kochi,18-30,Medium Risk,No distancing,Car,Hazy,National Highway,Wet,Dusk,20.5937,78.9629,Morning
Kochi,31-50,Medium Risk,Moving Backward,Truck,Clear,Village Road,Under Construction,Daylight,20.5937,78.9629,Night
Thiruvanthapuram,50+,Low Risk,No distancing,Bus,Clear,Highways,Normal,Dawn,20.5937,78.9629,Afternoon
Kochi,18-30,Medium Risk,Driving carelessly,Car,Hazy,State Highway,Dry,Dark,20.5937,78.9629,Night
Kochi,50+,Medium Risk,No priority to pedestrian,Two-Wheeler,Clear,Highways,Normal,Daylight,20.5937,78.9629,Morning
Chennai,18-30,Low Risk,No priority to vehicle,Car,Clear,Highways,Normal,Dusk,13.0827,80.2707,Night
Kochi,18-30,Low Risk,Moving Backward,Car,Clear,Highways,Normal,Daylight,20.5937,78.9629,Afternoon
Kochi,50+,Medium Risk,Changing lane to the right,Cycle,Clear,Highways,Normal,Daylight,20.5937,78.9629,Morning
Kochi,31-50,Medium Risk,No distancing,Car,Rainy,State Highway,Damaged,Daylight,20.5937,78.9629,Night
Kochi,18-30,Medium Risk,Driving carelessly,Car,Hazy,Village Road,Wet,Dusk,20.5937,78.9629,Morning
Kochi,18-30,Medium Risk,Changing lane to the left,Two-Wheeler,Stormy,National Highway,Wet,Dark,20.5937,78.9629,Morning
Kochi,18-30,Medium Risk,Moving Backward,Cycle,Stormy,Urban Road,Wet,Daylight,20.5937,78.9629,Night
Kochi,50+,Medium Risk,No distancing,Pedestrian,Foggy,Urban Road,Dry,Daylight,20.5937,78.9629,Night
Lucknow,50+,Low Risk,Changing lane to the right,Two-Wheeler,Clear,Highways,Normal,Dusk,26.8467,80.9462,Morning
Kochi,31-50,Medium Risk,No priority to vehicle,Two-Wheeler,Stormy,National Highway,Wet,Dark,20.5937,78.9629,Evening
Kochi,31-50,Low Risk,Getting off the vehicle improperly,Car,Clear,Highways,Normal,Dark,20.5937,78.9629,Morning
Kochi,31-50,Medium Risk,No distancing,Two-Wheeler,Stormy,Village Road,Under Construction,Dusk,20.5937,78.9629,Morning
Kochi,50+,Medium Risk,No distancing,Car,Stormy,Village Road,Wet,Dusk,20.5937,78.9629,Morning
Kochi,18-30,Low Risk,Changing lane to the left,Car,Clear,Highways,Normal,Daylight,20.5937,78.9629,Night
Kochi,31-50,Medium Risk,No priority to vehicle,Auto-Rickshaw,Clear,Urban Road,Wet,Daylight,20.5937,78.9629,Morning
Kochi,31-50,Medium Risk,Driving carelessly,Truck,Clear,Village Road,Under Construction,Dusk,20.5937,78.9629,Evening
Kolkata,18-30,Medium Risk,Changing lane to the right,Auto-Rickshaw,Rainy,Urban Road,Under Construction,Dusk,22.5726,88.3639,Afternoon
Kolkata,50+,Medium Risk,No distancing,Pedestrian,Clear,Village Road,Wet,Daylight,22.5726,88.3639,Afternoon
Kolkata,31-50,Medium Risk,Changing lane to the right,Pedestrian,Clear,Highways,Normal,Daylight,22.5726,88.3639,Night
Kolkata,18-30,Medium Risk,No distancing,Auto-Rickshaw,Clear,State Highway,Damaged,Daylight,22.5726,88.3639,Afternoon
Kolkata,18-30,Medium Risk,Driving under the influence of drugs,Pedestrian,Clear,State Highway,Dry,Dark,22.5726,88.3639,Afternoon
Kolkata,18-30,Medium Risk,Changing lane to the left,Car,Clear,State Highway,Wet,Dawn,22.5726,88.3639,Afternoon
Kolkata,50+,Medium Risk,Getting off the vehicle improperly,Cycle,Clear,Village Road,Under Construction,Dusk,22.5726,88.3639,Night
Kolkata,18-30,Medium Risk,Overloading,Two-Wheeler,Clear,State Highway,Damaged,Dawn,22.5726,88.3639,Evening
Kolkata,50+,Low Risk,Driving carelessly,Truck,Clear,Highways,Normal,Dark,22.5726,88.3639,Evening
Kolkata,18-30,Low Risk,Overtaking,Bus,Clear,Highways,Normal,Daylight,22.5726,88.3639,Evening
Kolkata,18-30,Medium Risk,No distancing,Cycle,Foggy,National Highway,Dry,Daylight,22.5726,88.3639,Afternoon
Kolkata,18-30,Medium Risk,Overturning,Two-Wheeler,Foggy,National Highway,Dry,Daylight,22.5726,88.3639,Morning
Kolkata,31-50,Medium Risk,Driving carelessly,Pedestrian,Hazy,Highways,Normal,Daylight,22.5726,88.3639,Afternoon
Kolkata,18-30,Medium Risk,No priority to pedestrian,Cycle,Hazy,State Highway,Damaged,Dusk,22.5726,88.3639,Night
Kolkata,18-30,Low Risk,No distancing,Two-Wheeler,Stormy,Highways,Normal,Dark,22.5726,88.3639,Morning
Indore,31-50,Low Risk,No priority to vehicle,Pedestrian,Hazy,Highways,Normal,Daylight,20.5937,78.9629,Evening
Indore,31-50,Low Risk,Getting off the vehicle improperly,Truck,Clear,Highways,Normal,Daylight,20.5937,78.9629,Evening
Kolkata,18-30,Medium Risk,No priority to pedestrian,Cycle,Clear,National Highway,Damaged,Dawn,22.5726,88.3639,Night
Kolkata,18-30,Medium Risk,Changing lane to the right,Pedestrian,Stormy,Urban Road,Under Construction,Dark,22.5726,88.3639,Morning
Jodhpur,50+,Medium Risk,Moving Backward,Car,Stormy,Highways,Normal,Dawn,20.5937,78.9629,Evening
Kolkata,18-30,Medium Risk,Changing lane to the left,Car,Foggy,Village Road,Dry,Dawn,22.5726,88.3639,Evening
Kolkata,18-30,Low Risk,No distancing,Two-Wheeler,Clear,Highways,Normal,Dark,22.5726,88.3639,Evening
Kolkata,18-30,Medium Risk,Driving carelessly,Pedestrian,Rainy,Urban Road,Wet,Daylight,22.5726,88.3639,Night
Kolkata,31-50,Medium Risk,Driving under the influence of drugs,Truck,Foggy,Urban Road,Wet,Daylight,22.5726,88.3639,Night
Kolkata,31-50,Medium Risk,Driving carelessly,Cycle,Rainy,State Highway,Wet,Dark,22.5726,88.3639,Night
Kolkata,31-50,Medium Risk,Driving carelessly,Auto-Rickshaw,Clear,Village Road,Wet,Daylight,22.5726,88.3639,Night
Kolkata,18-30,Medium Risk,Changing lane to the right,Pedestrian,Clear,Urban Road,Wet,Dawn,22.5726,88.3639,Morning
Kolkata,18-30,Medium Risk,No distancing,Pedestrian,Foggy,Urban Road,Damaged,Daylight,22.5726,88.3639,Morning
Kolkata,31-50,Medium Risk,Driving carelessly,Car,Foggy,Urban Road,Damaged,Dusk,22.5726,88.3639,Afternoon
Kolkata,31-50,Low Risk,No priority to pedestrian,Car,Rainy,Highways,Normal,Daylight,22.5726,88.3639,Morning
Kollam,18-30,Medium Risk,No distancing,Bus,Clear,State Highway,Normal,Daylight,20.5937,78.9629,Evening
Jabalpur,31-50,Low Risk,Moving Backward,Pedestrian,Stormy,Highways,Normal,Dawn,20.5937,78.9629,Afternoon
Meerut,18-30,Low Risk,Moving Backward,Car,Clear,Highways,Normal,Dawn,20.5937,78.9629,Afternoon
Kollam,31-50,Medium Risk,No priority to vehicle,Cycle,Clear,National Highway,Dry,Dawn,20.5937,78.9629,Morning
Kollam,18-30,Medium Risk,No distancing,Cycle,Hazy,Urban Road,Dry,Daylight,20.5937,78.9629,Morning
Kollam,31-50,Medium Risk,Moving Backward,Bus,Rainy,State Highway,Wet,Daylight,20.5937,78.9629,Evening
Kollam,31-50,Medium Risk,Changing lane to the right,Two-Wheeler,Stormy,Village Road,Under Construction,Dusk,20.5937,78.9629,Night
Kollam,18-30,Medium Risk,Moving Backward,Cycle,Stormy,Urban Road,Dry,Daylight,20.5937,78.9629,Night
Kollam,31-50,Medium Risk,Changing lane to the right,Two-Wheeler,Clear,Highways,Normal,Daylight,20.5937,78.9629,Morning
Kollam,31-50,Low Risk,Driving carelessly,Pedestrian,Clear,Highways,Normal,Daylight,20.5937,78.9629,Morning
Kollam,18-30,Low Risk,Changing lane to the right,Two-Wheeler,Clear,Highways,Normal,Dark,20.5937,78.9629,Morning
Kollam,18-30,Medium Risk,No distancing,Bus,Hazy,State Highway,Normal,Daylight,20.5937,78.9629,Night
Kollam,18-30,Medium Risk,Moving Backward,Pedestrian,Rainy,State Highway,Wet,Daylight,20.5937,78.9629,Evening
Kollam,18-30,Medium Risk,Driving carelessly,Two-Wheeler,Stormy,National Highway,Dry,Dawn,20.5937,78.9629,Night
Kollam,18-30,Medium Risk,No distancing,Car,Stormy,Urban Road,Under Construction,Daylight,20.5937,78.9629,Night
Kollam,31-50,Medium Risk,No priority to vehicle,Bus,Hazy,National Highway,Dry,Daylight,20.5937,78.9629,Morning
Kollam,31-50,Medium Risk,Changing lane to the right,Car,Clear,Urban Road,Damaged,Dawn,20.5937,78.9629,Afternoon
Kollam,31-50,Medium Risk,Moving Backward,Cycle,Hazy,Urban Road,Wet,Daylight,20.5937,78.9629,Morning
Vijaywada city,18-30,Low Risk,Driving under the influence of drugs,Cycle,Foggy,Highways,Normal,Dawn,20.5937,78.9629,Morning
Kollam,18-30,Medium Risk,Changing lane to the right,Auto-Rickshaw,Foggy,Urban Road,Damaged,Dark,20.5937,78.9629,Morning
Kollam,31-50,Medium Risk,No priority to vehicle,Car,Clear,National Highway,Under Construction,Daylight,20.5937,78.9629,Evening
Kollam,31-50,Medium Risk,Changing lane to the left,Two-Wheeler,Clear,Urban Road,Normal,Dawn,20.5937,78.9629,Night
Kollam,18-30,Medium Risk,Driving carelessly,Truck,Clear,Village Road,Dry,Dawn,20.5937,78.9629,Morning
Kollam,31-50,Low Risk,No priority to pedestrian,Car,Stormy,Highways,Normal,Daylight,20.5937,78.9629,Morning
Kollam,31-50,Medium Risk,No priority to pedestrian,Truck,Rainy,State Highway,Normal,Dark,20.5937,78.9629,Evening
Kollam,18-30,Medium Risk,Changing lane to the right,Pedestrian,Clear,Village Road,Dry,Daylight,20.5937,78.9629,Evening
Kollam,31-50,Low Risk,Drunk driving,Auto-Rickshaw,Stormy,Highways,Normal,Daylight,20.5937,78.9629,Morning
Kollam,18-30,Low Risk,Changing lane to the left,Car,Stormy,Highways,Normal,Daylight,20.5937,78.9629,Night
Kollam,31-50,Medium Risk,Changing lane to the left,Two-Wheeler,Hazy,State Highway,Damaged,Dusk,20.5937,78.9629,Morning
Delhi,18-30,Low Risk,Driving to the left,Two-Wheeler,Foggy,Highways,Normal,Dawn,28.6139,77.209,Morning
Kota,50+,Medium Risk,Changing lane to the left,Bus,Clear,Village Road,Dry,Daylight,20.5937,78.9629,Night
Kota,31-50,Medium Risk,Driving under the influence of drugs,Car,Hazy,Highways,Normal,Daylight,20.5937,78.9629,Afternoon
Kota,18-30,Medium Risk,No priority to pedestrian,Auto-Rickshaw,Clear,Highways,Normal,Dawn,20.5937,78.9629,Morning
Kota,18-30,Medium Risk,Changing lane to the left,Pedestrian,Clear,National Highway,Wet,Daylight,20.5937,78.9629,Morning
Kota,31-50,Medium Risk,Moving Backward,Pedestrian,Rainy,National Highway,Dry,Dusk,20.5937,78.9629,Afternoon
Kota,18-30,Medium Risk,No distancing,Car,Clear,Urban Road,Under Construction,Daylight,20.5937,78.9629,Morning
Kota,31-50,Medium Risk,Changing lane to the right,Car,Clear,Village Road,Damaged,Daylight,20.5937,78.9629,Afternoon
Kota,18-30,Medium Risk,No priority to vehicle,Auto-Rickshaw,Stormy,State Highway,Normal,Dark,20.5937,78.9629,Afternoon
Kota,18-30,Medium Risk,Moving Backward,Car,Foggy,Village Road,Dry,Daylight,20.5937,78.9629,Afternoon
Kota,31-50,Medium Risk,Overtaking,Pedestrian,Clear,Village Road,Under Construction,Daylight,20.5937,78.9629,Morning
Amritsar,31-50,Low Risk,Changing lane to the left,Bus,Clear,Highways,Normal,Daylight,20.5937,78.9629,Afternoon
Kota,31-50,Medium Risk,Changing lane to the right,Auto-Rickshaw,Clear,State Highway,Wet,Daylight,20.5937,78.9629,Morning
Kota,31-50,Medium Risk,Overtaking,Truck,Clear,Highways,Normal,Daylight,20.5937,78.9629,Morning
Kota,18-30,Medium Risk,Overloading,Car,Clear,State Highway,Wet,Daylight,20.5937,78.9629,Night
Kota,18-30,Medium Risk,Other,Pedestrian,Rainy,State Highway,Under Construction,Dusk,20.5937,78.9629,Morning
Kota,18-30,Medium Risk,No priority to vehicle,Cycle,Hazy,State Highway,Dry,Dusk,20.5937,78.9629,Afternoon
Srinagar,31-50,Low Risk,Changing lane to the right,Cycle,Rainy,Highways,Normal,Daylight,20.5937,78.9629,Evening
Kota,31-50,Medium Risk,Moving Backward,Auto-Rickshaw,Clear,State Highway,Dry,Dawn,20.5937,78.9629,Afternoon
Kota,18-30,Medium Risk,Changing lane to the left,Pedestrian,Hazy,Highways,Normal,Dusk,20.5937,78.9629,Afternoon
Kota,18-30,Medium Risk,No priority to pedestrian,Pedestrian,Clear,National Highway,Wet,Daylight,20.5937,78.9629,Evening
Kota,18-30,Medium Risk,No distancing,Pedestrian,Clear,Village Road,Dry,Daylight,20.5937,78.9629,Morning
Kota,31-50,Medium Risk,No priority to vehicle,Truck,Stormy,Urban Road,Wet,Dawn,20.5937,78.9629,Night
Aurangabad,18-30,Low Risk,No distancing,Auto-Rickshaw,Rainy,Highways,Normal,Dark,20.5937,78.9629,Morning
Kota,31-50,Medium Risk,No distancing,Pedestrian,Stormy,National Highway,Damaged,Dawn,20.5937,78.9629,Night
Kota,18-30,High Risk,Moving Backward,Two-Wheeler,Hazy,Village Road,Wet,Daylight,20.5937,78.9629,Evening