Million_Plus_Cities,Age_band_of_driver,Accident_severity,Cause_of_accident,Vehicle Type Involved,Weather Conditions,Road Type,Road Condition,Lighting Conditions,Latitude,Longitude,Time_Block
Kota,18-30,Medium Risk,Changing lane to the right,Cycle,Clear,National Highway,Dry,Dark,20.5937,78.9629,Afternoon
Asansol Durgapur,18-30,Medium Risk,No priority to pedestrian,Two-Wheeler,Clear,Highways,Normal,Dusk,20.5937,78.9629,Evening
Kota,31-50,Medium Risk,Moving Backward,Pedestrian,Clear,Village Road,Wet,Dawn,20.5937,78.9629,Morning
Varanasi,18-30,Low Risk,Getting off the vehicle improperly,Auto-Rickshaw,Rainy,Highways,Normal,Daylight,25.3176,82.9739,Afternoon
Kota,18-30,Medium Risk,Overtaking,Bus,Clear,National Highway,Under Construction,Dawn,20.5937,78.9629,Morning
Lucknow,18-30,Medium Risk,Overloading,Two-Wheeler,Hazy,National Highway,Wet,Dark,26.8467,80.9462,Afternoon
Lucknow,18-30,Medium Risk,Changing lane to the right,Bus,Rainy,Highways,Normal,Daylight,26.8467,80.9462,Afternoon
Lucknow,18-30,Low Risk,Improper parking,Car,Hazy,Highways,Normal,Daylight,26.8467,80.9462,Night
Lucknow,18-30,Medium Risk,Other,Auto-Rickshaw,Clear,Urban Road,Dry,Dawn,26.8467,80.9462,Morning
Lucknow,18-30,Medium Risk,Changing lane to the left,Car,Clear,State Highway,Under Construction,Daylight,26.8467,80.9462,Morning
Lucknow,18-30,Medium Risk,Changing lane to the right,Cycle,Stormy,Village Road,Wet,Daylight,26.8467,80.9462,Night
Lucknow,31-50,Medium Risk,No priority to pedestrian,Car,Rainy,State Highway,Dry,Dawn,26.8467,80.9462,Night
Lucknow,50+,Medium Risk,Overspeed,Truck,Clear,Village Road,Under Construction,Dawn,26.8467,80.9462,Afternoon
Lucknow,31-50,Medium Risk,Changing lane to the left,Cycle,Clear,Urban Road,Wet,Dark,26.8467,80.9462,Morning
Lucknow,18-30,Low Risk,No priority to vehicle,Auto-Rickshaw,Clear,Highways,Normal,Dark,26.8467,80.9462,Night
Lucknow,18-30,Medium Risk,Changing lane to the right,Cycle,Clear,State Highway,Wet,Daylight,26.8467,80.9462,Afternoon
Lucknow,18-30,Low Risk,No distancing,Two-Wheeler,Stormy,Highways,Normal,Daylight,26.8467,80.9462,Morning
Lucknow,31-50,Medium Risk,No priority to pedestrian,Auto-Rickshaw,Clear,Urban Road,Under Construction,Dusk,26.8467,80.9462,Morning
Jodhpur,18-30,Low Risk,No distancing,Pedestrian,Stormy,Highways,Normal,Dark,20.5937,78.9629,Morning
Lucknow,18-30,Medium Risk,No priority to vehicle,Truck,Clear,Urban Road,Dry,Dawn,26.8467,80.9462,Afternoon
Lucknow,18-30,Medium Risk,Other,Pedestrian,Clear,State Highway,Normal,Dusk,26.8467,80.9462,Night
Lucknow,18-30,Medium Risk,Driving carelessly,Truck,Clear,Village Road,Wet,Dawn,26.8467,80.9462,Evening
Lucknow,50+,Medium Risk,Changing lane to the left,Car,Clear,Urban Road,Under Construction,Daylight,26.8467,80.9462,Night
Lucknow,18-30,Medium Risk,Driving carelessly,Two-Wheeler,Clear,State Highway,Wet,Dawn,26.8467,80.9462,Night
Lucknow,18-30,Medium Risk,Changing lane to the left,Car,Clear,National Highway,Damaged,Dusk,26.8467,80.9462,Morning
Lucknow,31-50,Medium Risk,No priority to vehicle,Bus,Rainy,State Highway,Dry,Daylight,26.8467,80.9462,Night
Lucknow,18-30,Medium Risk,No distancing,Pedestrian,Clear,Village Road,Damaged,Dawn,26.8467,80.9462,Evening
Lucknow,31-50,Medium Risk,Changing lane to the right,Pedestrian,Foggy,Village Road,Wet,Dusk,26.8467,80.9462,Night
Lucknow,31-50,Medium Risk,Changing lane to the right,Truck,Clear,Village Road,Under Construction,Dusk,26.8467,80.9462,Night
Lucknow,18-30,Medium Risk,Driving at high speed,Cycle,Stormy,State Highway,Under Construction,Daylight,26.8467,80.9462,Evening
Ghaziabad,31-50,Low Risk,No distancing,Auto-Rickshaw,Clear,Highways,Normal,Daylight,20.5937,78.9629,Morning
Lucknow,31-50,Medium Risk,Changing lane to the right,Car,Clear,Village Road,Wet,Dusk,26.8467,80.9462,Morning
Lucknow,18-30,Medium Risk,Changing lane to the left,Car,Hazy,State Highway,Under Construction,Dawn,26.8467,80.9462,Evening
Lucknow,31-50,Low Risk,Getting off the vehicle improperly,Car,Rainy,Highways,Normal,Dusk,26.8467,80.9462,Afternoon
Lucknow,18-30,Medium Risk,Other,Cycle,Hazy,Urban Road,Under Construction,Dusk,26.8467,80.9462,Night
Vizaq,31-50,Medium Risk,Other,Cycle,Clear,Highways,Normal,Dusk,20.5937,78.9629,Morning
Ludhiana,18-30,Medium Risk,No distancing,Pedestrian,Clear,State Highway,Under Construction,Daylight,20.5937,78.9629,Afternoon
Nashik,31-50,Medium Risk,No priority to vehicle,Auto-Rickshaw,Hazy,Highways,Normal,Daylight,20.5937,78.9629,Night
Ludhiana,31-50,Medium Risk,Overtaking,Auto-Rickshaw,Clear,National Highway,Under Construction,Daylight,20.5937,78.9629,Night
Ludhiana,50+,Medium Risk,No priority to pedestrian,Cycle,Clear,Village Road,Dry,Daylight,20.5937,78.9629,Night
Ludhiana,18-30,Medium Risk,No distancing,Cycle,Stormy,Urban Road,Damaged,Daylight,20.5937,78.9629,Night
Ludhiana,18-30,Medium Risk,Changing lane to the right,Cycle,Rainy,Highways,Normal,Daylight,20.5937,78.9629,Afternoon
Ludhiana,18-30,Medium Risk,Driving carelessly,Bus,Foggy,Urban Road,Wet,Daylight,20.5937,78.9629,Night
Jaipur,18-30,Low Risk,Changing lane to the right,Pedestrian,Clear,Highways,Normal,Dusk,26.9124,75.7873,Afternoon
Ludhiana,31-50,Low Risk,Overtaking,Cycle,Hazy,Highways,Normal,Dusk,20.5937,78.9629,Morning
Ludhiana,31-50,Medium Risk,Other,Auto-Rickshaw,Clear,National Highway,Damaged,Daylight,20.5937,78.9629,Night
Ludhiana,18-30,Medium Risk,Driving to the left,Car,Rainy,Urban Road,Damaged,Dark,20.5937,78.9629,Evening
Ludhiana,18-30,Medium Risk,Driving at high speed,Cycle,Clear,State Highway,Dry,Dusk,20.5937,78.9629,Morning
Ludhiana,18-30,Medium Risk,Unknown,Car,Rainy,State Highway,Damaged,Dawn,20.5937,78.9629,Morning
Aurangabad,31-50,Medium Risk,Changing lane to the right,Auto-Rickshaw,Foggy,Highways,Normal,Dawn,20.5937,78.9629,Night
Ludhiana,18-30,Medium Risk,No distancing,Car,Clear,State Highway,Wet,Dark,20.5937,78.9629,Night
Ludhiana,31-50,Medium Risk,Other,Car,Clear,Highways,Normal,Daylight,20.5937,78.9629,Afternoon
Ludhiana,18-30,Medium Risk,No priority to vehicle,Car,Rainy,Urban Road,Under Construction,Dawn,20.5937,78.9629,Morning
Ludhiana,31-50,Medium Risk,Changing lane to the left,Pedestrian,Clear,Village Road,Wet,Daylight,20.5937,78.9629,Morning
Ludhiana,18-30,Medium Risk,No priority to pedestrian,Two-Wheeler,Clear,Village Road,Under Construction,Daylight,20.5937,78.9629,Night
Ludhiana,18-30,Medium Risk,Overtaking,Cycle,Clear,Village Road,Damaged,Dusk,20.5937,78.9629,Evening
Patna,50+,Low Risk,Driving carelessly,Car,Clear,Highways,Normal,Daylight,25.5941,85.1376,Night
Ludhiana,18-30,Medium Risk,No priority to vehicle,Pedestrian,Clear,Urban Road,Wet,Dusk,20.5937,78.9629,Evening
Ludhiana,31-50,Medium Risk,No priority to pedestrian,Bus,Rainy,Urban Road,Dry,Dusk,20.5937,78.9629,Night
Ludhiana,50+,Medium Risk,Changing lane to the right,Car,Clear,State Highway,Damaged,Daylight,20.5937,78.9629,Night
Ludhiana,31-50,Medium Risk,Driving carelessly,Bus,Rainy,Urban Road,Dry,Daylight,20.5937,78.9629,Afternoon
Ludhiana,31-50,Medium Risk,Changing lane to the right,Bus,Clear,State Highway,Damaged,Daylight,20.5937,78.9629,Afternoon
Kollam,18-30,Low Risk,Changing lane to the right,Two-Wheeler,Clear,Highways,Normal,Dusk,20.5937,78.9629,Morning
Ludhiana,18-30,High Risk,Changing lane to the left,Car,Clear,Urban Road,Dry,Daylight,20.5937,78.9629,Night
Ludhiana,18-30,High Risk,Overturning,Car,Clear,Village Road,Wet,Daylight,20.5937,78.9629,Evening
Faridabad,18-30,Low Risk,Driving carelessly,Pedestrian,Clear,Highways,Normal,Daylight,20.5937,78.9629,Morning
Madurai,18-30,Medium Risk,No distancing,Bus,Clear,Urban Road,Wet,Dusk,20.5937,78.9629,Night
Faridabad,50+,Low Risk,Driving carelessly,Auto-Rickshaw,Clear,Highways,Normal,Dusk,20.5937,78.9629,Morning
Madurai,18-30,Medium Risk,Changing lane to the left,Car,Hazy,Urban Road,Dry,Dark,20.5937,78.9629,Morning
Madurai,31-50,Medium Risk,No priority to vehicle,Truck,Clear,Highways,Normal,Dark,20.5937,78.9629,Night
Madurai,18-30,Medium Risk,Changing lane to the right,Pedestrian,Clear,Village Road,Wet,Dusk,20.5937,78.9629,Afternoon
Madurai,18-30,Medium Risk,No distancing,Car,Clear,National Highway,Under Construction,Dusk,20.5937,78.9629,Night
Kota,18-30,Medium Risk,Moving Backward,Cycle,Clear,Highways,Normal,Daylight,20.5937,78.9629,Afternoon
Madurai,18-30,Medium Risk,Moving Backward,Car,Clear,State Highway,Wet,Dusk,20.5937,78.9629,Morning
Madurai,31-50,Medium Risk,No distancing,Auto-Rickshaw,Clear,Urban Road,Dry,Daylight,20.5937,78.9629,Evening
Madurai,18-30,Medium Risk,No distancing,Two-Wheeler,Clear,Highways,Normal,Dawn,20.5937,78.9629,Morning
Madurai,18-30,Medium Risk,No distancing,Two-Wheeler,Clear,National Highway,Wet,Daylight,20.5937,78.9629,Night
Madurai,50+,Medium Risk,No priority to pedestrian,Auto-Rickshaw,Clear,State Highway,Dry,Dark,20.5937,78.9629,Morning
Madurai,18-30,Medium Risk,Driving carelessly,Pedestrian,Clear,Village Road,Dry,Daylight,20.5937,78.9629,Night
Madurai,18-30,Medium Risk,Changing lane to the right,Auto-Rickshaw,Clear,Urban Road,Dry,Daylight,20.5937,78.9629,Evening
Madurai,18-30,Medium Risk,Changing lane to the left,Car,Foggy,National Highway,Normal,Daylight,20.5937,78.9629,Night
Madurai,50+,Medium Risk,Driving carelessly,Two-Wheeler,Clear,State Highway,Dry,Dusk,20.5937,78.9629,Afternoon
Madurai,31-50,Medium Risk,Driving carelessly,Two-Wheeler,Hazy,State Highway,Normal,Daylight,20.5937,78.9629,Morning
Madurai,31-50,Medium Risk,No distancing,Car,Clear,State Highway,Damaged,Dusk,20.5937,78.9629,Night
Madurai,18-30,Medium Risk,Other,Truck,Clear,State Highway,Damaged,Dark,20.5937,78.9629,Morning
Madurai,18-30,Medium Risk,Changing lane to the right,Two-Wheeler,Stormy,Village Road,Under Construction,Dusk,20.5937,78.9629,Morning
Madurai,18-30,Medium Risk,Changing lane to the right,Auto-Rickshaw,Clear,Village Road,Damaged,Daylight,20.5937,78.9629,Afternoon
Madurai,18-30,Medium Risk,No distancing,Bus,Rainy,Highways,Normal,Daylight,20.5937,78.9629,Morning
Madurai,18-30,Medium Risk,No distancing,Two-Wheeler,Clear,Urban Road,Wet,Daylight,20.5937,78.9629,Night
Madurai,31-50,Medium Risk,Overturning,Truck,Clear,State Highway,Under Construction,Daylight,20.5937,78.9629,Night
Madurai,18-30,Medium Risk,Driving at high speed,Cycle,Clear,Urban Road,Wet,Dark,20.5937,78.9629,Morning
Madurai,18-30,Medium Risk,No priority to vehicle,Car,Clear,National Highway,Wet,Dark,20.5937,78.9629,Night
Madurai,18-30,Low Risk,No priority to pedestrian,Pedestrian,Clear,Highways,Normal,Dark,20.5937,78.9629,Night
Mumbai,18-30,Low Risk,No priority to vehicle,Cycle,Clear,Highways,Normal,Dawn,19.076,72.8777,Evening
Madurai,18-30,Medium Risk,Other,Truck,Foggy,Urban Road,Damaged,Daylight,20.5937,78.9629,Night
Kollam,18-30,Low Risk,Other,Auto-Rickshaw,Hazy,Highways,Normal,Dusk,20.5937,78.9629,Night
Mallapuram,50+,Medium Risk,Moving Backward,Car,Foggy,State Highway,Under Construction,Daylight,20.5937,78.9629,Evening
Mallapuram,31-50,Medium Risk,No distancing,Cycle,Hazy,State Highway,Under Construction,Dark,20.5937,78.9629,Morning
Mallapuram,18-30,Medium Risk,Moving Backward,Cycle,Clear,Urban Road,Under Construction,Daylight,20.5937,78.9629,Morning
Mallapuram,18-30,Medium Risk,No priority to vehicle,Auto-Rickshaw,Hazy,National Highway,Normal,Daylight,20.5937,78.9629,Night
Mallapuram,50+,Medium Risk,Driving carelessly,Bus,Clear,Highways,Normal,Daylight,20.5937,78.9629,Night
Mallapuram,18-30,Medium Risk,No distancing,Car,Foggy,Urban Road,Dry,Daylight,20.5937,78.9629,Morning
Jabalpur,50+,Low Risk,Other,Two-Wheeler,Clear,Highways,Normal,Daylight,20.5937,78.9629,Morning
Mallapuram,31-50,Medium Risk,Changing lane to the right,Car,Clear,Village Road,Damaged,Dusk,20.5937,78.9629,Afternoon
Mallapuram,31-50,Medium Risk,No distancing,Auto-Rickshaw,Stormy,Village Road,Under Construction,Daylight,20.5937,78.9629,Evening
Madurai,18-30,Low Risk,Driving carelessly,Car,Rainy,Highways,Normal,Dark,20.5937,78.9629,Afternoon
Tiruchirapalli,31-50,Medium Risk,No distancing,Bus,Rainy,Highways,Normal,Dusk,20.5937,78.9629,Afternoon
Mallapuram,31-50,Medium Risk,No priority to vehicle,Cycle,Foggy,Village Road,Wet,Dawn,20.5937,78.9629,Morning
Mallapuram,31-50,Low Risk,Changing lane to the right,Car,Clear,Highways,Normal,Dawn,20.5937,78.9629,Morning
Mallapuram,31-50,Medium Risk,No priority to pedestrian,Truck,Stormy,Village Road,Under Construction,Daylight,20.5937,78.9629,Evening
Mallapuram,18-30,Medium Risk,No priority to vehicle,Cycle,Clear,Urban Road,Dry,Dark,20.5937,78.9629,Morning
Mallapuram,18-30,Medium Risk,Changing lane to the left,Car,Hazy,Highways,Normal,Dark,20.5937,78.9629,Afternoon
Mallapuram,31-50,Medium Risk,Turnover,Pedestrian,Clear,National Highway,Wet,Dark,20.5937,78.9629,Evening
Mallapuram,31-50,Medium Risk,Driving to the left,Two-Wheeler,Clear,Urban Road,Under Construction,Dusk,20.5937,78.9629,Afternoon
Mallapuram,18-30,Medium Risk,Driving carelessly,Pedestrian,Stormy,Highways,Normal,Dawn,20.5937,78.9629,Night
Mallapuram,50+,Medium Risk,Driving to the left,Two-Wheeler,Stormy,Village Road,Wet,Daylight,20.5937,78.9629,Afternoon
Mallapuram,18-30,Low Risk,Driving carelessly,Cycle,Stormy,Highways,Normal,Dawn,20.5937,78.9629,Night
Mallapuram,31-50,Medium Risk,No priority to pedestrian,Cycle,Clear,Urban Road,Dry,Dark,20.5937,78.9629,Night
Mallapuram,18-30,Medium Risk,Driving carelessly,Car,Clear,State Highway,Dry,Dusk,20.5937,78.9629,Morning
Mallapuram,50+,Medium Risk,Changing lane to the right,Two-Wheeler,Foggy,Village Road,Wet,Daylight,20.5937,78.9629,Night
Mallapuram,18-30,Medium Risk,Moving Backward,Pedestrian,Clear,Urban Road,Wet,Dusk,20.5937,78.9629,Afternoon
Mallapuram,18-30,Medium Risk,Driving carelessly,Car,Clear,Village Road,Wet,Dark,20.5937,78.9629,Morning
Mallapuram,18-30,Medium Risk,Changing lane to the right,Auto-Rickshaw,Clear,Village Road,Wet,Daylight,20.5937,78.9629,Evening
Mallapuram,31-50,Medium Risk,Driving carelessly,Car,Stormy,National Highway,Dry,Dark,20.5937,78.9629,Night
Mallapuram,18-30,Medium Risk,Driving carelessly,Truck,Foggy,National Highway,Damaged,Dusk,20.5937,78.9629,Night
Meerut,18-30,Medium Risk,Driving carelessly,Cycle,Clear,Urban Road,Damaged,Daylight,20.5937,78.9629,Night
Meerut,50+,Medium Risk,Changing lane to the right,Two-Wheeler,Foggy,Urban Road,Dry,Daylight,20.5937,78.9629,Night
Meerut,31-50,Medium Risk,Changing lane to the right,Truck,Rainy,Village Road,Damaged,Daylight,20.5937,78.9629,Morning
Ahmedabad,18-30,Low Risk,Driving carelessly,Pedestrian,Clear,Highways,Normal,Dark,23.0225,72.5714,Evening
Meerut,31-50,Medium Risk,Overtaking,Auto-Rickshaw,Clear,Highways,Normal,Daylight,20.5937,78.9629,Evening
Meerut,18-30,Medium Risk,Changing lane to the right,Two-Wheeler,Rainy,Village Road,Damaged,Daylight,20.5937,78.9629,Morning
Meerut,31-50,Medium Risk,No distancing,Car,Clear,Village Road,Under Construction,Daylight,20.5937,78.9629,Afternoon
Meerut,18-30,Medium Risk,Other,Auto-Rickshaw,Foggy,National Highway,Under Construction,Dark,20.5937,78.9629,Night
Meerut,18-30,Medium Risk,Changing lane to the right,Car,Clear,National Highway,Damaged,Dark,20.5937,78.9629,Morning
Meerut,31-50,Medium Risk,Changing lane to the right,Auto-Rickshaw,Clear,Urban Road,Under Construction,Daylight,20.5937,78.9629,Night
Meerut,18-30,Medium Risk,Overtaking,Car,Clear,Village Road,Wet,Dawn,20.5937,78.9629,Night
Meerut,18-30,Medium Risk,Other,Truck,Clear,State Highway,Under Construction,Daylight,20.5937,78.9629,Morning
Kanpur,18-30,Low Risk,Driving to the left,Two-Wheeler,Clear,Highways,Normal,Daylight,26.4499,80.3319,Evening
Meerut,31-50,Medium Risk,Overtaking,Bus,Rainy,Urban Road,Dry,Daylight,20.5937,78.9629,Night
Meerut,31-50,Medium Risk,No priority to vehicle,Bus,Clear,Urban Road,Under Construction,Daylight,20.5937,78.9629,Night
Meerut,31-50,Medium Risk,Moving Backward,Bus,Hazy,State Highway,Normal,Daylight,20.5937,78.9629,Morning
Varanasi,31-50,Medium Risk,Other,Car,Hazy,Highways,Normal,Daylight,25.3176,82.9739,Evening
Meerut,18-30,Medium Risk,No priority to vehicle,Two-Wheeler,Clear,Urban Road,Dry,Dawn,20.5937,78.9629,Night
Meerut,18-30,Medium Risk,No priority to pedestrian,Cycle,Clear,Urban Road,Under Construction,Daylight,20.5937,78.9629,Morning
Meerut,31-50,Medium Risk,Changing lane to the right,Car,Hazy,Highways,Normal,Daylight,20.5937,78.9629,Night
Vadodra,31-50,Low Risk,Changing lane to the right,Car,Rainy,Highways,Normal,Dusk,20.5937,78.9629,Morning
Meerut,18-30,Low Risk,Changing lane to the right,Cycle,Foggy,Highways,Normal,Dark,20.5937,78.9629,Night
Meerut,18-30,Medium Risk,Driving to the left,Bus,Clear,State Highway,Dry,Daylight,20.5937,78.9629,Morning
Meerut,18-30,Medium Risk,Changing lane to the left,Two-Wheeler,Clear,Urban Road,Damaged,Daylight,20.5937,78.9629,Morning
Meerut,31-50,Medium Risk,Moving Backward,Car,Clear,National Highway,Wet,Daylight,20.5937,78.9629,Night
Meerut,50+,Medium Risk,Driving at high speed,Auto-Rickshaw,Clear,State Highway,Under Construction,Daylight,20.5937,78.9629,Night
Meerut,18-30,Medium Risk,Moving Backward,Pedestrian,Clear,Urban Road,Wet,Daylight,20.5937,78.9629,Afternoon
Meerut,31-50,Medium Risk,No distancing,Two-Wheeler,Rainy,Urban Road,Normal,Daylight,20.5937,78.9629,Night
Meerut,18-30,Medium Risk,Other,Two-Wheeler,Clear,Highways,Normal,Dusk,20.5937,78.9629,Evening
Meerut,18-30,Medium Risk,No priority to vehicle,Auto-Rickshaw,Clear,State Highway,Dry,Dark,20.5937,78.9629,Night
Mumbai,31-50,Low Risk,Changing lane to the right,Pedestrian,Rainy,Highways,Normal,Dark,19.076,72.8777,Evening
Mumbai,18-30,Medium Risk,Other,Two-Wheeler,Clear,State Highway,Damaged,Daylight,19.076,72.8777,Morning
Thiruvanthapuram,18-30,Low Risk,No distancing,Bus,Stormy,Highways,Normal,Dark,20.5937,78.9629,Morning
Mumbai,18-30,Medium Risk,Driving carelessly,Two-Wheeler,Clear,Highways,Normal,Daylight,19.076,72.8777,Afternoon
Mumbai,18-30,Medium Risk,No distancing,Cycle,Foggy,National Highway,Damaged,Daylight,19.076,72.8777,Morning
Mumbai,18-30,Medium Risk,Moving Backward,Pedestrian,Stormy,Village Road,Normal,Dusk,19.076,72.8777,Evening
Mumbai,18-30,Low Risk,No distancing,Auto-Rickshaw,Stormy,Highways,Normal,Daylight,19.076,72.8777,Afternoon
Mumbai,31-50,Medium Risk,Moving Backward,Truck,Clear,Village Road,Wet,Dark,19.076,72.8777,Evening
Mumbai,18-30,Medium Risk,No priority to pedestrian,Auto-Rickshaw,Hazy,Urban Road,Wet,Daylight,19.076,72.8777,Morning
Mumbai,18-30,Medium Risk,Changing lane to the left,Two-Wheeler,Rainy,Village Road,Damaged,Daylight,19.076,72.8777,Morning
Mumbai,18-30,Medium Risk,No distancing,Truck,Rainy,National Highway,Wet,Daylight,19.076,72.8777,Night
Mumbai,31-50,Medium Risk,Other,Pedestrian,Foggy,Highways,Normal,Daylight,19.076,72.8777,Morning
Mumbai,31-50,Medium Risk,No distancing,Car,Rainy,Urban Road,Under Construction,Daylight,19.076,72.8777,Afternoon
Mumbai,18-30,Medium Risk,No priority to pedestrian,Car,Hazy,National Highway,Wet,Daylight,19.076,72.8777,Evening
Mumbai,18-30,Medium Risk,Moving Backward,Car,Clear,Highways,Normal,Daylight,19.076,72.8777,Morning
Indore,31-50,Medium Risk,No priority to pedestrian,Cycle,Clear,Highways,Normal,Daylight,20.5937,78.9629,Afternoon
Mumbai,18-30,Medium Risk,No distancing,Cycle,Clear,Village Road,Wet,Daylight,19.076,72.8777,Night
Mumbai,18-30,Medium Risk,No priority to pedestrian,Car,Foggy,Village Road,Dry,Dusk,19.076,72.8777,Morning
Mumbai,18-30,Medium Risk,Moving Backward,Pedestrian,Rainy,Highways,Normal,Dusk,19.076,72.8777,Evening
Hyderabad,18-30,Low Risk,Overtaking,Auto-Rickshaw,Clear,Highways,Normal,Daylight,17.385,78.4867,Evening
Mumbai,31-50,Medium Risk,Changing lane to the left,Pedestrian,Clear,Urban Road,Under Construction,Dusk,19.076,72.8777,Morning
Vijaywada city,50+,Low Risk,Changing lane to the right,Pedestrian,Foggy,Highways,Normal,Dusk,20.5937,78.9629,Night
Mumbai,18-30,Low Risk,Overtaking,Auto-Rickshaw,Clear,Highways,Normal,Dawn,19.076,72.8777,Morning
Madurai,50+,Low Risk,Overloading,Two-Wheeler,Clear,Highways,Normal,Dark,20.5937,78.9629,Night
Mumbai,31-50,Medium Risk,Other,Cycle,Clear,State Highway,Normal,Daylight,19.076,72.8777,Night
Mumbai,31-50,Medium Risk,No priority to vehicle,Car,Hazy,Village Road,Wet,Daylight,19.076,72.8777,Evening
Mumbai,31-50,Medium Risk,Changing lane to the right,Car,Clear,Highways,Normal,Daylight,19.076,72.8777,Morning
Thrissur,18-30,Low Risk,Moving Backward,Auto-Rickshaw,Foggy,Highways,Normal,Daylight,20.5937,78.9629,Afternoon
Mumbai,18-30,Medium Risk,Changing lane to the left,Truck,Stormy,Urban Road,Wet,Dawn,19.076,72.8777,Evening
Mumbai,18-30,Medium Risk,No priority to pedestrian,Car,Foggy,State Highway,Dry,Dawn,19.076,72.8777,Morning
Nagpur,31-50,Medium Risk,No distancing,Cycle,Clear,National Highway,Wet,Daylight,20.5937,78.9629,Morning
Nagpur,31-50,Medium Risk,No priority to vehicle,Car,Clear,Village Road,Under Construction,Dawn,20.5937,78.9629,Afternoon
Nagpur,18-30,Medium Risk,No distancing,Two-Wheeler,Clear,State Highway,Normal,Daylight,20.5937,78.9629,Afternoon
Hyderabad,31-50,Low Risk,No distancing,Auto-Rickshaw,Foggy,Highways,Normal,Dark,17.385,78.4867,Afternoon
Nagpur,31-50,Medium Risk,Moving Backward,Cycle,Rainy,Village Road,Dry,Dusk,20.5937,78.9629,Evening
Nagpur,18-30,Medium Risk,Changing lane to the right,Car,Rainy,Village Road,Normal,Dawn,20.5937,78.9629,Night
Nagpur,31-50,Low Risk,No priority to pedestrian,Auto-Rickshaw,Clear,Highways,Normal,Dusk,20.5937,78.9629,Night
Nagpur,18-30,Low Risk,Moving Backward,Auto-Rickshaw,Stormy,Highways,Normal,Daylight,20.5937,78.9629,Night
Nagpur,31-50,Medium Risk,Getting off the vehicle improperly,Car,Clear,Village Road,Damaged,Dawn,20.5937,78.9629,Night
Nagpur,31-50,Medium Risk,Overtaking,Pedestrian,Clear,Village Road,Damaged,Daylight,20.5937,78.9629,Night
Nagpur,50+,Medium Risk,Overloading,Auto-Rickshaw,Rainy,Village Road,Wet,Dark,20.5937,78.9629,Night
Nagpur,18-30,Low Risk,Changing lane to the right,Two-Wheeler,Clear,Highways,Normal,Dusk,20.5937,78.9629,Afternoon
Nagpur,18-30,High Risk,Improper parking,Two-Wheeler,Clear,State Highway,Wet,Daylight,20.5937,78.9629,Night
Nagpur,18-30,High Risk,Other,Cycle,Stormy,Urban Road,Wet,Daylight,20.5937,78.9629,Morning
Nagpur,18-30,Medium Risk,Changing lane to the left,Car,Clear,Highways,Normal,Dusk,20.5937,78.9629,Night
Nagpur,31-50,Medium Risk,Changing lane to the right,Truck,Rainy,Urban Road,Wet,Dawn,20.5937,78.9629,Morning
Nagpur,18-30,Medium Risk,No priority to pedestrian,Bus,Stormy,State Highway,Wet,Daylight,20.5937,78.9629,Evening
Nagpur,31-50,Medium Risk,Overspeed,Auto-Rickshaw,Clear,National Highway,Dry,Daylight,20.5937,78.9629,Night
Aurangabad,31-50,Low Risk,Changing lane to the left,Two-Wheeler,Stormy,Highways,Normal,Dusk,20.5937,78.9629,Morning
Nagpur,18-30,Medium Risk,No priority to vehicle,Car,Clear,Urban Road,Damaged,Daylight,20.5937,78.9629,Night
Nagpur,18-30,Medium Risk,Changing lane to the right,Pedestrian,Clear,State Highway,Dry,Dawn,20.5937,78.9629,Morning
Nagpur,31-50,Low Risk,No distancing,Car,Rainy,Highways,Normal,Dusk,20.5937,78.9629,Night
Nagpur,50+,Medium Risk,No priority to pedestrian,Bus,Clear,Village Road,Under Construction,Dark,20.5937,78.9629,Night
Nagpur,31-50,Medium Risk,No distancing,Two-Wheeler,Hazy,National Highway,Under Construction,Daylight,20.5937,78.9629,Morning
Nagpur,18-30,Medium Risk,No priority to vehicle,Truck,Hazy,National Highway,Damaged,Dawn,20.5937,78.9629,Afternoon
Nagpur,31-50,Medium Risk,Other,Two-Wheeler,Rainy,State Highway,Normal,Daylight,20.5937,78.9629,Morning
Nagpur,31-50,Medium Risk,Driving carelessly,Car,Clear,Highways,Normal,Dark,20.5937,78.9629,Night
Nagpur,31-50,Medium Risk,Changing lane to the left,Auto-Rickshaw,Foggy,Village Road,Wet,Dawn,20.5937,78.9629,Afternoon
Kannur,18-30,Low Risk,Driving carelessly,Car,Clear,Highways,Normal,Daylight,20.5937,78.9629,Night
Nagpur,18-30,Medium Risk,Changing lane to the left,Bus,Stormy,National Highway,Dry,Daylight,20.5937,78.9629,Evening
Nashik,18-30,Medium Risk,No priority to vehicle,Pedestrian,Clear,Urban Road,Wet,Daylight,20.5937,78.9629,Afternoon
Nashik,18-30,Medium Risk,No distancing,Cycle,Clear,State Highway,Dry,Daylight,20.5937,78.9629,Afternoon
Nashik,31-50,Medium Risk,Changing lane to the right,Pedestrian,Clear,Highways,Normal,Dark,20.5937,78.9629,Night
Nashik,18-30,Medium Risk,Changing lane to the right,Truck,Rainy,Urban Road,Damaged,Daylight,20.5937,78.9629,Night
Bhopal,18-30,Low Risk,Driving at high speed,Bus,Clear,Highways,Normal,Daylight,20.5937,78.9629,Night
Dhanbad,18-30,Medium Risk,No distancing,Bus,Stormy,Highways,Normal,Daylight,20.5937,78.9629,Night
Nashik,18-30,Medium Risk,Changing lane to the right,Car,Stormy,Urban Road,Damaged,Daylight,20.5937,78.9629,Night