Million_Plus_Cities,Age_band_of_driver,Accident_severity,Cause_of_accident,Vehicle Type Involved,Weather Conditions,Road Type,Road Condition,Lighting Conditions,Latitude,Longitude,Time_Block
Nashik,18-30,Medium Risk,Changing lane to the left,Two-Wheeler,Clear,Highways,Normal,Daylight,20.5937,78.9629,Afternoon
Nashik,50+,Medium Risk,Getting off the vehicle improperly,Bus,Clear,State Highway,Wet,Daylight,20.5937,78.9629,Night
Nashik,18-30,Medium Risk,Other,Car,Rainy,National Highway,Damaged,Daylight,20.5937,78.9629,Morning
Indore,18-30,Low Risk,Other,Two-Wheeler,Foggy,Highways,Normal,Dawn,20.5937,78.9629,Evening
Aurangabad,31-50,Low Risk,No distancing,Two-Wheeler,Foggy,Highways,Normal,Daylight,20.5937,78.9629,Morning
Nashik,18-30,Medium Risk,No priority to vehicle,Car,Rainy,Highways,Normal,Dawn,20.5937,78.9629,Morning
Nashik,18-30,Medium Risk,Overtaking,Car,Clear,State Highway,Under Construction,Dusk,20.5937,78.9629,Night
Nashik,31-50,Medium Risk,No priority to pedestrian,Truck,Rainy,Urban Road,Under Construction,Daylight,20.5937,78.9629,Night
Nashik,31-50,Medium Risk,No distancing,Bus,Clear,State Highway,Normal,Dark,20.5937,78.9629,Night
Nashik,31-50,Medium Risk,Changing lane to the right,Cycle,Clear,State Highway,Damaged,Daylight,20.5937,78.9629,Afternoon
Nashik,18-30,Medium Risk,Driving carelessly,Cycle,Foggy,Highways,Normal,Daylight,20.5937,78.9629,Morning
Nashik,18-30,Medium Risk,Changing lane to the right,Cycle,Clear,Urban Road,Wet,Dusk,20.5937,78.9629,Night
Nashik,31-50,Medium Risk,Overtaking,Auto-Rickshaw,Hazy,Urban Road,Dry,Daylight,20.5937,78.9629,Night
Nashik,31-50,Medium Risk,Other,Pedestrian,Clear,Urban Road,Dry,Dark,20.5937,78.9629,Night
Nashik,31-50,Medium Risk,Driving to the left,Car,Foggy,Village Road,Normal,Dawn,20.5937,78.9629,Night
Nashik,31-50,Medium Risk,Driving at high speed,Bus,Stormy,Village Road,Under Construction,Dusk,20.5937,78.9629,Evening
Nashik,50+,Medium Risk,Unknown,Car,Clear,Highways,Normal,Daylight,20.5937,78.9629,Night
Nashik,50+,Medium Risk,Changing lane to the right,Car,Stormy,Village Road,Under Construction,Daylight,20.5937,78.9629,Night
Nashik,31-50,Medium Risk,No distancing,Cycle,Hazy,Village Road,Under Construction,Dawn,20.5937,78.9629,Morning
Nashik,31-50,Medium Risk,Other,Auto-Rickshaw,Rainy,State Highway,Dry,Dark,20.5937,78.9629,Evening
Surat,50+,Low Risk,No priority to vehicle,Cycle,Hazy,Highways,Normal,Dark,21.1702,72.8311,Night
Nashik,18-30,Medium Risk,Changing lane to the left,Car,Hazy,Highways,Normal,Daylight,20.5937,78.9629,Morning
Nashik,18-30,Medium Risk,No priority to pedestrian,Car,Stormy,Highways,Normal,Dawn,20.5937,78.9629,Night
Patna,50+,Low Risk,Overtaking,Pedestrian,Hazy,Highways,Normal,Dawn,25.5941,85.1376,Night
Kota,31-50,Medium Risk,Driving carelessly,Auto-Rickshaw,Clear,Highways,Normal,Dawn,20.5937,78.9629,Afternoon
Patna,18-30,Low Risk,No priority to vehicle,Truck,Clear,Highways,Normal,Dusk,25.5941,85.1376,Afternoon
Patna,31-50,Low Risk,No priority to pedestrian,Car,Clear,Highways,Normal,Dawn,25.5941,85.1376,Evening
Patna,31-50,Medium Risk,Changing lane to the right,Car,Hazy,State Highway,Wet,Daylight,25.5941,85.1376,Night
Patna,18-30,Medium Risk,Moving Backward,Truck,Foggy,Urban Road,Normal,Daylight,25.5941,85.1376,Morning
Patna,31-50,Medium Risk,Overtaking,Cycle,Clear,National Highway,Under Construction,Dusk,25.5941,85.1376,Evening
Patna,18-30,Medium Risk,Changing lane to the left,Car,Foggy,Village Road,Damaged,Dawn,25.5941,85.1376,Night
Patna,50+,Low Risk,Changing lane to the right,Pedestrian,Rainy,Highways,Normal,Dawn,25.5941,85.1376,Afternoon
Patna,18-30,Medium Risk,Overtaking,Bus,Clear,National Highway,Damaged,Daylight,25.5941,85.1376,Night
Patna,18-30,Medium Risk,Overloading,Cycle,Hazy,Urban Road,Dry,Dark,25.5941,85.1376,Morning
Patna,31-50,Low Risk,Other,Bus,Clear,Highways,Normal,Dawn,25.5941,85.1376,Morning
Patna,18-30,Medium Risk,No priority to vehicle,Pedestrian,Rainy,State Highway,Damaged,Dawn,25.5941,85.1376,Afternoon
Patna,18-30,Low Risk,Changing lane to the right,Car,Clear,Highways,Normal,Dawn,25.5941,85.1376,Morning
Patna,18-30,Medium Risk,Moving Backward,Pedestrian,Hazy,Village Road,Under Construction,Daylight,25.5941,85.1376,Afternoon
Patna,31-50,Medium Risk,Changing lane to the left,Auto-Rickshaw,Stormy,National Highway,Dry,Dusk,25.5941,85.1376,Morning
Patna,18-30,Medium Risk,No priority to pedestrian,Car,Hazy,State Highway,Normal,Dawn,25.5941,85.1376,Morning
Patna,31-50,Low Risk,No distancing,Car,Clear,Highways,Normal,Daylight,25.5941,85.1376,Night
Patna,31-50,Medium Risk,No priority to vehicle,Pedestrian,Foggy,Urban Road,Damaged,Dusk,25.5941,85.1376,Morning
Patna,18-30,Medium Risk,No distancing,Bus,Clear,Village Road,Dry,Daylight,25.5941,85.1376,Afternoon
Patna,18-30,Medium Risk,No distancing,Car,Clear,National Highway,Wet,Dusk,25.5941,85.1376,Morning
Patna,18-30,Medium Risk,Moving Backward,Two-Wheeler,Clear,Village Road,Wet,Daylight,25.5941,85.1376,Night
Patna,18-30,Medium Risk,Changing lane to the right,Car,Rainy,Urban Road,Damaged,Daylight,25.5941,85.1376,Morning
Patna,31-50,Medium Risk,No priority to pedestrian,Pedestrian,Clear,Urban Road,Wet,Dark,25.5941,85.1376,Morning
Patna,31-50,Medium Risk,Moving Backward,Auto-Rickshaw,Foggy,Urban Road,Under Construction,Daylight,25.5941,85.1376,Night
Patna,31-50,Medium Risk,Getting off the vehicle improperly,Car,Clear,National Highway,Damaged,Daylight,25.5941,85.1376,Evening
Patna,18-30,Medium Risk,Overtaking,Pedestrian,Stormy,State Highway,Wet,Dawn,25.5941,85.1376,Night
Patna,18-30,Medium Risk,Overloading,Cycle,Rainy,State Highway,Damaged,Daylight,25.5941,85.1376,Night
Patna,18-30,Medium Risk,Changing lane to the right,Two-Wheeler,Foggy,Urban Road,Wet,Dusk,25.5941,85.1376,Afternoon
Dhanbad,31-50,Medium Risk,Improper parking,Pedestrian,Foggy,Highways,Normal,Dawn,20.5937,78.9629,Night
Pune,18-30,Medium Risk,Other,Auto-Rickshaw,Clear,Village Road,Damaged,Dusk,18.5204,73.8567,Evening
Pune,18-30,Medium Risk,Changing lane to the left,Pedestrian,Rainy,National Highway,Wet,Daylight,18.5204,73.8567,Morning
Raipur,31-50,Low Risk,Changing lane to the right,Auto-Rickshaw,Clear,Highways,Normal,Daylight,20.5937,78.9629,Afternoon
Pune,31-50,Medium Risk,No priority to pedestrian,Pedestrian,Clear,National Highway,Normal,Daylight,18.5204,73.8567,Night
Pune,31-50,Medium Risk,Overspeed,Car,Clear,Highways,Normal,Dusk,18.5204,73.8567,Morning
Pune,31-50,Low Risk,Changing lane to the left,Pedestrian,Rainy,Highways,Normal,Daylight,18.5204,73.8567,Morning
Pune,31-50,Low Risk,No priority to vehicle,Cycle,Clear,Highways,Normal,Dark,18.5204,73.8567,Afternoon
Gwalior,50+,Medium Risk,Changing lane to the right,Pedestrian,Rainy,Highways,Normal,Dark,20.5937,78.9629,Morning
Pune,31-50,Medium Risk,No distancing,Bus,Foggy,State Highway,Dry,Daylight,18.5204,73.8567,Night
Pune,18-30,Medium Risk,No priority to pedestrian,Truck,Rainy,Highways,Normal,Dawn,18.5204,73.8567,Evening
Pune,18-30,Medium Risk,No distancing,Car,Clear,State Highway,Wet,Daylight,18.5204,73.8567,Evening
Pune,31-50,Medium Risk,No priority to vehicle,Two-Wheeler,Clear,Village Road,Dry,Daylight,18.5204,73.8567,Morning
Pune,18-30,Medium Risk,Other,Car,Rainy,Urban Road,Under Construction,Daylight,18.5204,73.8567,Morning
Kanpur,31-50,Low Risk,Driving carelessly,Bus,Hazy,Highways,Normal,Dusk,26.4499,80.3319,Night
Pune,18-30,Medium Risk,Changing lane to the left,Two-Wheeler,Foggy,State Highway,Damaged,Dusk,18.5204,73.8567,Evening
Pune,18-30,Medium Risk,Driving carelessly,Bus,Foggy,Highways,Normal,Dark,18.5204,73.8567,Morning
Pune,18-30,Medium Risk,Changing lane to the left,Truck,Clear,Highways,Normal,Dusk,18.5204,73.8567,Morning
Thiruvanthapuram,18-30,Medium Risk,No priority to vehicle,Auto-Rickshaw,Rainy,Highways,Normal,Daylight,20.5937,78.9629,Afternoon
Pune,18-30,Medium Risk,No distancing,Two-Wheeler,Clear,National Highway,Under Construction,Daylight,18.5204,73.8567,Morning
Pune,18-30,Medium Risk,Changing lane to the right,Car,Stormy,National Highway,Under Construction,Daylight,18.5204,73.8567,Evening
Meerut,18-30,Low Risk,Changing lane to the right,Pedestrian,Hazy,Highways,Normal,Dusk,20.5937,78.9629,Morning
Pune,18-30,Medium Risk,Driving at high speed,Auto-Rickshaw,Foggy,State Highway,Dry,Daylight,18.5204,73.8567,Morning
Pune,18-30,Medium Risk,No distancing,Car,Stormy,Highways,Normal,Dawn,18.5204,73.8567,Afternoon
Pune,18-30,Medium Risk,Changing lane to the right,Car,Clear,Urban Road,Damaged,Dark,18.5204,73.8567,Night
Pune,18-30,Medium Risk,Changing lane to the left,Bus,Clear,State Highway,Wet,Daylight,18.5204,73.8567,Morning
Pune,18-30,Medium Risk,Getting off the vehicle improperly,Truck,Stormy,Village Road,Dry,Dusk,18.5204,73.8567,Evening
Ghaziabad,18-30,Low Risk,Other,Two-Wheeler,Clear,Highways,Normal,Daylight,20.5937,78.9629,Night
Pune,18-30,Medium Risk,Other,Auto-Rickshaw,Hazy,Village Road,Dry,Dark,18.5204,73.8567,Morning
Pune,50+,Medium Risk,No distancing,Two-Wheeler,Foggy,National Highway,Wet,Daylight,18.5204,73.8567,Night
Pune,18-30,Medium Risk,No priority to vehicle,Car,Clear,Village Road,Damaged,Dark,18.5204,73.8567,Afternoon
Raipur,18-30,Medium Risk,Overtaking,Auto-Rickshaw,Clear,Village Road,Wet,Dawn,20.5937,78.9629,Night
Raipur,18-30,Medium Risk,No priority to pedestrian,Pedestrian,Clear,National Highway,Wet,Daylight,20.5937,78.9629,Night
Raipur,18-30,Medium Risk,No distancing,Auto-Rickshaw,Foggy,Village Road,Dry,Dark,20.5937,78.9629,Night
Raipur,31-50,Medium Risk,Changing lane to the right,Auto-Rickshaw,Clear,National Highway,Dry,Dawn,20.5937,78.9629,Afternoon
Raipur,18-30,Medium Risk,Driving carelessly,Auto-Rickshaw,Clear,Urban Road,Dry,Daylight,20.5937,78.9629,Morning
Dhanbad,18-30,Low Risk,Changing lane to the right,Truck,Rainy,Highways,Normal,Daylight,20.5937,78.9629,Morning
Raipur,31-50,Medium Risk,Overtaking,Car,Stormy,National Highway,Under Construction,Daylight,20.5937,78.9629,Afternoon
Raipur,31-50,Medium Risk,Other,Two-Wheeler,Rainy,Village Road,Dry,Dusk,20.5937,78.9629,Evening
Kolkata,31-50,Low Risk,Driving to the left,Auto-Rickshaw,Stormy,Highways,Normal,Daylight,22.5726,88.3639,Night
Raipur,31-50,Medium Risk,Driving at high speed,Auto-Rickshaw,Stormy,National Highway,Wet,Dark,20.5937,78.9629,Night
Raipur,18-30,Low Risk,Unknown,Bus,Stormy,Highways,Normal,Dark,20.5937,78.9629,Night
Raipur,31-50,Medium Risk,Changing lane to the right,Truck,Clear,National Highway,Dry,Dawn,20.5937,78.9629,Night
Raipur,31-50,Medium Risk,No distancing,Car,Hazy,Urban Road,Damaged,Daylight,20.5937,78.9629,Night
Raipur,31-50,Low Risk,Other,Pedestrian,Hazy,Highways,Normal,Dawn,20.5937,78.9629,Afternoon
Raipur,18-30,Medium Risk,No priority to vehicle,Pedestrian,Hazy,Village Road,Under Construction,Dark,20.5937,78.9629,Night
Raipur,31-50,Medium Risk,Changing lane to the left,Car,Rainy,Village Road,Damaged,Daylight,20.5937,78.9629,Evening
Raipur,18-30,Medium Risk,No priority to pedestrian,Two-Wheeler,Clear,Urban Road,Damaged,Dusk,20.5937,78.9629,Night
Raipur,18-30,Medium Risk,Overtaking,Bus,Rainy,Village Road,Wet,Dawn,20.5937,78.9629,Morning
Mallapuram,31-50,Low Risk,Driving carelessly,Truck,Foggy,Highways,Normal,Daylight,20.5937,78.9629,Evening
Raipur,18-30,Medium Risk,No priority to vehicle,Bus,Foggy,National Highway,Under Construction,Dusk,20.5937,78.9629,Afternoon
Raipur,18-30,Low Risk,No priority to pedestrian,Cycle,Foggy,Highways,Normal,Daylight,20.5937,78.9629,Afternoon
Raipur,31-50,Medium Risk,Changing lane to the right,Car,Clear,Urban Road,Damaged,Dark,20.5937,78.9629,Night
Raipur,31-50,Medium Risk,Driving carelessly,Two-Wheeler,Clear,State Highway,Under Construction,Daylight,20.5937,78.9629,Night
Raipur,18-30,Medium Risk,Changing lane to the right,Truck,Rainy,Highways,Normal,Dawn,20.5937,78.9629,Morning
Raipur,18-30,Low Risk,Changing lane to the right,Cycle,Clear,Highways,Normal,Dusk,20.5937,78.9629,Evening
Raipur,18-30,Low Risk,Changing lane to the left,Cycle,Hazy,Highways,Normal,Daylight,20.5937,78.9629,Evening
Raipur,18-30,Medium Risk,Overturning,Car,Clear,National Highway,Wet,Dark,20.5937,78.9629,Evening
Jamshedpur,18-30,Low Risk,Driving carelessly,Truck,Foggy,Highways,Normal,Dawn,20.5937,78.9629,Night
Raipur,50+,Medium Risk,No distancing,Car,Foggy,Village Road,Under Construction,Dusk,20.5937,78.9629,Night
Raipur,18-30,Low Risk,Driving carelessly,Bus,Clear,Highways,Normal,Dark,20.5937,78.9629,Night
Rajkot,50+,Medium Risk,Changing lane to the left,Cycle,Clear,National Highway,Wet,Dark,20.5937,78.9629,Night
Rajkot,18-30,Low Risk,No priority to vehicle,Two-Wheeler,Stormy,Highways,Normal,Dusk,20.5937,78.9629,Afternoon
Rajkot,18-30,Medium Risk,Changing lane to the right,Truck,Clear,State Highway,Under Construction,Dusk,20.5937,78.9629,Night
Rajkot,31-50,Medium Risk,No distancing,Car,Rainy,National Highway,Dry,Daylight,20.5937,78.9629,Night
Rajkot,18-30,Medium Risk,Moving Backward,Cycle,Hazy,State Highway,Damaged,Dawn,20.5937,78.9629,Night
Rajkot,31-50,Medium Risk,Moving Backward,Car,Clear,Urban Road,Wet,Daylight,20.5937,78.9629,Afternoon
Rajkot,18-30,Low Risk,No distancing,Pedestrian,Clear,Highways,Normal,Daylight,20.5937,78.9629,Evening
Rajkot,31-50,Medium Risk,No distancing,Cycle,Foggy,Urban Road,Damaged,Dark,20.5937,78.9629,Morning
Thrissur,18-30,Low Risk,No distancing,Auto-Rickshaw,Foggy,Highways,Normal,Daylight,20.5937,78.9629,Morning
Rajkot,18-30,Medium Risk,No priority to pedestrian,Truck,Rainy,National Highway,Under Construction,Dusk,20.5937,78.9629,Night
Mumbai,18-30,Medium Risk,Driving carelessly,Truck,Rainy,Highways,Normal,Dawn,19.076,72.8777,Evening
Rajkot,50+,Medium Risk,Changing lane to the right,Truck,Stormy,Village Road,Damaged,Dusk,20.5937,78.9629,Morning
Rajkot,31-50,Medium Risk,Changing lane to the left,Auto-Rickshaw,Rainy,Village Road,Damaged,Dusk,20.5937,78.9629,Night
Amritsar,18-30,Low Risk,Driving carelessly,Auto-Rickshaw,Clear,Highways,Normal,Daylight,20.5937,78.9629,Night
Rajkot,31-50,Medium Risk,Driving carelessly,Pedestrian,Foggy,National Highway,Dry,Daylight,20.5937,78.9629,Afternoon
Rajkot,31-50,Medium Risk,No distancing,Car,Stormy,Urban Road,Damaged,Dusk,20.5937,78.9629,Night
Rajkot,31-50,Medium Risk,Other,Car,Stormy,National Highway,Under Construction,Daylight,20.5937,78.9629,Morning
Ahmedabad,50+,Low Risk,Changing lane to the right,Truck,Clear,Highways,Normal,Daylight,23.0225,72.5714,Morning
Rajkot,18-30,Medium Risk,Changing lane to the right,Truck,Clear,Village Road,Under Construction,Dawn,20.5937,78.9629,Night
Raipur,18-30,Low Risk,No distancing,Pedestrian,Clear,Highways,Normal,Dusk,20.5937,78.9629,Morning
Rajkot,31-50,Medium Risk,No distancing,Car,Stormy,Highways,Normal,Daylight,20.5937,78.9629,Morning
Rajkot,18-30,Medium Risk,Overturning,Car,Clear,Urban Road,Wet,Daylight,20.5937,78.9629,Morning
Rajkot,50+,Medium Risk,Driving at high speed,Car,Rainy,Highways,Normal,Daylight,20.5937,78.9629,Afternoon
Rajkot,18-30,Medium Risk,No priority to vehicle,Two-Wheeler,Foggy,Village Road,Dry,Dawn,20.5937,78.9629,Afternoon
Rajkot,18-30,Low Risk,No priority to pedestrian,Two-Wheeler,Foggy,Highways,Normal,Dark,20.5937,78.9629,Night
Rajkot,18-30,Medium Risk,No priority to vehicle,Auto-Rickshaw,Hazy,State Highway,Dry,Dusk,20.5937,78.9629,Morning
Rajkot,31-50,Medium Risk,Other,Cycle,Foggy,Highways,Normal,Dusk,20.5937,78.9629,Night
Rajkot,18-30,Medium Risk,Other,Truck,Rainy,National Highway,Damaged,Daylight,20.5937,78.9629,Morning
Rajkot,18-30,Medium Risk,Moving Backward,Bus,Foggy,Village Road,Dry,Dusk,20.5937,78.9629,Afternoon
Rajkot,18-30,Medium Risk,No distancing,Truck,Clear,Urban Road,Wet,Dark,20.5937,78.9629,Night
Srinagar,31-50,High Risk,Moving Backward,Pedestrian,Stormy,National Highway,Wet,Daylight,20.5937,78.9629,Morning
Srinagar,31-50,Medium Risk,No priority to vehicle,Two-Wheeler,Hazy,Village Road,Damaged,Dawn,20.5937,78.9629,Night
Srinagar,18-30,Medium Risk,Driving carelessly,Pedestrian,Clear,State Highway,Dry,Dawn,20.5937,78.9629,Afternoon
Srinagar,18-30,Low Risk,No distancing,Pedestrian,Clear,Highways,Normal,Dusk,20.5937,78.9629,Night
Srinagar,18-30,Medium Risk,Other,Car,Clear,Village Road,Under Construction,Dark,20.5937,78.9629,Morning
Srinagar,18-30,Medium Risk,Changing lane to the right,Bus,Hazy,State Highway,Damaged,Dawn,20.5937,78.9629,Night
Ahmedabad,31-50,Low Risk,No distancing,Car,Clear,Highways,Normal,Daylight,23.0225,72.5714,Afternoon
Srinagar,18-30,Low Risk,Driving carelessly,Cycle,Clear,Highways,Normal,Daylight,20.5937,78.9629,Night
Srinagar,31-50,Medium Risk,No distancing,Bus,Clear,Urban Road,Under Construction,Dawn,20.5937,78.9629,Evening
Srinagar,18-30,Medium Risk,No priority to vehicle,Cycle,Hazy,National Highway,Dry,Dark,20.5937,78.9629,Evening
Srinagar,31-50,Medium Risk,Changing lane to the right,Pedestrian,Stormy,Village Road,Under Construction,Dark,20.5937,78.9629,Afternoon
Srinagar,50+,Medium Risk,No priority to pedestrian,Pedestrian,Clear,State Highway,Damaged,Dawn,20.5937,78.9629,Morning
Srinagar,18-30,Medium Risk,No priority to vehicle,Car,Hazy,Highways,Normal,Daylight,20.5937,78.9629,Night
Srinagar,18-30,Medium Risk,Changing lane to the left,Car,Clear,State Highway,Dry,Dusk,20.5937,78.9629,Night
Srinagar,50+,Medium Risk,Turnover,Pedestrian,Hazy,Village Road,Under Construction,Dawn,20.5937,78.9629,Morning
Srinagar,50+,Medium Risk,Driving to the left,Bus,Clear,Highways,Normal,Daylight,20.5937,78.9629,Afternoon
Srinagar,18-30,Medium Risk,Driving carelessly,Pedestrian,Clear,Village Road,Damaged,Dawn,20.5937,78.9629,Afternoon
Srinagar,31-50,Medium Risk,Driving to the left,Auto-Rickshaw,Clear,Highways,Normal,Daylight,20.5937,78.9629,Afternoon
Srinagar,18-30,Medium Risk,Driving carelessly,Bus,Stormy,Urban Road,Under Construction,Daylight,20.5937,78.9629,Afternoon
Srinagar,18-30,Medium Risk,No priority to pedestrian,Two-Wheeler,Rainy,Urban Road,Dry,Dusk,20.5937,78.9629,Evening
Ludhiana,50+,Low Risk,Driving carelessly,Car,Clear,Highways,Normal,Dark,20.5937,78.9629,Morning
Srinagar,18-30,Medium Risk,Changing lane to the right,Two-Wheeler,Stormy,National Highway,Dry,Dark,20.5937,78.9629,Night
Srinagar,18-30,Medium Risk,Moving Backward,Truck,Stormy,National Highway,Dry,Daylight,20.5937,78.9629,Night
Srinagar,31-50,Low Risk,Driving carelessly,Car,Clear,Highways,Normal,Dawn,20.5937,78.9629,Night
Srinagar,50+,Low Risk,Changing lane to the right,Cycle,Stormy,Highways,Normal,Daylight,20.5937,78.9629,Night
Indore,31-50,Low Risk,Driving carelessly,Auto-Rickshaw,Clear,Highways,Normal,Dawn,20.5937,78.9629,Evening
Srinagar,31-50,Medium Risk,Driving carelessly,Car,Clear,National Highway,Under Construction,Daylight,20.5937,78.9629,Afternoon
Srinagar,18-30,Medium Risk,Driving carelessly,Cycle,Clear,State Highway,Under Construction,Dawn,20.5937,78.9629,Morning
Srinagar,18-30,Medium Risk,Changing lane to the right,Two-Wheeler,Hazy,Village Road,Under Construction,Daylight,20.5937,78.9629,Afternoon
Srinagar,18-30,Medium Risk,Changing lane to the right,Cycle,Rainy,Highways,Normal,Daylight,20.5937,78.9629,Night
Surat,18-30,Medium Risk,Driving carelessly,Auto-Rickshaw,Foggy,Urban Road,Under Construction,Dawn,21.1702,72.8311,Night
Nagpur,31-50,Low Risk,Overtaking,Cycle,Foggy,Highways,Normal,Dawn,20.5937,78.9629,Night
Surat,31-50,Medium Risk,Changing lane to the right,Car,Stormy,National Highway,Damaged,Daylight,21.1702,72.8311,Night
Surat,18-30,Medium Risk,No distancing,Pedestrian,Foggy,Highways,Normal,Dawn,21.1702,72.8311,Afternoon
Surat,50+,Medium Risk,Other,Car,Clear,State Highway,Dry,Dawn,21.1702,72.8311,Morning
Surat,18-30,Medium Risk,Changing lane to the right,Auto-Rickshaw,Clear,Urban Road,Damaged,Dawn,21.1702,72.8311,Evening
Surat,31-50,High Risk,Changing lane to the right,Two-Wheeler,Clear,Village Road,Dry,Dawn,21.1702,72.8311,Morning
Surat,18-30,Medium Risk,Overtaking,Pedestrian,Hazy,State Highway,Under Construction,Daylight,21.1702,72.8311,Morning
Surat,31-50,Medium Risk,Other,Two-Wheeler,Clear,Village Road,Damaged,Daylight,21.1702,72.8311,Evening
Surat,50+,Medium Risk,Driving to the left,Auto-Rickshaw,Rainy,Village Road,Dry,Daylight,21.1702,72.8311,Morning
Surat,18-30,Medium Risk,Overtaking,Car,Clear,National Highway,Wet,Daylight,21.1702,72.8311,Morning
Surat,31-50,Medium Risk,No priority to vehicle,Car,Rainy,Urban Road,Dry,Daylight,21.1702,72.8311,Night
Rajkot,18-30,Low Risk,Moving Backward,Auto-Rickshaw,Clear,Highways,Normal,Dark,20.5937,78.9629,Afternoon
Surat,18-30,Medium Risk,Other,Two-Wheeler,Clear,State Highway,Dry,Dark,21.1702,72.8311,Morning
Surat,18-30,Medium Risk,No priority to vehicle,Car,Clear,National Highway,Damaged,Daylight,21.1702,72.8311,Afternoon
Kanpur,18-30,Low Risk,No priority to pedestrian,Auto-Rickshaw,Rainy,Highways,Normal,Dusk,26.4499,80.3319,Afternoon
Surat,18-30,Medium Risk,Changing lane to the right,Cycle,Clear,National Highway,Wet,Dark,21.1702,72.8311,Morning
Indore,18-30,Low Risk,Changing lane to the right,Cycle,Clear,Highways,Normal,Dusk,20.5937,78.9629,Evening
Surat,18-30,Medium Risk,Changing lane to the right,Car,Rainy,National Highway,Wet,Daylight,21.1702,72.8311,Afternoon
Surat,31-50,Medium Risk,Driving to the left,Two-Wheeler,Stormy,National Highway,Dry,Dark,21.1702,72.8311,Morning
Surat,31-50,Medium Risk,Changing lane to the left,Auto-Rickshaw,Clear,Village Road,Normal,Dusk,21.1702,72.8311,Night
Surat,31-50,Low Risk,Moving Backward,Pedestrian,Clear,Highways,Normal,Daylight,21.1702,72.8311,Night
Patna,31-50,Low Risk,Driving at high speed,Auto-Rickshaw,Clear,Highways,Normal,Dark,25.5941,85.1376,Morning
Surat,50+,Medium Risk,Moving Backward,Two-Wheeler,Rainy,Village Road,Damaged,Dark,21.1702,72.8311,Morning
Surat,31-50,Low Risk,No distancing,Car,Rainy,Highways,Normal,Dark,21.1702,72.8311,Night
Surat,18-30,Low Risk,Other,Cycle,Clear,Highways,Normal,Dusk,21.1702,72.8311,Night
Surat,50+,Medium Risk,No priority to vehicle,Two-Wheeler,Clear,State Highway,Under Construction,Dark,21.1702,72.8311,Evening
Surat,31-50,Medium Risk,Changing lane to the right,Pedestrian,Foggy,National Highway,Normal,Dark,21.1702,72.8311,Morning
Surat,31-50,Medium Risk,Other,Cycle,Foggy,State Highway,Dry,Dawn,21.1702,72.8311,Morning
Surat,18-30,Medium Risk,No distancing,Two-Wheeler,Rainy,State Highway,Damaged,Dawn,21.1702,72.8311,Evening
Thiruvanthapuram,31-50,Medium Risk,Driving carelessly,Truck,Clear,State Highway,Under Construction,Dawn,20.5937,78.9629,Night
Thiruvanthapuram,18-30,Medium Risk,No distancing,Pedestrian,Clear,National Highway,Dry,Dusk,20.5937,78.9629,Night
Thiruvanthapuram,31-50,Medium Risk,Moving Backward,Car,Clear,Urban Road,Wet,Dark,20.5937,78.9629,Night
Thiruvanthapuram,18-30,Medium Risk,No distancing,Auto-Rickshaw,Foggy,Village Road,Under Construction,Daylight,20.5937,78.9629,Evening
Thiruvanthapuram,31-50,Medium Risk,Moving Backward,Car,Clear,Urban Road,Dry,Daylight,20.5937,78.9629,Afternoon
Thiruvanthapuram,18-30,Medium Risk,No priority to pedestrian,Pedestrian,Clear,Highways,Normal,Dark,20.5937,78.9629,Evening
Thiruvanthapuram,18-30,Medium Risk,Changing lane to the left,Auto-Rickshaw,Rainy,Urban Road,Wet,Daylight,20.5937,78.9629,Afternoon
Thiruvanthapuram,31-50,Low Risk,No distancing,Cycle,Clear,Highways,Normal,Dawn,20.5937,78.9629,Morning
Thiruvanthapuram,18-30,Medium Risk,Other,Car,Hazy,Village Road,Normal,Daylight,20.5937,78.9629,Morning
Thiruvanthapuram,31-50,Medium Risk,No distancing,Bus,Clear,Urban Road,Dry,Daylight,20.5937,78.9629,Night
Thiruvanthapuram,31-50,Medium Risk,No priority to pedestrian,Truck,Clear,Village Road,Under Construction,Daylight,20.5937,78.9629,Evening
Thiruvanthapuram,18-30,Medium Risk,Moving Backward,Auto-Rickshaw,Rainy,Urban Road,Damaged,Dark,20.5937,78.9629,Night
Thiruvanthapuram,31-50,Medium Risk,No priority to pedestrian,Pedestrian,Stormy,Urban Road,Under Construction,Dawn,20.5937,78.9629,Morning
Thiruvanthapuram,18-30,Low Risk,No distancing,Pedestrian,Rainy,Highways,Normal,Dusk,20.5937,78.9629,Afternoon
Thiruvanthapuram,31-50,Medium Risk,No priority to pedestrian,Cycle,Foggy,Village Road,Damaged,Dark,20.5937,78.9629,Afternoon
Thiruvanthapuram,18-30,Medium Risk,Driving carelessly,Pedestrian,Clear,Village Road,Wet,Daylight,20.5937,78.9629,Afternoon
Thiruvanthapuram,18-30,Medium Risk,Getting off the vehicle improperly,Bus,Clear,State Highway,Under Construction,Daylight,20.5937,78.9629,Night
Thiruvanthapuram,18-30,Medium Risk,Driving carelessly,Pedestrian,Rainy,Urban Road,Damaged,Dusk,20.5937,78.9629,Morning
Thiruvanthapuram,31-50,Medium Risk,Changing lane to the left,Pedestrian,Clear,Village Road,Dry,Daylight,20.5937,78.9629,Night