Million_Plus_Cities,Age_band_of_driver,Accident_severity,Cause_of_accident,Vehicle Type Involved,Weather Conditions,Road Type,Road Condition,Lighting Conditions,Latitude,Longitude,Time_Block
Thiruvanthapuram,18-30,Low Risk,No priority to vehicle,Car,Clear,Highways,Normal,Daylight,20.5937,78.9629,Afternoon
Thiruvanthapuram,31-50,Medium Risk,Changing lane to the right,Bus,Clear,Highways,Normal,Daylight,20.5937,78.9629,Night
Thiruvanthapuram,50+,Medium Risk,Changing lane to the right,Car,Hazy,State Highway,Under Construction,Dawn,20.5937,78.9629,Evening
Thiruvanthapuram,18-30,Medium Risk,No distancing,Auto-Rickshaw,Clear,Urban Road,Dry,Daylight,20.5937,78.9629,Night
Thiruvanthapuram,31-50,Medium Risk,No distancing,Cycle,Foggy,Highways,Normal,Daylight,20.5937,78.9629,Afternoon
Thiruvanthapuram,18-30,Medium Risk,Changing lane to the left,Cycle,Hazy,Highways,Normal,Daylight,20.5937,78.9629,Afternoon
Thiruvanthapuram,18-30,Medium Risk,Changing lane to the right,Car,Clear,Highways,Normal,Dusk,20.5937,78.9629,Night
Thiruvanthapuram,18-30,Medium Risk,No priority to vehicle,Two-Wheeler,Foggy,State Highway,Wet,Daylight,20.5937,78.9629,Night
Thiruvanthapuram,18-30,Medium Risk,Changing lane to the left,Auto-Rickshaw,Clear,Urban Road,Wet,Daylight,20.5937,78.9629,Night
Thiruvanthapuram,31-50,Low Risk,No priority to vehicle,Truck,Stormy,Highways,Normal,Daylight,20.5937,78.9629,Afternoon
Thiruvanthapuram,31-50,Medium Risk,Moving Backward,Cycle,Foggy,National Highway,Dry,Dusk,20.5937,78.9629,Night
Dhanbad,31-50,Low Risk,Turnover,Bus,Rainy,Highways,Normal,Dawn,20.5937,78.9629,Evening
Thrissur,18-30,Medium Risk,No distancing,Two-Wheeler,Hazy,State Highway,Dry,Dusk,20.5937,78.9629,Night
Thrissur,18-30,Medium Risk,No distancing,Two-Wheeler,Hazy,State Highway,Normal,Daylight,20.5937,78.9629,Afternoon
Srinagar,18-30,Medium Risk,No distancing,Truck,Clear,Highways,Normal,Daylight,20.5937,78.9629,Night
Thrissur,18-30,Medium Risk,Changing lane to the left,Two-Wheeler,Stormy,Village Road,Under Construction,Daylight,20.5937,78.9629,Morning
Thrissur,18-30,Medium Risk,No priority to vehicle,Car,Rainy,Village Road,Under Construction,Dusk,20.5937,78.9629,Evening
Thrissur,18-30,Medium Risk,Driving at high speed,Two-Wheeler,Clear,State Highway,Under Construction,Dusk,20.5937,78.9629,Morning
Thrissur,31-50,Medium Risk,Overtaking,Bus,Stormy,Highways,Normal,Dark,20.5937,78.9629,Morning
Thrissur,18-30,Medium Risk,Other,Pedestrian,Stormy,Highways,Normal,Dark,20.5937,78.9629,Night
Thrissur,18-30,Medium Risk,Changing lane to the left,Truck,Clear,Village Road,Under Construction,Dawn,20.5937,78.9629,Afternoon
Thrissur,18-30,Low Risk,No priority to pedestrian,Truck,Clear,Highways,Normal,Dusk,20.5937,78.9629,Night
Thrissur,50+,Medium Risk,Changing lane to the left,Truck,Clear,National Highway,Dry,Dusk,20.5937,78.9629,Morning
Thrissur,18-30,Medium Risk,No distancing,Cycle,Clear,National Highway,Under Construction,Daylight,20.5937,78.9629,Night
Thrissur,18-30,Medium Risk,Moving Backward,Truck,Clear,Urban Road,Damaged,Daylight,20.5937,78.9629,Morning
Thrissur,18-30,Medium Risk,Changing lane to the left,Auto-Rickshaw,Stormy,Village Road,Under Construction,Dusk,20.5937,78.9629,Morning
Thrissur,18-30,Medium Risk,Other,Auto-Rickshaw,Clear,State Highway,Under Construction,Dusk,20.5937,78.9629,Morning
Thrissur,18-30,Medium Risk,No distancing,Pedestrian,Clear,Highways,Normal,Dawn,20.5937,78.9629,Morning
Thrissur,18-30,Medium Risk,Moving Backward,Pedestrian,Stormy,National Highway,Dry,Dusk,20.5937,78.9629,Night
Thrissur,31-50,Medium Risk,No distancing,Pedestrian,Hazy,Village Road,Under Construction,Dark,20.5937,78.9629,Afternoon
Thrissur,18-30,Medium Risk,Changing lane to the left,Bus,Clear,Highways,Normal,Dusk,20.5937,78.9629,Night
Thrissur,18-30,Medium Risk,Changing lane to the left,Two-Wheeler,Clear,Urban Road,Damaged,Daylight,20.5937,78.9629,Morning
Thrissur,50+,Medium Risk,No priority to pedestrian,Car,Clear,State Highway,Damaged,Dark,20.5937,78.9629,Night
Thrissur,18-30,Medium Risk,Changing lane to the left,Car,Stormy,Village Road,Under Construction,Dawn,20.5937,78.9629,Evening
Thrissur,50+,Medium Risk,Driving carelessly,Car,Clear,National Highway,Damaged,Dark,20.5937,78.9629,Afternoon
Thrissur,31-50,Medium Risk,Driving carelessly,Auto-Rickshaw,Clear,National Highway,Under Construction,Dusk,20.5937,78.9629,Afternoon
Thrissur,31-50,Low Risk,No priority to pedestrian,Auto-Rickshaw,Rainy,Highways,Normal,Dawn,20.5937,78.9629,Night
Hyderabad,18-30,Low Risk,Getting off the vehicle improperly,Car,Rainy,Highways,Normal,Daylight,17.385,78.4867,Afternoon
Agra,18-30,Medium Risk,No distancing,Truck,Clear,Highways,Normal,Dark,27.1767,78.0081,Morning
Thrissur,18-30,Medium Risk,Changing lane to the left,Car,Clear,State Highway,Damaged,Daylight,20.5937,78.9629,Morning
Thrissur,31-50,Low Risk,No priority to vehicle,Truck,Hazy,Highways,Normal,Daylight,20.5937,78.9629,Morning
Jamshedpur,50+,Medium Risk,No distancing,Pedestrian,Stormy,Highways,Normal,Daylight,20.5937,78.9629,Morning
Ahmedabad,31-50,Low Risk,No priority to pedestrian,Car,Clear,Highways,Normal,Dark,23.0225,72.5714,Night
Tiruchirapalli,18-30,Medium Risk,No priority to pedestrian,Truck,Foggy,Urban Road,Normal,Daylight,20.5937,78.9629,Morning
Tiruchirapalli,18-30,Medium Risk,No priority to vehicle,Truck,Clear,Village Road,Dry,Daylight,20.5937,78.9629,Afternoon
Tiruchirapalli,18-30,Medium Risk,Driving carelessly,Truck,Clear,Village Road,Normal,Dawn,20.5937,78.9629,Afternoon
Nagpur,31-50,Low Risk,Changing lane to the right,Truck,Hazy,Highways,Normal,Dusk,20.5937,78.9629,Night
Tiruchirapalli,18-30,Medium Risk,Changing lane to the left,Cycle,Stormy,Village Road,Dry,Dark,20.5937,78.9629,Evening
Tiruchirapalli,31-50,Medium Risk,Moving Backward,Car,Clear,State Highway,Dry,Daylight,20.5937,78.9629,Evening
Indore,18-30,Low Risk,Driving carelessly,Two-Wheeler,Foggy,Highways,Normal,Dawn,20.5937,78.9629,Morning
Tiruchirapalli,18-30,Medium Risk,Driving to the left,Bus,Clear,Highways,Normal,Dusk,20.5937,78.9629,Night
Tiruchirapalli,18-30,Low Risk,Driving to the left,Two-Wheeler,Hazy,Highways,Normal,Daylight,20.5937,78.9629,Morning
Tiruchirapalli,31-50,Medium Risk,No priority to pedestrian,Bus,Clear,State Highway,Under Construction,Daylight,20.5937,78.9629,Night
Tiruchirapalli,18-30,Medium Risk,Changing lane to the left,Bus,Hazy,Urban Road,Wet,Dusk,20.5937,78.9629,Morning
Tiruchirapalli,18-30,Medium Risk,Changing lane to the right,Auto-Rickshaw,Foggy,Urban Road,Under Construction,Dawn,20.5937,78.9629,Night
Tiruchirapalli,18-30,Medium Risk,Driving carelessly,Pedestrian,Clear,National Highway,Dry,Dusk,20.5937,78.9629,Night
Tiruchirapalli,31-50,Medium Risk,No distancing,Pedestrian,Stormy,State Highway,Dry,Daylight,20.5937,78.9629,Morning
Tiruchirapalli,18-30,Medium Risk,Getting off the vehicle improperly,Two-Wheeler,Clear,National Highway,Damaged,Daylight,20.5937,78.9629,Night
Tiruchirapalli,31-50,Medium Risk,Driving under the influence of drugs,Car,Foggy,Urban Road,Dry,Daylight,20.5937,78.9629,Evening
Delhi,18-30,Medium Risk,Changing lane to the right,Cycle,Stormy,Highways,Normal,Dark,28.6139,77.209,Evening
Chennai,18-30,Medium Risk,Driving carelessly,Bus,Foggy,Highways,Normal,Dawn,13.0827,80.2707,Evening
Tiruchirapalli,18-30,Medium Risk,Moving Backward,Car,Clear,Village Road,Wet,Dark,20.5937,78.9629,Night
Tiruchirapalli,50+,Medium Risk,Turnover,Cycle,Clear,Urban Road,Under Construction,Daylight,20.5937,78.9629,Afternoon
Tiruchirapalli,18-30,Medium Risk,Changing lane to the right,Pedestrian,Clear,Highways,Normal,Dawn,20.5937,78.9629,Evening
Lucknow,31-50,Medium Risk,Driving carelessly,Cycle,Clear,Highways,Normal,Daylight,26.8467,80.9462,Afternoon
Tiruchirapalli,18-30,Low Risk,No priority to vehicle,Pedestrian,Rainy,Highways,Normal,Dark,20.5937,78.9629,Morning
Tiruchirapalli,18-30,Medium Risk,Moving Backward,Bus,Clear,National Highway,Wet,Daylight,20.5937,78.9629,Morning
Tiruchirapalli,18-30,Medium Risk,Changing lane to the left,Car,Clear,State Highway,Under Construction,Dawn,20.5937,78.9629,Night
Tiruchirapalli,31-50,Medium Risk,Overturning,Cycle,Clear,Village Road,Dry,Daylight,20.5937,78.9629,Afternoon
Tiruchirapalli,18-30,Medium Risk,No distancing,Truck,Clear,Urban Road,Wet,Daylight,20.5937,78.9629,Afternoon
Tiruchirapalli,18-30,Medium Risk,Driving carelessly,Pedestrian,Clear,Highways,Normal,Dawn,20.5937,78.9629,Morning
Vadodra,31-50,Medium Risk,No distancing,Two-Wheeler,Clear,Urban Road,Under Construction,Daylight,20.5937,78.9629,Evening
Vadodra,31-50,Medium Risk,Changing lane to the left,Truck,Stormy,Village Road,Wet,Dusk,20.5937,78.9629,Evening
Vadodra,31-50,Medium Risk,No priority to pedestrian,Auto-Rickshaw,Clear,National Highway,Damaged,Daylight,20.5937,78.9629,Afternoon
Lucknow,18-30,Low Risk,No distancing,Car,Hazy,Highways,Normal,Dawn,26.8467,80.9462,Evening
Vadodra,31-50,Medium Risk,No distancing,Bus,Hazy,State Highway,Dry,Daylight,20.5937,78.9629,Morning
Vadodra,31-50,Low Risk,Changing lane to the left,Car,Clear,Highways,Normal,Daylight,20.5937,78.9629,Afternoon
Vadodra,31-50,Medium Risk,No distancing,Car,Stormy,State Highway,Wet,Dawn,20.5937,78.9629,Night
Vadodra,31-50,Medium Risk,Changing lane to the left,Car,Hazy,National Highway,Dry,Daylight,20.5937,78.9629,Night
Vadodra,31-50,Medium Risk,No distancing,Auto-Rickshaw,Hazy,Village Road,Wet,Dawn,20.5937,78.9629,Night
Vadodra,31-50,Medium Risk,No distancing,Auto-Rickshaw,Stormy,Urban Road,Wet,Dusk,20.5937,78.9629,Night
Vadodra,18-30,Medium Risk,No distancing,Cycle,Clear,National Highway,Under Construction,Daylight,20.5937,78.9629,Night
Vadodra,18-30,Medium Risk,Changing lane to the left,Car,Clear,National Highway,Damaged,Daylight,20.5937,78.9629,Morning
Vadodra,18-30,Medium Risk,Changing lane to the right,Pedestrian,Rainy,National Highway,Normal,Daylight,20.5937,78.9629,Morning
Delhi,18-30,Low Risk,Moving Backward,Car,Foggy,Highways,Normal,Daylight,28.6139,77.209,Night
Vadodra,31-50,Medium Risk,Changing lane to the right,Auto-Rickshaw,Clear,Village Road,Dry,Dawn,20.5937,78.9629,Morning
Vadodra,18-30,Medium Risk,No distancing,Car,Clear,Highways,Normal,Dark,20.5937,78.9629,Morning
Vadodra,18-30,Medium Risk,Overtaking,Auto-Rickshaw,Clear,Highways,Normal,Dusk,20.5937,78.9629,Night
Vadodra,31-50,Medium Risk,Other,Auto-Rickshaw,Clear,Urban Road,Wet,Daylight,20.5937,78.9629,Morning
Vadodra,31-50,Medium Risk,Other,Cycle,Clear,Urban Road,Dry,Dark,20.5937,78.9629,Morning
Surat,18-30,Low Risk,Changing lane to the right,Car,Clear,Highways,Normal,Dark,21.1702,72.8311,Afternoon
Vadodra,18-30,Medium Risk,No priority to pedestrian,Truck,Hazy,Highways,Normal,Dawn,20.5937,78.9629,Evening
Vadodra,18-30,Medium Risk,No priority to vehicle,Car,Foggy,State Highway,Wet,Daylight,20.5937,78.9629,Afternoon
Patna,31-50,Low Risk,Changing lane to the left,Bus,Foggy,Highways,Normal,Daylight,25.5941,85.1376,Night
Vadodra,18-30,Medium Risk,Changing lane to the left,Auto-Rickshaw,Rainy,National Highway,Under Construction,Daylight,20.5937,78.9629,Afternoon
Vadodra,18-30,Medium Risk,Overtaking,Cycle,Hazy,Village Road,Wet,Dusk,20.5937,78.9629,Night
Vadodra,31-50,Medium Risk,No distancing,Car,Stormy,Highways,Normal,Daylight,20.5937,78.9629,Afternoon
Vadodra,18-30,Low Risk,No priority to vehicle,Auto-Rickshaw,Stormy,Highways,Normal,Daylight,20.5937,78.9629,Night
Vadodra,18-30,Medium Risk,Changing lane to the right,Truck,Foggy,Urban Road,Dry,Dawn,20.5937,78.9629,Morning
Ghaziabad,18-30,Low Risk,Changing lane to the left,Two-Wheeler,Rainy,Highways,Normal,Daylight,20.5937,78.9629,Morning
Vadodra,31-50,Medium Risk,No distancing,Two-Wheeler,Clear,State Highway,Damaged,Daylight,20.5937,78.9629,Night
Varanasi,18-30,Medium Risk,Driving carelessly,Bus,Hazy,Village Road,Damaged,Daylight,25.3176,82.9739,Afternoon
Varanasi,31-50,Medium Risk,No priority to pedestrian,Car,Stormy,State Highway,Wet,Daylight,25.3176,82.9739,Night
Varanasi,18-30,Medium Risk,Driving carelessly,Cycle,Clear,Urban Road,Under Construction,Dusk,25.3176,82.9739,Night
Lucknow,18-30,Low Risk,Moving Backward,Pedestrian,Clear,Highways,Normal,Daylight,26.8467,80.9462,Evening
Vizaq,18-30,Low Risk,No distancing,Car,Clear,Highways,Normal,Daylight,20.5937,78.9629,Morning
Varanasi,31-50,Medium Risk,No distancing,Pedestrian,Foggy,Highways,Normal,Daylight,25.3176,82.9739,Morning
Varanasi,18-30,Medium Risk,No distancing,Car,Clear,Urban Road,Normal,Dark,25.3176,82.9739,Morning
Varanasi,18-30,Medium Risk,Changing lane to the left,Cycle,Clear,Urban Road,Normal,Dawn,25.3176,82.9739,Evening
Kolkata,18-30,Medium Risk,Changing lane to the left,Pedestrian,Clear,Highways,Normal,Dusk,22.5726,88.3639,Evening
Varanasi,31-50,Low Risk,Moving Backward,Truck,Clear,Highways,Normal,Dawn,25.3176,82.9739,Night
Varanasi,18-30,Medium Risk,Changing lane to the right,Car,Rainy,State Highway,Damaged,Daylight,25.3176,82.9739,Morning
Kollam,18-30,Medium Risk,No priority to vehicle,Car,Clear,Highways,Normal,Daylight,20.5937,78.9629,Morning
Varanasi,31-50,Medium Risk,Moving Backward,Cycle,Foggy,National Highway,Wet,Dusk,25.3176,82.9739,Afternoon
Varanasi,31-50,Medium Risk,Driving carelessly,Car,Hazy,National Highway,Under Construction,Daylight,25.3176,82.9739,Night
Varanasi,18-30,Medium Risk,Driving carelessly,Cycle,Clear,State Highway,Wet,Daylight,25.3176,82.9739,Afternoon
Varanasi,31-50,Medium Risk,Driving under the influence of drugs,Cycle,Clear,State Highway,Dry,Daylight,25.3176,82.9739,Morning
Varanasi,18-30,Low Risk,No priority to pedestrian,Auto-Rickshaw,Clear,Highways,Normal,Daylight,25.3176,82.9739,Evening
Faridabad,18-30,Medium Risk,No priority to vehicle,Auto-Rickshaw,Clear,Highways,Normal,Daylight,20.5937,78.9629,Morning
Varanasi,18-30,Medium Risk,Driving carelessly,Truck,Clear,National Highway,Damaged,Dawn,25.3176,82.9739,Night
Varanasi,18-30,Medium Risk,Moving Backward,Car,Clear,Village Road,Normal,Dawn,25.3176,82.9739,Afternoon
Chennai,18-30,Low Risk,Driving carelessly,Auto-Rickshaw,Foggy,Highways,Normal,Dusk,13.0827,80.2707,Morning
Varanasi,18-30,Medium Risk,No priority to vehicle,Pedestrian,Clear,Village Road,Under Construction,Daylight,25.3176,82.9739,Night
Agra,18-30,Medium Risk,Changing lane to the right,Car,Clear,Highways,Normal,Daylight,27.1767,78.0081,Morning
Amritsar,31-50,Low Risk,Changing lane to the left,Cycle,Clear,Highways,Normal,Daylight,20.5937,78.9629,Night
Patna,18-30,Low Risk,No priority to vehicle,Bus,Hazy,Highways,Normal,Dark,25.5941,85.1376,Morning
Varanasi,18-30,Medium Risk,Driving carelessly,Cycle,Stormy,State Highway,Dry,Dawn,25.3176,82.9739,Night
Varanasi,31-50,Medium Risk,Moving Backward,Car,Clear,National Highway,Under Construction,Dawn,25.3176,82.9739,Morning
Varanasi,18-30,Low Risk,No distancing,Car,Hazy,Highways,Normal,Dawn,25.3176,82.9739,Night
Varanasi,18-30,Medium Risk,Changing lane to the left,Pedestrian,Clear,Highways,Normal,Daylight,25.3176,82.9739,Morning
Varanasi,18-30,Medium Risk,Changing lane to the left,Car,Clear,Village Road,Damaged,Dark,25.3176,82.9739,Afternoon
Vijaywada city,18-30,Medium Risk,No distancing,Car,Clear,Village Road,Under Construction,Dusk,20.5937,78.9629,Morning
Vijaywada city,18-30,Medium Risk,Changing lane to the left,Pedestrian,Clear,Highways,Normal,Daylight,20.5937,78.9629,Night
Vijaywada city,31-50,Medium Risk,Driving carelessly,Bus,Rainy,Urban Road,Wet,Daylight,20.5937,78.9629,Afternoon
Vijaywada city,18-30,Medium Risk,Changing lane to the left,Cycle,Clear,State Highway,Wet,Daylight,20.5937,78.9629,Morning
Vijaywada city,31-50,Low Risk,No distancing,Truck,Clear,Highways,Normal,Dawn,20.5937,78.9629,Morning
Vijaywada city,31-50,Medium Risk,Changing lane to the right,Pedestrian,Rainy,Urban Road,Damaged,Daylight,20.5937,78.9629,Afternoon
Vijaywada city,31-50,Medium Risk,No distancing,Auto-Rickshaw,Clear,Highways,Normal,Dawn,20.5937,78.9629,Evening
Vijaywada city,31-50,Medium Risk,Driving to the left,Cycle,Clear,Village Road,Wet,Daylight,20.5937,78.9629,Evening
Vijaywada city,18-30,Medium Risk,No distancing,Truck,Clear,Urban Road,Wet,Daylight,20.5937,78.9629,Evening
Vijaywada city,31-50,Medium Risk,Overtaking,Cycle,Foggy,National Highway,Under Construction,Dusk,20.5937,78.9629,Night
Vijaywada city,50+,Medium Risk,Driving under the influence of drugs,Auto-Rickshaw,Hazy,National Highway,Under Construction,Daylight,20.5937,78.9629,Morning
Vijaywada city,18-30,Medium Risk,No priority to pedestrian,Pedestrian,Clear,National Highway,Wet,Dusk,20.5937,78.9629,Night
Vijaywada city,31-50,Medium Risk,Moving Backward,Car,Hazy,National Highway,Normal,Daylight,20.5937,78.9629,Morning
Vizaq,50+,Low Risk,Changing lane to the right,Auto-Rickshaw,Clear,Highways,Normal,Daylight,20.5937,78.9629,Morning
Vijaywada city,18-30,Medium Risk,Changing lane to the left,Cycle,Clear,Highways,Normal,Daylight,20.5937,78.9629,Night
Vijaywada city,18-30,Medium Risk,Changing lane to the right,Car,Clear,State Highway,Wet,Daylight,20.5937,78.9629,Morning
Vijaywada city,31-50,Medium Risk,Driving under the influence of drugs,Cycle,Clear,State Highway,Normal,Daylight,20.5937,78.9629,Evening
Ludhiana,50+,Medium Risk,No priority to vehicle,Two-Wheeler,Clear,Highways,Normal,Dark,20.5937,78.9629,Night
Vijaywada city,18-30,Low Risk,No priority to vehicle,Two-Wheeler,Clear,Highways,Normal,Daylight,20.5937,78.9629,Morning
Vijaywada city,18-30,Low Risk,Changing lane to the left,Auto-Rickshaw,Clear,Highways,Normal,Dark,20.5937,78.9629,Afternoon
Vijaywada city,18-30,Medium Risk,Changing lane to the right,Two-Wheeler,Clear,State Highway,Dry,Daylight,20.5937,78.9629,Morning
Vijaywada city,31-50,Medium Risk,Changing lane to the right,Truck,Clear,Village Road,Wet,Dark,20.5937,78.9629,Morning
Vijaywada city,31-50,Medium Risk,Changing lane to the left,Cycle,Clear,National Highway,Wet,Dawn,20.5937,78.9629,Night
Vijaywada city,31-50,Low Risk,Changing lane to the left,Auto-Rickshaw,Clear,Highways,Normal,Dawn,20.5937,78.9629,Morning
Vijaywada city,31-50,Medium Risk,Getting off the vehicle improperly,Car,Stormy,State Highway,Dry,Dusk,20.5937,78.9629,Afternoon
Vijaywada city,50+,Medium Risk,Overtaking,Pedestrian,Stormy,Urban Road,Dry,Daylight,20.5937,78.9629,Night
Vijaywada city,31-50,Medium Risk,Changing lane to the left,Auto-Rickshaw,Stormy,National Highway,Under Construction,Dawn,20.5937,78.9629,Afternoon
Vijaywada city,18-30,Medium Risk,Driving under the influence of drugs,Car,Clear,National Highway,Dry,Dark,20.5937,78.9629,Night
Vijaywada city,31-50,Medium Risk,Driving carelessly,Truck,Clear,National Highway,Normal,Daylight,20.5937,78.9629,Morning
Vijaywada city,18-30,Medium Risk,Moving Backward,Pedestrian,Foggy,Urban Road,Dry,Dawn,20.5937,78.9629,Morning
Madurai,31-50,Medium Risk,No distancing,Car,Clear,Highways,Normal,Daylight,20.5937,78.9629,Night
Vizaq,18-30,Medium Risk,No priority to vehicle,Bus,Stormy,State Highway,Under Construction,Daylight,20.5937,78.9629,Morning
Bhopal,31-50,Low Risk,Overturning,Pedestrian,Stormy,Highways,Normal,Dawn,20.5937,78.9629,Morning
Vizaq,18-30,Medium Risk,Changing lane to the left,Two-Wheeler,Hazy,Urban Road,Dry,Daylight,20.5937,78.9629,Afternoon
Vizaq,18-30,Medium Risk,No distancing,Auto-Rickshaw,Rainy,Urban Road,Damaged,Dusk,20.5937,78.9629,Evening
Vizaq,18-30,Medium Risk,Moving Backward,Pedestrian,Clear,Village Road,Under Construction,Daylight,20.5937,78.9629,Morning
Vizaq,18-30,Medium Risk,No priority to vehicle,Two-Wheeler,Clear,State Highway,Wet,Dusk,20.5937,78.9629,Morning
Vizaq,31-50,Medium Risk,No priority to vehicle,Cycle,Hazy,State Highway,Normal,Daylight,20.5937,78.9629,Morning
Vizaq,31-50,Medium Risk,No distancing,Cycle,Clear,Village Road,Wet,Dawn,20.5937,78.9629,Night
Tiruchirapalli,18-30,Medium Risk,No distancing,Auto-Rickshaw,Rainy,Highways,Normal,Daylight,20.5937,78.9629,Evening
Vizaq,50+,Medium Risk,Overtaking,Auto-Rickshaw,Stormy,Urban Road,Dry,Dawn,20.5937,78.9629,Night
Vizaq,31-50,Medium Risk,Driving under the influence of drugs,Cycle,Clear,Village Road,Damaged,Daylight,20.5937,78.9629,Morning
Vizaq,18-30,Medium Risk,Changing lane to the right,Bus,Clear,Highways,Normal,Dawn,20.5937,78.9629,Morning
Kollam,18-30,Low Risk,Changing lane to the left,Two-Wheeler,Clear,Highways,Normal,Daylight,20.5937,78.9629,Morning
Vizaq,18-30,Medium Risk,Driving carelessly,Pedestrian,Hazy,Urban Road,Damaged,Daylight,20.5937,78.9629,Morning
Vizaq,18-30,Medium Risk,Moving Backward,Bus,Clear,State Highway,Dry,Daylight,20.5937,78.9629,Morning
Vizaq,31-50,Low Risk,Moving Backward,Car,Clear,Highways,Normal,Dusk,20.5937,78.9629,Night
Vizaq,50+,Medium Risk,Changing lane to the right,Cycle,Rainy,Urban Road,Normal,Dark,20.5937,78.9629,Night
Vizaq,18-30,Low Risk,No priority to vehicle,Two-Wheeler,Clear,Highways,Normal,Dawn,20.5937,78.9629,Morning
Vizaq,18-30,Medium Risk,Driving at high speed,Pedestrian,Foggy,Highways,Normal,Dawn,20.5937,78.9629,Morning
Vizaq,31-50,Medium Risk,Driving under the influence of drugs,Truck,Clear,State Highway,Dry,Daylight,20.5937,78.9629,Afternoon
Kolkata,31-50,Medium Risk,Changing lane to the right,Two-Wheeler,Clear,Highways,Normal,Daylight,22.5726,88.3639,Afternoon
Vizaq,18-30,Medium Risk,Driving carelessly,Pedestrian,Hazy,National Highway,Under Construction,Dark,20.5937,78.9629,Morning
Vizaq,18-30,Medium Risk,No distancing,Car,Clear,Urban Road,Under Construction,Daylight,20.5937,78.9629,Morning
Vizaq,18-30,Low Risk,Changing lane to the left,Bus,Clear,Highways,Normal,Dark,20.5937,78.9629,Afternoon
Vizaq,18-30,Medium Risk,No distancing,Two-Wheeler,Foggy,Village Road,Damaged,Dusk,20.5937,78.9629,Morning
Vizaq,31-50,Low Risk,No distancing,Car,Hazy,Highways,Normal,Daylight,20.5937,78.9629,Afternoon
Vizaq,18-30,Medium Risk,Getting off the vehicle improperly,Two-Wheeler,Clear,National Highway,Damaged,Dusk,20.5937,78.9629,Afternoon
Jodhpur,18-30,Medium Risk,Overtaking,Car,Rainy,Highways,Normal,Dark,20.5937,78.9629,Night
Vizaq,50+,Medium Risk,Driving carelessly,Two-Wheeler,Clear,Village Road,Wet,Daylight,20.5937,78.9629,Night
Agra,18-30,Medium Risk,Driving under the influence of drugs,Auto-Rickshaw,Stormy,Village Road,Dry,Daylight,27.1767,78.0081,Night
Hyderabad,18-30,Medium Risk,Moving Backward,Cycle,Clear,Highways,Normal,Dusk,17.385,78.4867,Evening
Agra,31-50,Medium Risk,Overturning,Two-Wheeler,Stormy,National Highway,Under Construction,Dawn,27.1767,78.0081,Afternoon
Agra,31-50,Medium Risk,Driving under the influence of drugs,Cycle,Clear,Highways,Normal,Daylight,27.1767,78.0081,Night
Agra,18-30,Medium Risk,Changing lane to the right,Bus,Rainy,State Highway,Damaged,Daylight,27.1767,78.0081,Morning
Agra,31-50,Medium Risk,Changing lane to the left,Pedestrian,Foggy,Village Road,Under Construction,Dusk,27.1767,78.0081,Night
Agra,18-30,Medium Risk,No distancing,Car,Clear,Highways,Normal,Daylight,27.1767,78.0081,Evening
Agra,18-30,Medium Risk,No distancing,Cycle,Clear,Village Road,Normal,Dawn,27.1767,78.0081,Night
Agra,31-50,Low Risk,No priority to vehicle,Auto-Rickshaw,Foggy,Highways,Normal,Daylight,27.1767,78.0081,Evening
Agra,18-30,Low Risk,Moving Backward,Car,Clear,Highways,Normal,Dawn,27.1767,78.0081,Night
Agra,18-30,Medium Risk,Moving Backward,Two-Wheeler,Stormy,National Highway,Damaged,Dusk,27.1767,78.0081,Night
Kolkata,50+,Low Risk,Getting off the vehicle improperly,Car,Clear,Highways,Normal,Daylight,22.5726,88.3639,Evening
Lucknow,18-30,Medium Risk,Changing lane to the left,Auto-Rickshaw,Clear,Highways,Normal,Dark,26.8467,80.9462,Evening
Agra,31-50,Medium Risk,Changing lane to the left,Auto-Rickshaw,Clear,Highways,Normal,Dark,27.1767,78.0081,Afternoon
Agra,18-30,Medium Risk,No priority to vehicle,Pedestrian,Clear,Village Road,Wet,Dark,27.1767,78.0081,Night
Agra,18-30,Medium Risk,Changing lane to the right,Auto-Rickshaw,Clear,State Highway,Dry,Dawn,27.1767,78.0081,Night
Ahmedabad,18-30,Low Risk,Changing lane to the right,Two-Wheeler,Clear,Highways,Normal,Daylight,23.0225,72.5714,Morning
Agra,31-50,Medium Risk,Driving carelessly,Truck,Hazy,Village Road,Damaged,Daylight,27.1767,78.0081,Night
Agra,18-30,Medium Risk,Changing lane to the left,Auto-Rickshaw,Clear,Village Road,Damaged,Dusk,27.1767,78.0081,Afternoon
Agra,18-30,Medium Risk,Changing lane to the right,Two-Wheeler,Stormy,Urban Road,Damaged,Daylight,27.1767,78.0081,Morning
Agra,31-50,Medium Risk,Driving under the influence of drugs,Auto-Rickshaw,Foggy,National Highway,Dry,Dark,27.1767,78.0081,Morning
Agra,18-30,Medium Risk,Driving carelessly,Two-Wheeler,Hazy,Village Road,Wet,Daylight,27.1767,78.0081,Night
Agra,31-50,Medium Risk,No distancing,Car,Foggy,Urban Road,Dry,Daylight,27.1767,78.0081,Evening