Million_Plus_Cities,Age_band_of_driver,Accident_severity,Cause_of_accident,Vehicle Type Involved,Weather Conditions,Road Type,Road Condition,Lighting Conditions,Latitude,Longitude,Time_Block
Agra,31-50,Low Risk,No priority to vehicle,Car,Hazy,Highways,Normal,Daylight,27.1767,78.0081,Morning
Agra,50+,Medium Risk,No priority to vehicle,Car,Hazy,Urban Road,Wet,Daylight,27.1767,78.0081,Evening
Agra,31-50,Medium Risk,No priority to vehicle,Two-Wheeler,Clear,State Highway,Damaged,Daylight,27.1767,78.0081,Afternoon
Agra,50+,Medium Risk,Changing lane to the left,Auto-Rickshaw,Hazy,State Highway,Damaged,Daylight,27.1767,78.0081,Afternoon
Agra,18-30,Medium Risk,Moving Backward,Car,Rainy,Highways,Normal,Daylight,27.1767,78.0081,Afternoon
Agra,18-30,Medium Risk,Driving carelessly,Truck,Clear,Urban Road,Under Construction,Daylight,27.1767,78.0081,Night
Agra,31-50,Medium Risk,Driving under the influence of drugs,Car,Hazy,State Highway,Dry,Dark,27.1767,78.0081,Afternoon
Kannur,50+,Low Risk,Changing lane to the right,Pedestrian,Rainy,Highways,Normal,Daylight,20.5937,78.9629,Morning
Ahmedabad,18-30,Medium Risk,No priority to vehicle,Pedestrian,Stormy,National Highway,Dry,Daylight,23.0225,72.5714,Morning
Ahmedabad,18-30,Medium Risk,Changing lane to the right,Cycle,Hazy,Urban Road,Dry,Daylight,23.0225,72.5714,Evening
Ahmedabad,18-30,Low Risk,Driving to the left,Car,Hazy,Highways,Normal,Dusk,23.0225,72.5714,Afternoon
Ahmedabad,31-50,Medium Risk,Moving Backward,Auto-Rickshaw,Hazy,Urban Road,Wet,Daylight,23.0225,72.5714,Morning
Ahmedabad,31-50,Medium Risk,No priority to vehicle,Car,Clear,National Highway,Wet,Dawn,23.0225,72.5714,Night
Ahmedabad,31-50,Low Risk,No distancing,Bus,Clear,Highways,Normal,Daylight,23.0225,72.5714,Night
Ahmedabad,18-30,Medium Risk,Driving carelessly,Auto-Rickshaw,Foggy,Village Road,Wet,Dawn,23.0225,72.5714,Evening
Ahmedabad,18-30,Medium Risk,Changing lane to the left,Bus,Clear,State Highway,Dry,Daylight,23.0225,72.5714,Evening
Ahmedabad,18-30,Medium Risk,No priority to vehicle,Car,Clear,National Highway,Damaged,Daylight,23.0225,72.5714,Night
Ahmedabad,18-30,Medium Risk,No priority to vehicle,Cycle,Rainy,Village Road,Wet,Dawn,23.0225,72.5714,Morning
Ahmedabad,31-50,Medium Risk,No distancing,Pedestrian,Clear,Village Road,Under Construction,Dawn,23.0225,72.5714,Afternoon
Ahmedabad,18-30,Medium Risk,Driving to the left,Car,Clear,National Highway,Wet,Dusk,23.0225,72.5714,Night
Ahmedabad,31-50,Low Risk,Driving carelessly,Pedestrian,Clear,Highways,Normal,Dark,23.0225,72.5714,Night
Ahmedabad,18-30,Medium Risk,Driving carelessly,Pedestrian,Stormy,Urban Road,Normal,Daylight,23.0225,72.5714,Afternoon
Ahmedabad,31-50,Medium Risk,Changing lane to the right,Truck,Foggy,Urban Road,Wet,Daylight,23.0225,72.5714,Night
Ahmedabad,31-50,Medium Risk,Driving carelessly,Pedestrian,Clear,Village Road,Wet,Daylight,23.0225,72.5714,Morning
Ahmedabad,31-50,Medium Risk,Changing lane to the left,Cycle,Hazy,Village Road,Under Construction,Dawn,23.0225,72.5714,Morning
Ahmedabad,31-50,Medium Risk,Driving carelessly,Bus,Hazy,Village Road,Under Construction,Daylight,23.0225,72.5714,Evening
Ahmedabad,31-50,Medium Risk,Driving carelessly,Auto-Rickshaw,Clear,Village Road,Damaged,Daylight,23.0225,72.5714,Night
Ahmedabad,18-30,Medium Risk,Driving under the influence of drugs,Truck,Clear,Highways,Normal,Dusk,23.0225,72.5714,Evening
Ahmedabad,31-50,Medium Risk,Driving carelessly,Auto-Rickshaw,Stormy,Urban Road,Damaged,Dusk,23.0225,72.5714,Night
Ahmedabad,31-50,Medium Risk,No distancing,Cycle,Stormy,State Highway,Dry,Daylight,23.0225,72.5714,Afternoon
Ahmedabad,18-30,Medium Risk,Driving carelessly,Truck,Stormy,State Highway,Damaged,Daylight,23.0225,72.5714,Morning
Ahmedabad,31-50,Medium Risk,Driving to the left,Cycle,Clear,Highways,Normal,Dark,23.0225,72.5714,Night
Ahmedabad,31-50,Medium Risk,Overtaking,Two-Wheeler,Stormy,National Highway,Damaged,Daylight,23.0225,72.5714,Morning
Ahmedabad,18-30,Medium Risk,No distancing,Truck,Clear,National Highway,Damaged,Daylight,23.0225,72.5714,Morning
Ahmedabad,50+,Medium Risk,Driving carelessly,Car,Clear,State Highway,Normal,Daylight,23.0225,72.5714,Night
Ahmedabad,50+,Low Risk,No priority to vehicle,Auto-Rickshaw,Stormy,Highways,Normal,Daylight,23.0225,72.5714,Night
Ahmedabad,18-30,Medium Risk,No priority to vehicle,Pedestrian,Clear,Urban Road,Normal,Dawn,23.0225,72.5714,Morning
Allahabad(Prayagraj),18-30,Medium Risk,No priority to vehicle,Cycle,Clear,Village Road,Damaged,Daylight,20.5937,78.9629,Morning
Allahabad(Prayagraj),18-30,Medium Risk,No priority to vehicle,Car,Rainy,Village Road,Normal,Dawn,20.5937,78.9629,Morning
Jaipur,31-50,Low Risk,No distancing,Car,Clear,Highways,Normal,Dark,26.9124,75.7873,Morning
Allahabad(Prayagraj),31-50,Medium Risk,Moving Backward,Two-Wheeler,Foggy,Highways,Normal,Daylight,20.5937,78.9629,Afternoon
Allahabad(Prayagraj),31-50,Medium Risk,No distancing,Truck,Hazy,Urban Road,Under Construction,Daylight,20.5937,78.9629,Night
Allahabad(Prayagraj),18-30,Medium Risk,Changing lane to the left,Pedestrian,Clear,Urban Road,Under Construction,Dusk,20.5937,78.9629,Afternoon
Allahabad(Prayagraj),18-30,Medium Risk,Changing lane to the left,Two-Wheeler,Rainy,Highways,Normal,Daylight,20.5937,78.9629,Evening
Allahabad(Prayagraj),18-30,Medium Risk,No priority to pedestrian,Truck,Stormy,Urban Road,Wet,Daylight,20.5937,78.9629,Evening
Allahabad(Prayagraj),18-30,Low Risk,Moving Backward,Bus,Stormy,Highways,Normal,Daylight,20.5937,78.9629,Morning
Allahabad(Prayagraj),18-30,Medium Risk,Changing lane to the left,Truck,Stormy,Highways,Normal,Daylight,20.5937,78.9629,Morning
Allahabad(Prayagraj),31-50,Low Risk,No distancing,Cycle,Hazy,Highways,Normal,Daylight,20.5937,78.9629,Morning
Allahabad(Prayagraj),18-30,Medium Risk,No priority to vehicle,Truck,Stormy,Village Road,Wet,Dusk,20.5937,78.9629,Afternoon
Allahabad(Prayagraj),18-30,Medium Risk,Changing lane to the right,Bus,Clear,Highways,Normal,Dark,20.5937,78.9629,Night
Allahabad(Prayagraj),18-30,Medium Risk,No distancing,Pedestrian,Stormy,State Highway,Damaged,Daylight,20.5937,78.9629,Afternoon
Allahabad(Prayagraj),31-50,Medium Risk,No distancing,Car,Foggy,National Highway,Under Construction,Daylight,20.5937,78.9629,Afternoon
Allahabad(Prayagraj),18-30,Medium Risk,Getting off the vehicle improperly,Two-Wheeler,Stormy,Highways,Normal,Dark,20.5937,78.9629,Night
Allahabad(Prayagraj),31-50,Low Risk,No priority to pedestrian,Car,Rainy,Highways,Normal,Daylight,20.5937,78.9629,Night
Allahabad(Prayagraj),31-50,Medium Risk,Changing lane to the left,Cycle,Clear,Urban Road,Damaged,Daylight,20.5937,78.9629,Afternoon
Allahabad(Prayagraj),31-50,Low Risk,No distancing,Bus,Clear,Highways,Normal,Dusk,20.5937,78.9629,Afternoon
Asansol Durgapur,31-50,Low Risk,Driving carelessly,Car,Clear,Highways,Normal,Daylight,20.5937,78.9629,Afternoon
Allahabad(Prayagraj),31-50,Medium Risk,No distancing,Bus,Stormy,Urban Road,Dry,Dusk,20.5937,78.9629,Afternoon
Allahabad(Prayagraj),31-50,Medium Risk,Changing lane to the right,Car,Clear,National Highway,Under Construction,Daylight,20.5937,78.9629,Evening
Allahabad(Prayagraj),18-30,Medium Risk,Overtaking,Pedestrian,Clear,State Highway,Normal,Dark,20.5937,78.9629,Night
Allahabad(Prayagraj),18-30,Medium Risk,Driving carelessly,Car,Clear,Village Road,Dry,Daylight,20.5937,78.9629,Night
Allahabad(Prayagraj),31-50,Low Risk,Moving Backward,Car,Clear,Highways,Normal,Dark,20.5937,78.9629,Morning
Allahabad(Prayagraj),18-30,Medium Risk,No distancing,Auto-Rickshaw,Clear,National Highway,Under Construction,Daylight,20.5937,78.9629,Night
Indore,18-30,Low Risk,Overtaking,Car,Rainy,Highways,Normal,Daylight,20.5937,78.9629,Afternoon
Allahabad(Prayagraj),18-30,Medium Risk,Driving carelessly,Car,Rainy,State Highway,Dry,Dusk,20.5937,78.9629,Afternoon
Allahabad(Prayagraj),18-30,Medium Risk,Driving carelessly,Car,Clear,Urban Road,Under Construction,Daylight,20.5937,78.9629,Evening
Allahabad(Prayagraj),18-30,Medium Risk,Moving Backward,Bus,Rainy,Urban Road,Damaged,Dark,20.5937,78.9629,Night
Amritsar,31-50,Medium Risk,Driving carelessly,Auto-Rickshaw,Clear,Urban Road,Wet,Daylight,20.5937,78.9629,Night
Amritsar,31-50,Medium Risk,Driving to the left,Two-Wheeler,Clear,Village Road,Dry,Daylight,20.5937,78.9629,Evening
Amritsar,50+,Medium Risk,Changing lane to the left,Car,Hazy,Highways,Normal,Dusk,20.5937,78.9629,Afternoon
Jaipur,31-50,Low Risk,No distancing,Auto-Rickshaw,Stormy,Highways,Normal,Daylight,26.9124,75.7873,Night
Amritsar,18-30,Low Risk,No distancing,Pedestrian,Stormy,Highways,Normal,Daylight,20.5937,78.9629,Night
Lucknow,31-50,Medium Risk,Changing lane to the right,Cycle,Stormy,Highways,Normal,Daylight,26.8467,80.9462,Night
Amritsar,18-30,Medium Risk,Driving under the influence of drugs,Auto-Rickshaw,Hazy,Urban Road,Under Construction,Dark,20.5937,78.9629,Morning
Amritsar,31-50,Medium Risk,Changing lane to the right,Cycle,Clear,Highways,Normal,Dawn,20.5937,78.9629,Afternoon
Amritsar,18-30,Medium Risk,Changing lane to the left,Cycle,Rainy,Highways,Normal,Dusk,20.5937,78.9629,Night
Amritsar,18-30,Low Risk,Moving Backward,Truck,Hazy,Highways,Normal,Daylight,20.5937,78.9629,Night
Amritsar,31-50,Medium Risk,No distancing,Cycle,Clear,Urban Road,Normal,Dusk,20.5937,78.9629,Morning
Amritsar,31-50,Medium Risk,Changing lane to the right,Truck,Hazy,Village Road,Dry,Dusk,20.5937,78.9629,Afternoon
Chennai,31-50,Medium Risk,Moving Backward,Car,Clear,Highways,Normal,Daylight,13.0827,80.2707,Night
Amritsar,18-30,Medium Risk,No distancing,Auto-Rickshaw,Clear,Village Road,Normal,Daylight,20.5937,78.9629,Morning
Amritsar,18-30,Medium Risk,Driving to the left,Two-Wheeler,Foggy,Village Road,Damaged,Daylight,20.5937,78.9629,Morning
Amritsar,31-50,Medium Risk,Driving to the left,Car,Clear,Urban Road,Under Construction,Daylight,20.5937,78.9629,Morning
Amritsar,18-30,Low Risk,Moving Backward,Cycle,Rainy,Highways,Normal,Dusk,20.5937,78.9629,Afternoon
Amritsar,18-30,Medium Risk,Moving Backward,Pedestrian,Hazy,National Highway,Under Construction,Dark,20.5937,78.9629,Night
Amritsar,18-30,Low Risk,Overtaking,Two-Wheeler,Clear,Highways,Normal,Dusk,20.5937,78.9629,Morning
Amritsar,31-50,Medium Risk,Driving carelessly,Cycle,Hazy,Village Road,Dry,Dawn,20.5937,78.9629,Afternoon
Amritsar,31-50,Medium Risk,Changing lane to the left,Auto-Rickshaw,Foggy,National Highway,Under Construction,Daylight,20.5937,78.9629,Night
Amritsar,18-30,Medium Risk,Driving under the influence of drugs,Car,Rainy,Urban Road,Dry,Daylight,20.5937,78.9629,Morning
Amritsar,18-30,Low Risk,No distancing,Two-Wheeler,Clear,Highways,Normal,Daylight,20.5937,78.9629,Morning
Amritsar,18-30,Medium Risk,Moving Backward,Auto-Rickshaw,Clear,Highways,Normal,Dusk,20.5937,78.9629,Night
Ahmedabad,18-30,Medium Risk,Changing lane to the left,Truck,Stormy,Highways,Normal,Dusk,23.0225,72.5714,Afternoon
Amritsar,31-50,Medium Risk,Changing lane to the right,Car,Foggy,State Highway,Normal,Dusk,20.5937,78.9629,Evening
Amritsar,18-30,Medium Risk,No distancing,Two-Wheeler,Rainy,Highways,Normal,Daylight,20.5937,78.9629,Afternoon
Mallapuram,31-50,Medium Risk,Driving at high speed,Cycle,Rainy,Highways,Normal,Daylight,20.5937,78.9629,Morning
Amritsar,18-30,Medium Risk,Changing lane to the right,Truck,Clear,Highways,Normal,Daylight,20.5937,78.9629,Afternoon
Amritsar,31-50,Medium Risk,No priority to vehicle,Pedestrian,Stormy,Urban Road,Dry,Dusk,20.5937,78.9629,Night
Asansol Durgapur,31-50,Medium Risk,No distancing,Cycle,Rainy,National Highway,Wet,Daylight,20.5937,78.9629,Morning
Chennai,31-50,Low Risk,Turnover,Car,Clear,Highways,Normal,Daylight,13.0827,80.2707,Evening
Asansol Durgapur,50+,Medium Risk,No distancing,Cycle,Clear,State Highway,Wet,Dark,20.5937,78.9629,Night
Kochi,31-50,Medium Risk,Changing lane to the right,Two-Wheeler,Clear,Highways,Normal,Daylight,20.5937,78.9629,Morning
Asansol Durgapur,18-30,Low Risk,No distancing,Car,Hazy,Highways,Normal,Daylight,20.5937,78.9629,Morning
Asansol Durgapur,18-30,Medium Risk,Changing lane to the left,Pedestrian,Clear,Urban Road,Under Construction,Dawn,20.5937,78.9629,Morning
Jodhpur,18-30,Low Risk,Driving carelessly,Two-Wheeler,Clear,Highways,Normal,Daylight,20.5937,78.9629,Morning
Asansol Durgapur,31-50,Medium Risk,Changing lane to the right,Truck,Clear,State Highway,Wet,Dusk,20.5937,78.9629,Afternoon
Asansol Durgapur,31-50,Medium Risk,No priority to vehicle,Two-Wheeler,Rainy,State Highway,Under Construction,Daylight,20.5937,78.9629,Night
Asansol Durgapur,18-30,Medium Risk,No distancing,Bus,Clear,State Highway,Damaged,Dusk,20.5937,78.9629,Evening
Asansol Durgapur,18-30,Medium Risk,No priority to pedestrian,Cycle,Clear,National Highway,Dry,Daylight,20.5937,78.9629,Evening
Asansol Durgapur,31-50,Low Risk,No priority to pedestrian,Car,Clear,Highways,Normal,Dawn,20.5937,78.9629,Afternoon
Asansol Durgapur,18-30,Medium Risk,No priority to vehicle,Pedestrian,Clear,Urban Road,Dry,Daylight,20.5937,78.9629,Morning
Asansol Durgapur,18-30,Medium Risk,Changing lane to the left,Bus,Foggy,National Highway,Damaged,Daylight,20.5937,78.9629,Morning
Faridabad,18-30,Medium Risk,Changing lane to the left,Two-Wheeler,Stormy,Highways,Normal,Daylight,20.5937,78.9629,Afternoon
Asansol Durgapur,50+,Medium Risk,No distancing,Pedestrian,Hazy,Village Road,Dry,Dusk,20.5937,78.9629,Morning
Asansol Durgapur,18-30,Medium Risk,No priority to vehicle,Pedestrian,Stormy,National Highway,Wet,Dawn,20.5937,78.9629,Night
Asansol Durgapur,50+,Medium Risk,No distancing,Two-Wheeler,Clear,National Highway,Dry,Dawn,20.5937,78.9629,Afternoon
Asansol Durgapur,18-30,Medium Risk,No distancing,Pedestrian,Clear,Village Road,Wet,Dawn,20.5937,78.9629,Night
Asansol Durgapur,18-30,Medium Risk,Changing lane to the right,Pedestrian,Clear,Village Road,Damaged,Dark,20.5937,78.9629,Morning
Asansol Durgapur,31-50,Medium Risk,Changing lane to the left,Cycle,Clear,State Highway,Wet,Daylight,20.5937,78.9629,Morning
Asansol Durgapur,18-30,Medium Risk,No distancing,Truck,Clear,State Highway,Dry,Daylight,20.5937,78.9629,Morning
Asansol Durgapur,18-30,Low Risk,Overturning,Cycle,Foggy,Highways,Normal,Daylight,20.5937,78.9629,Morning
Lucknow,31-50,Low Risk,No priority to vehicle,Two-Wheeler,Clear,Highways,Normal,Dark,26.8467,80.9462,Night
Asansol Durgapur,18-30,Medium Risk,Moving Backward,Two-Wheeler,Rainy,State Highway,Damaged,Dusk,20.5937,78.9629,Morning
Asansol Durgapur,31-50,Medium Risk,Driving under the influence of drugs,Car,Clear,State Highway,Under Construction,Dark,20.5937,78.9629,Night
Asansol Durgapur,31-50,Medium Risk,Moving Backward,Cycle,Clear,State Highway,Wet,Dark,20.5937,78.9629,Morning
Asansol Durgapur,18-30,Medium Risk,Changing lane to the right,Cycle,Foggy,Urban Road,Damaged,Daylight,20.5937,78.9629,Night
Asansol Durgapur,50+,Medium Risk,Overspeed,Truck,Stormy,State Highway,Wet,Dark,20.5937,78.9629,Morning
Asansol Durgapur,18-30,Medium Risk,Driving under the influence of drugs,Cycle,Foggy,Highways,Normal,Daylight,20.5937,78.9629,Morning
Kannur,18-30,Low Risk,Driving carelessly,Auto-Rickshaw,Clear,Highways,Normal,Dark,20.5937,78.9629,Evening
Aurangabad,18-30,Medium Risk,No distancing,Auto-Rickshaw,Clear,State Highway,Wet,Dawn,20.5937,78.9629,Night
Aurangabad,31-50,Medium Risk,No priority to vehicle,Two-Wheeler,Clear,State Highway,Damaged,Daylight,20.5937,78.9629,Night
Aurangabad,18-30,Medium Risk,Overspeed,Car,Stormy,State Highway,Under Construction,Daylight,20.5937,78.9629,Evening
Aurangabad,31-50,Medium Risk,Driving under the influence of drugs,Cycle,Foggy,State Highway,Wet,Daylight,20.5937,78.9629,Afternoon
Coimbatore,18-30,Low Risk,Changing lane to the right,Two-Wheeler,Clear,Highways,Normal,Dark,20.5937,78.9629,Afternoon
Aurangabad,18-30,Medium Risk,Changing lane to the right,Car,Rainy,Highways,Normal,Daylight,20.5937,78.9629,Night
Aurangabad,18-30,Medium Risk,Changing lane to the right,Two-Wheeler,Hazy,Village Road,Under Construction,Daylight,20.5937,78.9629,Night
Aurangabad,18-30,Medium Risk,Changing lane to the right,Auto-Rickshaw,Clear,Highways,Normal,Daylight,20.5937,78.9629,Night
Aurangabad,18-30,Low Risk,Moving Backward,Car,Clear,Highways,Normal,Daylight,20.5937,78.9629,Morning
Aurangabad,18-30,Low Risk,No distancing,Car,Clear,Highways,Normal,Daylight,20.5937,78.9629,Night
Aurangabad,31-50,Medium Risk,Overspeed,Auto-Rickshaw,Clear,State Highway,Damaged,Dawn,20.5937,78.9629,Afternoon
Vizaq,31-50,Low Risk,No distancing,Car,Stormy,Highways,Normal,Daylight,20.5937,78.9629,Morning
Aurangabad,18-30,Medium Risk,Driving carelessly,Car,Clear,National Highway,Under Construction,Dusk,20.5937,78.9629,Night
Aurangabad,18-30,Medium Risk,No distancing,Cycle,Clear,Urban Road,Damaged,Dawn,20.5937,78.9629,Morning
Surat,18-30,Medium Risk,No distancing,Pedestrian,Clear,Highways,Normal,Daylight,21.1702,72.8311,Morning
Aurangabad,18-30,Medium Risk,No distancing,Bus,Clear,State Highway,Under Construction,Dark,20.5937,78.9629,Night
Aurangabad,18-30,Medium Risk,Changing lane to the right,Truck,Clear,Urban Road,Under Construction,Dawn,20.5937,78.9629,Night
Aurangabad,18-30,Medium Risk,No distancing,Truck,Clear,Urban Road,Under Construction,Dusk,20.5937,78.9629,Morning
Vizaq,18-30,Low Risk,No priority to vehicle,Cycle,Foggy,Highways,Normal,Dusk,20.5937,78.9629,Morning
Aurangabad,31-50,Low Risk,Changing lane to the left,Auto-Rickshaw,Clear,Highways,Normal,Daylight,20.5937,78.9629,Morning
Aurangabad,18-30,Medium Risk,Moving Backward,Car,Clear,Highways,Normal,Dawn,20.5937,78.9629,Afternoon
Aurangabad,31-50,Medium Risk,Driving carelessly,Auto-Rickshaw,Hazy,Highways,Normal,Daylight,20.5937,78.9629,Night
Aurangabad,18-30,Medium Risk,Changing lane to the left,Auto-Rickshaw,Hazy,Urban Road,Dry,Dark,20.5937,78.9629,Evening
Aurangabad,18-30,Medium Risk,No priority to pedestrian,Pedestrian,Foggy,Village Road,Damaged,Dusk,20.5937,78.9629,Morning
Aurangabad,18-30,Medium Risk,No distancing,Cycle,Clear,National Highway,Dry,Dark,20.5937,78.9629,Afternoon
Aurangabad,18-30,Medium Risk,No distancing,Two-Wheeler,Clear,Village Road,Dry,Dusk,20.5937,78.9629,Morning
Aurangabad,31-50,Medium Risk,Overturning,Car,Clear,State Highway,Under Construction,Dark,20.5937,78.9629,Night
Aurangabad,18-30,Medium Risk,No distancing,Auto-Rickshaw,Clear,Urban Road,Under Construction,Daylight,20.5937,78.9629,Night
Aurangabad,31-50,Medium Risk,Drunk driving,Car,Clear,State Highway,Damaged,Daylight,20.5937,78.9629,Evening
Bengaluru,31-50,Medium Risk,Moving Backward,Cycle,Stormy,Village Road,Wet,Daylight,12.9716,77.5946,Night
Bengaluru,18-30,Medium Risk,No priority to pedestrian,Cycle,Hazy,National Highway,Wet,Dusk,12.9716,77.5946,Morning
Bengaluru,18-30,Medium Risk,Changing lane to the left,Two-Wheeler,Clear,Village Road,Damaged,Dark,12.9716,77.5946,Night
Indore,18-30,Medium Risk,Changing lane to the left,Auto-Rickshaw,Clear,Highways,Normal,Daylight,20.5937,78.9629,Night
Bengaluru,18-30,Low Risk,Getting off the vehicle improperly,Two-Wheeler,Rainy,Highways,Normal,Daylight,12.9716,77.5946,Evening
Bengaluru,18-30,Medium Risk,No distancing,Cycle,Rainy,National Highway,Under Construction,Daylight,12.9716,77.5946,Evening
Bengaluru,50+,Medium Risk,Changing lane to the right,Car,Stormy,Urban Road,Damaged,Daylight,12.9716,77.5946,Night
Bengaluru,18-30,Medium Risk,Changing lane to the right,Truck,Clear,Urban Road,Wet,Dark,12.9716,77.5946,Afternoon
Patna,31-50,Medium Risk,Moving Backward,Auto-Rickshaw,Foggy,Highways,Normal,Daylight,25.5941,85.1376,Night
Bengaluru,18-30,Medium Risk,Driving at high speed,Truck,Stormy,National Highway,Under Construction,Dawn,12.9716,77.5946,Afternoon
Bengaluru,31-50,Medium Risk,Changing lane to the left,Car,Clear,State Highway,Under Construction,Daylight,12.9716,77.5946,Morning
Bengaluru,18-30,Low Risk,Changing lane to the right,Pedestrian,Clear,Highways,Normal,Dark,12.9716,77.5946,Morning
Ghaziabad,31-50,Low Risk,No distancing,Car,Clear,Highways,Normal,Dark,20.5937,78.9629,Morning
Bengaluru,31-50,Medium Risk,Changing lane to the right,Cycle,Hazy,State Highway,Damaged,Dawn,12.9716,77.5946,Afternoon
Bengaluru,18-30,Medium Risk,Changing lane to the right,Two-Wheeler,Clear,Urban Road,Dry,Dark,12.9716,77.5946,Night
Bengaluru,18-30,Medium Risk,No distancing,Pedestrian,Clear,Village Road,Wet,Dark,12.9716,77.5946,Afternoon
Bengaluru,31-50,Medium Risk,Changing lane to the right,Pedestrian,Clear,Village Road,Under Construction,Dawn,12.9716,77.5946,Morning
Madurai,31-50,Medium Risk,Driving carelessly,Bus,Clear,Highways,Normal,Dark,20.5937,78.9629,Night
Bengaluru,18-30,Medium Risk,Driving carelessly,Cycle,Clear,State Highway,Damaged,Daylight,12.9716,77.5946,Night
Bengaluru,18-30,Low Risk,Changing lane to the right,Two-Wheeler,Clear,Highways,Normal,Daylight,12.9716,77.5946,Morning
Bengaluru,31-50,Medium Risk,Overturning,Auto-Rickshaw,Clear,Village Road,Wet,Daylight,12.9716,77.5946,Morning
Lucknow,31-50,Low Risk,Changing lane to the right,Truck,Clear,Highways,Normal,Dusk,26.8467,80.9462,Night
Bengaluru,31-50,Low Risk,Moving Backward,Truck,Hazy,Highways,Normal,Dusk,12.9716,77.5946,Morning
Bengaluru,18-30,Low Risk,No distancing,Cycle,Foggy,Highways,Normal,Dusk,12.9716,77.5946,Afternoon
Bengaluru,31-50,Medium Risk,Overturning,Auto-Rickshaw,Clear,State Highway,Wet,Dark,12.9716,77.5946,Evening
Bengaluru,31-50,Medium Risk,Driving carelessly,Car,Foggy,State Highway,Wet,Daylight,12.9716,77.5946,Evening
Bengaluru,31-50,Medium Risk,Changing lane to the right,Car,Clear,State Highway,Wet,Dusk,12.9716,77.5946,Morning
Bengaluru,18-30,Medium Risk,Driving at high speed,Bus,Clear,National Highway,Damaged,Daylight,12.9716,77.5946,Night
Bengaluru,31-50,Medium Risk,Changing lane to the left,Truck,Rainy,State Highway,Under Construction,Daylight,12.9716,77.5946,Evening
Bengaluru,18-30,Medium Risk,Driving carelessly,Two-Wheeler,Stormy,State Highway,Under Construction,Dusk,12.9716,77.5946,Evening
Bhopal,18-30,Low Risk,No distancing,Auto-Rickshaw,Rainy,Highways,Normal,Daylight,20.5937,78.9629,Morning
Bhopal,50+,Medium Risk,Moving Backward,Bus,Clear,State Highway,Damaged,Daylight,20.5937,78.9629,Night
Bhopal,31-50,Medium Risk,No priority to pedestrian,Bus,Stormy,Village Road,Under Construction,Dusk,20.5937,78.9629,Night
Hyderabad,31-50,Low Risk,Moving Backward,Cycle,Clear,Highways,Normal,Daylight,17.385,78.4867,Evening
Bhopal,31-50,Medium Risk,Changing lane to the right,Two-Wheeler,Clear,Urban Road,Wet,Daylight,20.5937,78.9629,Night
Bhopal,18-30,Medium Risk,No distancing,Car,Foggy,Village Road,Damaged,Dark,20.5937,78.9629,Night
Bhopal,31-50,Medium Risk,Drunk driving,Bus,Stormy,State Highway,Dry,Dark,20.5937,78.9629,Night
Bhopal,18-30,Medium Risk,Changing lane to the right,Car,Rainy,National Highway,Damaged,Dark,20.5937,78.9629,Evening
Bhopal,18-30,Low Risk,Driving carelessly,Pedestrian,Rainy,Highways,Normal,Dusk,20.5937,78.9629,Afternoon
Bhopal,18-30,Medium Risk,Driving to the left,Bus,Clear,Urban Road,Under Construction,Dawn,20.5937,78.9629,Evening
Mallapuram,18-30,Medium Risk,Changing lane to the right,Two-Wheeler,Stormy,Highways,Normal,Dawn,20.5937,78.9629,Evening
Bhopal,18-30,Medium Risk,Changing lane to the right,Car,Hazy,Highways,Normal,Dawn,20.5937,78.9629,Evening
Surat,31-50,Low Risk,Driving carelessly,Car,Clear,Highways,Normal,Dawn,21.1702,72.8311,Night
Bhopal,18-30,Medium Risk,Changing lane to the left,Car,Clear,Village Road,Dry,Dark,20.5937,78.9629,Night
Bhopal,18-30,Medium Risk,No priority to vehicle,Two-Wheeler,Clear,National Highway,Dry,Daylight,20.5937,78.9629,Afternoon
Bhopal,18-30,Medium Risk,Driving carelessly,Truck,Stormy,Urban Road,Under Construction,Daylight,20.5937,78.9629,Morning
Bhopal,31-50,Medium Risk,Changing lane to the right,Truck,Stormy,Highways,Normal,Dusk,20.5937,78.9629,Afternoon
Bhopal,18-30,Medium Risk,Driving carelessly,Car,Clear,Urban Road,Wet,Dark,20.5937,78.9629,Evening
Bhopal,31-50,Low Risk,Driving under the influence of drugs,Auto-Rickshaw,Clear,Highways,Normal,Dawn,20.5937,78.9629,Night
Bhopal,18-30,Low Risk,No distancing,Auto-Rickshaw,Foggy,Highways,Normal,Daylight,20.5937,78.9629,Morning
Indore,31-50,Low Risk,Changing lane to the left,Car,Foggy,Highways,Normal,Daylight,20.5937,78.9629,Night
Bhopal,50+,Low Risk,No priority to vehicle,Bus,Clear,Highways,Normal,Daylight,20.5937,78.9629,Morning
Aurangabad,31-50,Low Risk,Moving Backward,Bus,Rainy,Highways,Normal,Dark,20.5937,78.9629,Night
Bhopal,50+,Medium Risk,Moving Backward,Cycle,Clear,National Highway,Under Construction,Dawn,20.5937,78.9629,Night
Bhopal,31-50,Medium Risk,No distancing,Auto-Rickshaw,Rainy,Village Road,Dry,Daylight,20.5937,78.9629,Night