Million_Plus_Cities,Age_band_of_driver,Accident_severity,Cause_of_accident,Vehicle Type Involved,Weather Conditions,Road Type,Road Condition,Lighting Conditions,Latitude,Longitude,Time_Block
Bhopal,31-50,Medium Risk,Changing lane to the right,Two-Wheeler,Clear,Village Road,Under Construction,Daylight,20.5937,78.9629,Afternoon
Bhopal,31-50,Medium Risk,Changing lane to the right,Car,Rainy,National Highway,Damaged,Daylight,20.5937,78.9629,Evening
Bhopal,31-50,Medium Risk,Moving Backward,Pedestrian,Clear,Highways,Normal,Dawn,20.5937,78.9629,Afternoon
Bhopal,31-50,Medium Risk,Driving carelessly,Cycle,Stormy,National Highway,Damaged,Dark,20.5937,78.9629,Morning
Jabalpur,18-30,Low Risk,Driving under the influence of drugs,Auto-Rickshaw,Clear,Highways,Normal,Dusk,20.5937,78.9629,Afternoon
Aurangabad,31-50,Low Risk,No distancing,Pedestrian,Clear,Highways,Normal,Daylight,20.5937,78.9629,Night
Chandigarh,31-50,Medium Risk,No distancing,Auto-Rickshaw,Clear,Highways,Normal,Dark,20.5937,78.9629,Morning
Chandigarh,50+,Medium Risk,No priority to vehicle,Cycle,Clear,Village Road,Under Construction,Daylight,20.5937,78.9629,Night
Hyderabad,50+,Low Risk,Driving to the left,Pedestrian,Clear,Highways,Normal,Daylight,17.385,78.4867,Evening
Chandigarh,31-50,Low Risk,No priority to vehicle,Cycle,Clear,Highways,Normal,Daylight,20.5937,78.9629,Afternoon
Chandigarh,50+,Low Risk,No priority to vehicle,Car,Rainy,Highways,Normal,Daylight,20.5937,78.9629,Night
Chandigarh,31-50,Low Risk,No priority to vehicle,Cycle,Stormy,Highways,Normal,Dawn,20.5937,78.9629,Morning
Kannur,18-30,Low Risk,No distancing,Auto-Rickshaw,Hazy,Highways,Normal,Dusk,20.5937,78.9629,Night
Chandigarh,18-30,Medium Risk,Moving Backward,Auto-Rickshaw,Rainy,Village Road,Dry,Daylight,20.5937,78.9629,Night
Chandigarh,31-50,Medium Risk,Changing lane to the right,Auto-Rickshaw,Clear,State Highway,Wet,Dawn,20.5937,78.9629,Morning
Chandigarh,31-50,Medium Risk,Driving carelessly,Two-Wheeler,Clear,Urban Road,Dry,Dawn,20.5937,78.9629,Evening
Chandigarh,50+,Medium Risk,Changing lane to the left,Bus,Clear,Village Road,Wet,Dusk,20.5937,78.9629,Night
Chandigarh,31-50,Medium Risk,No distancing,Car,Clear,State Highway,Normal,Daylight,20.5937,78.9629,Afternoon
Chandigarh,31-50,Medium Risk,Changing lane to the right,Car,Rainy,Village Road,Under Construction,Dawn,20.5937,78.9629,Morning
Chandigarh,31-50,Medium Risk,Driving under the influence of drugs,Car,Clear,Urban Road,Wet,Daylight,20.5937,78.9629,Night
Chandigarh,18-30,Medium Risk,No distancing,Car,Clear,National Highway,Under Construction,Daylight,20.5937,78.9629,Afternoon
Chandigarh,50+,Medium Risk,Overturning,Bus,Clear,Urban Road,Under Construction,Daylight,20.5937,78.9629,Afternoon
Chandigarh,50+,Medium Risk,No distancing,Truck,Clear,Urban Road,Dry,Dark,20.5937,78.9629,Night
Chandigarh,31-50,Low Risk,Changing lane to the right,Truck,Rainy,Highways,Normal,Daylight,20.5937,78.9629,Afternoon
Chandigarh,31-50,Medium Risk,No priority to vehicle,Car,Clear,State Highway,Dry,Daylight,20.5937,78.9629,Night
Chandigarh,18-30,Medium Risk,Changing lane to the right,Two-Wheeler,Clear,Highways,Normal,Dusk,20.5937,78.9629,Evening
Chandigarh,18-30,Medium Risk,Changing lane to the left,Bus,Clear,State Highway,Damaged,Daylight,20.5937,78.9629,Night
Chandigarh,18-30,Medium Risk,No distancing,Auto-Rickshaw,Stormy,State Highway,Under Construction,Daylight,20.5937,78.9629,Evening
Chandigarh,18-30,Medium Risk,No priority to pedestrian,Bus,Stormy,Village Road,Wet,Dusk,20.5937,78.9629,Morning
Chandigarh,18-30,Medium Risk,Driving carelessly,Truck,Rainy,National Highway,Damaged,Dark,20.5937,78.9629,Evening
Chandigarh,18-30,Medium Risk,No distancing,Bus,Clear,Highways,Normal,Dark,20.5937,78.9629,Night
Khozikode,18-30,Low Risk,Driving carelessly,Pedestrian,Clear,Highways,Normal,Daylight,20.5937,78.9629,Afternoon
Chandigarh,31-50,Medium Risk,Driving carelessly,Car,Clear,National Highway,Under Construction,Daylight,20.5937,78.9629,Night
Agra,18-30,Low Risk,Moving Backward,Car,Foggy,Highways,Normal,Dark,27.1767,78.0081,Evening
Nashik,18-30,Low Risk,Overtaking,Auto-Rickshaw,Clear,Highways,Normal,Daylight,20.5937,78.9629,Night
Chennai,18-30,Medium Risk,No priority to vehicle,Truck,Clear,State Highway,Normal,Dark,13.0827,80.2707,Afternoon
Chennai,18-30,Medium Risk,No priority to vehicle,Truck,Foggy,Urban Road,Under Construction,Daylight,13.0827,80.2707,Night
Chennai,50+,Medium Risk,Changing lane to the left,Car,Clear,State Highway,Dry,Dawn,13.0827,80.2707,Morning
Chennai,18-30,Medium Risk,No priority to vehicle,Cycle,Clear,State Highway,Wet,Dark,13.0827,80.2707,Night
Chennai,31-50,Medium Risk,No distancing,Auto-Rickshaw,Clear,National Highway,Damaged,Dark,13.0827,80.2707,Night
Chennai,18-30,Low Risk,Moving Backward,Truck,Clear,Highways,Normal,Dark,13.0827,80.2707,Morning
Chennai,50+,Medium Risk,Changing lane to the right,Cycle,Stormy,National Highway,Under Construction,Dawn,13.0827,80.2707,Night
Chennai,18-30,Medium Risk,No distancing,Two-Wheeler,Stormy,Village Road,Normal,Dark,13.0827,80.2707,Morning
Chennai,18-30,Medium Risk,Overtaking,Auto-Rickshaw,Clear,State Highway,Damaged,Dark,13.0827,80.2707,Afternoon
Chennai,18-30,Medium Risk,No distancing,Pedestrian,Clear,Village Road,Wet,Daylight,13.0827,80.2707,Night
Chennai,18-30,Low Risk,Changing lane to the left,Pedestrian,Hazy,Highways,Normal,Dusk,13.0827,80.2707,Night
Chennai,18-30,Medium Risk,Driving under the influence of drugs,Auto-Rickshaw,Foggy,Urban Road,Under Construction,Daylight,13.0827,80.2707,Morning
Chennai,31-50,Medium Risk,No distancing,Cycle,Clear,State Highway,Wet,Daylight,13.0827,80.2707,Night
Asansol Durgapur,18-30,Low Risk,No distancing,Cycle,Clear,Highways,Normal,Daylight,20.5937,78.9629,Night
Chennai,18-30,Medium Risk,Changing lane to the right,Bus,Hazy,State Highway,Damaged,Daylight,13.0827,80.2707,Morning
Chennai,18-30,Low Risk,Changing lane to the left,Car,Clear,Highways,Normal,Daylight,13.0827,80.2707,Evening
Meerut,31-50,Low Risk,Moving Backward,Bus,Rainy,Highways,Normal,Dawn,20.5937,78.9629,Morning
Chennai,18-30,Medium Risk,No distancing,Car,Clear,State Highway,Under Construction,Daylight,13.0827,80.2707,Morning
Chennai,31-50,Medium Risk,No distancing,Two-Wheeler,Foggy,State Highway,Dry,Daylight,13.0827,80.2707,Night
Chennai,18-30,Medium Risk,Driving carelessly,Car,Clear,National Highway,Wet,Dawn,13.0827,80.2707,Night
Chennai,18-30,Medium Risk,Moving Backward,Pedestrian,Clear,State Highway,Normal,Daylight,13.0827,80.2707,Morning
Lucknow,18-30,Medium Risk,No distancing,Bus,Foggy,Highways,Normal,Daylight,26.8467,80.9462,Night
Chennai,18-30,Medium Risk,Changing lane to the right,Bus,Clear,National Highway,Damaged,Daylight,13.0827,80.2707,Night
Ludhiana,18-30,Low Risk,Driving carelessly,Two-Wheeler,Foggy,Highways,Normal,Daylight,20.5937,78.9629,Morning
Chennai,50+,Medium Risk,Driving to the left,Pedestrian,Hazy,Highways,Normal,Daylight,13.0827,80.2707,Morning
Delhi,31-50,Medium Risk,Changing lane to the right,Truck,Clear,Highways,Normal,Dark,28.6139,77.209,Morning
Chennai,31-50,Medium Risk,Driving carelessly,Truck,Clear,State Highway,Under Construction,Dark,13.0827,80.2707,Night
Chennai,18-30,Medium Risk,Changing lane to the right,Two-Wheeler,Stormy,Village Road,Dry,Dark,13.0827,80.2707,Afternoon
Chennai,18-30,Medium Risk,No priority to vehicle,Car,Clear,Village Road,Under Construction,Dusk,13.0827,80.2707,Afternoon
Chennai,18-30,Medium Risk,Changing lane to the right,Car,Clear,Village Road,Dry,Daylight,13.0827,80.2707,Morning
Coimbatore,31-50,Medium Risk,Turnover,Truck,Clear,Urban Road,Under Construction,Daylight,20.5937,78.9629,Morning
Coimbatore,18-30,Medium Risk,No priority to vehicle,Auto-Rickshaw,Rainy,Urban Road,Under Construction,Daylight,20.5937,78.9629,Evening
Coimbatore,18-30,Medium Risk,Driving at high speed,Two-Wheeler,Clear,Village Road,Dry,Daylight,20.5937,78.9629,Night
Coimbatore,18-30,Medium Risk,No distancing,Auto-Rickshaw,Rainy,Highways,Normal,Dusk,20.5937,78.9629,Afternoon
Coimbatore,18-30,Medium Risk,No distancing,Cycle,Clear,State Highway,Under Construction,Dawn,20.5937,78.9629,Night
Coimbatore,18-30,Medium Risk,Driving carelessly,Two-Wheeler,Stormy,Highways,Normal,Dawn,20.5937,78.9629,Afternoon
Coimbatore,50+,Medium Risk,Driving carelessly,Car,Foggy,Village Road,Under Construction,Daylight,20.5937,78.9629,Evening
Coimbatore,18-30,Medium Risk,Moving Backward,Bus,Clear,Highways,Normal,Daylight,20.5937,78.9629,Night
Coimbatore,18-30,Medium Risk,No distancing,Truck,Foggy,Highways,Normal,Dawn,20.5937,78.9629,Evening
Coimbatore,50+,Medium Risk,Changing lane to the right,Cycle,Rainy,Village Road,Dry,Dark,20.5937,78.9629,Night
Coimbatore,31-50,Medium Risk,Overtaking,Car,Foggy,State Highway,Dry,Dawn,20.5937,78.9629,Night
Coimbatore,18-30,Medium Risk,No distancing,Car,Foggy,Village Road,Wet,Daylight,20.5937,78.9629,Night
Coimbatore,18-30,Medium Risk,Overtaking,Car,Clear,Urban Road,Dry,Dark,20.5937,78.9629,Afternoon
Coimbatore,31-50,Medium Risk,Moving Backward,Car,Stormy,Urban Road,Wet,Dawn,20.5937,78.9629,Afternoon
Coimbatore,18-30,Medium Risk,No distancing,Pedestrian,Clear,Village Road,Dry,Daylight,20.5937,78.9629,Morning
Coimbatore,18-30,Medium Risk,No distancing,Bus,Clear,State Highway,Under Construction,Dawn,20.5937,78.9629,Morning
Coimbatore,18-30,Medium Risk,No priority to vehicle,Cycle,Clear,Urban Road,Wet,Dusk,20.5937,78.9629,Night
Coimbatore,31-50,Medium Risk,No priority to vehicle,Car,Clear,Highways,Normal,Dawn,20.5937,78.9629,Night
Coimbatore,18-30,Medium Risk,Changing lane to the left,Auto-Rickshaw,Stormy,Urban Road,Under Construction,Daylight,20.5937,78.9629,Night
Coimbatore,31-50,Medium Risk,No distancing,Pedestrian,Clear,National Highway,Under Construction,Daylight,20.5937,78.9629,Night
Coimbatore,18-30,Medium Risk,Driving under the influence of drugs,Car,Clear,State Highway,Wet,Dawn,20.5937,78.9629,Morning
Coimbatore,31-50,Medium Risk,Changing lane to the left,Truck,Hazy,Highways,Normal,Dusk,20.5937,78.9629,Afternoon
Coimbatore,31-50,Medium Risk,Changing lane to the right,Pedestrian,Hazy,Highways,Normal,Daylight,20.5937,78.9629,Night
Coimbatore,31-50,Medium Risk,Driving to the left,Truck,Clear,Village Road,Damaged,Daylight,20.5937,78.9629,Morning
Coimbatore,18-30,Medium Risk,Driving at high speed,Two-Wheeler,Foggy,Highways,Normal,Daylight,20.5937,78.9629,Morning
Kolkata,18-30,Medium Risk,Overtaking,Car,Hazy,Highways,Normal,Daylight,22.5726,88.3639,Afternoon
Coimbatore,18-30,Medium Risk,Changing lane to the right,Bus,Clear,Urban Road,Damaged,Daylight,20.5937,78.9629,Morning
Coimbatore,18-30,Medium Risk,Changing lane to the right,Pedestrian,Clear,State Highway,Dry,Dusk,20.5937,78.9629,Morning
Coimbatore,18-30,Medium Risk,Moving Backward,Pedestrian,Hazy,Urban Road,Under Construction,Dusk,20.5937,78.9629,Evening
Coimbatore,18-30,Medium Risk,Moving Backward,Bus,Clear,Village Road,Dry,Dawn,20.5937,78.9629,Morning
Delhi,18-30,Medium Risk,Changing lane to the left,Cycle,Clear,Urban Road,Wet,Daylight,28.6139,77.209,Afternoon
Delhi,18-30,Medium Risk,Moving Backward,Truck,Foggy,National Highway,Damaged,Dark,28.6139,77.209,Night
Delhi,50+,Medium Risk,No distancing,Car,Clear,State Highway,Normal,Daylight,28.6139,77.209,Night
Delhi,31-50,Medium Risk,Moving Backward,Cycle,Clear,Highways,Normal,Daylight,28.6139,77.209,Morning
Delhi,31-50,Low Risk,Changing lane to the right,Car,Rainy,Highways,Normal,Dawn,28.6139,77.209,Morning
Delhi,31-50,Low Risk,Changing lane to the left,Bus,Hazy,Highways,Normal,Dark,28.6139,77.209,Morning
Delhi,31-50,Medium Risk,No priority to vehicle,Cycle,Stormy,State Highway,Normal,Daylight,28.6139,77.209,Night
Delhi,18-30,Medium Risk,No distancing,Car,Clear,State Highway,Under Construction,Daylight,28.6139,77.209,Afternoon
Delhi,31-50,Medium Risk,No priority to vehicle,Cycle,Clear,Urban Road,Damaged,Dusk,28.6139,77.209,Morning
Chandigarh,18-30,Low Risk,Driving under the influence of drugs,Cycle,Clear,Highways,Normal,Dawn,20.5937,78.9629,Morning
Delhi,31-50,Medium Risk,Changing lane to the right,Auto-Rickshaw,Clear,State Highway,Normal,Dawn,28.6139,77.209,Morning
Delhi,18-30,Medium Risk,No distancing,Auto-Rickshaw,Clear,National Highway,Damaged,Dusk,28.6139,77.209,Afternoon
Delhi,18-30,Medium Risk,No distancing,Auto-Rickshaw,Hazy,Urban Road,Wet,Dawn,28.6139,77.209,Night
Delhi,18-30,Medium Risk,Changing lane to the left,Car,Clear,State Highway,Dry,Dawn,28.6139,77.209,Evening
Bengaluru,18-30,Low Risk,Changing lane to the right,Bus,Foggy,Highways,Normal,Dark,12.9716,77.5946,Morning
Delhi,31-50,Low Risk,Changing lane to the right,Cycle,Clear,Highways,Normal,Dusk,28.6139,77.209,Morning
Delhi,18-30,Medium Risk,Driving under the influence of drugs,Auto-Rickshaw,Rainy,National Highway,Under Construction,Dark,28.6139,77.209,Morning
Delhi,18-30,Medium Risk,Moving Backward,Cycle,Stormy,Village Road,Damaged,Daylight,28.6139,77.209,Evening
Delhi,31-50,Medium Risk,Changing lane to the left,Truck,Clear,Village Road,Damaged,Dark,28.6139,77.209,Afternoon
Delhi,18-30,Medium Risk,No priority to pedestrian,Pedestrian,Clear,State Highway,Damaged,Daylight,28.6139,77.209,Night
Delhi,18-30,Medium Risk,No distancing,Auto-Rickshaw,Stormy,National Highway,Under Construction,Dusk,28.6139,77.209,Evening
Delhi,18-30,Medium Risk,No distancing,Pedestrian,Clear,Highways,Normal,Daylight,28.6139,77.209,Evening
Delhi,31-50,Medium Risk,Changing lane to the left,Cycle,Rainy,Urban Road,Dry,Daylight,28.6139,77.209,Afternoon
Delhi,18-30,Medium Risk,Changing lane to the right,Two-Wheeler,Rainy,State Highway,Dry,Daylight,28.6139,77.209,Night
Delhi,50+,Medium Risk,Driving carelessly,Two-Wheeler,Clear,National Highway,Wet,Dawn,28.6139,77.209,Night
Delhi,18-30,Medium Risk,No distancing,Car,Clear,Urban Road,Dry,Dusk,28.6139,77.209,Night
Delhi,18-30,Medium Risk,Changing lane to the left,Car,Clear,Urban Road,Wet,Dark,28.6139,77.209,Evening
Delhi,18-30,Medium Risk,Moving Backward,Car,Foggy,State Highway,Wet,Dusk,28.6139,77.209,Morning
Delhi,31-50,Medium Risk,No distancing,Auto-Rickshaw,Clear,State Highway,Wet,Dark,28.6139,77.209,Evening
Delhi,50+,Medium Risk,No priority to pedestrian,Pedestrian,Stormy,Village Road,Wet,Dawn,28.6139,77.209,Night
Dhanbad,50+,Medium Risk,Changing lane to the left,Auto-Rickshaw,Hazy,Urban Road,Wet,Dark,20.5937,78.9629,Afternoon
Dhanbad,18-30,Medium Risk,No distancing,Car,Clear,Urban Road,Dry,Daylight,20.5937,78.9629,Evening
Dhanbad,18-30,Low Risk,Driving carelessly,Car,Clear,Highways,Normal,Dusk,20.5937,78.9629,Afternoon
Dhanbad,18-30,Medium Risk,No priority to vehicle,Pedestrian,Stormy,Urban Road,Damaged,Daylight,20.5937,78.9629,Morning
Nashik,31-50,Low Risk,Changing lane to the right,Bus,Clear,Highways,Normal,Daylight,20.5937,78.9629,Evening
Dhanbad,18-30,Medium Risk,Moving Backward,Car,Clear,Village Road,Under Construction,Dawn,20.5937,78.9629,Evening
Dhanbad,18-30,Low Risk,No priority to vehicle,Bus,Clear,Highways,Normal,Daylight,20.5937,78.9629,Night
Dhanbad,18-30,Medium Risk,No priority to pedestrian,Car,Hazy,National Highway,Wet,Daylight,20.5937,78.9629,Morning
Dhanbad,18-30,Medium Risk,Changing lane to the left,Truck,Clear,National Highway,Dry,Daylight,20.5937,78.9629,Morning
Dhanbad,18-30,Medium Risk,Changing lane to the left,Pedestrian,Clear,Village Road,Under Construction,Daylight,20.5937,78.9629,Night
Dhanbad,18-30,Low Risk,Driving under the influence of drugs,Two-Wheeler,Clear,Highways,Normal,Dusk,20.5937,78.9629,Morning
Dhanbad,31-50,Medium Risk,Moving Backward,Bus,Clear,Urban Road,Under Construction,Dusk,20.5937,78.9629,Night
Dhanbad,31-50,Medium Risk,Changing lane to the right,Cycle,Hazy,National Highway,Under Construction,Dark,20.5937,78.9629,Night
Dhanbad,31-50,Medium Risk,Changing lane to the right,Car,Clear,Urban Road,Dry,Daylight,20.5937,78.9629,Morning
Dhanbad,18-30,Medium Risk,No distancing,Pedestrian,Clear,State Highway,Wet,Dawn,20.5937,78.9629,Evening
Dhanbad,50+,Medium Risk,Moving Backward,Cycle,Clear,Village Road,Wet,Dawn,20.5937,78.9629,Night
Dhanbad,31-50,Medium Risk,No distancing,Car,Rainy,Village Road,Wet,Dark,20.5937,78.9629,Morning
Dhanbad,18-30,Medium Risk,Driving carelessly,Car,Clear,Highways,Normal,Daylight,20.5937,78.9629,Night
Dhanbad,31-50,Medium Risk,No priority to pedestrian,Cycle,Stormy,National Highway,Wet,Daylight,20.5937,78.9629,Afternoon
Dhanbad,31-50,Medium Risk,No priority to vehicle,Truck,Rainy,National Highway,Under Construction,Dusk,20.5937,78.9629,Evening
Dhanbad,31-50,Low Risk,Moving Backward,Two-Wheeler,Foggy,Highways,Normal,Daylight,20.5937,78.9629,Night
Dhanbad,50+,Medium Risk,Changing lane to the right,Car,Foggy,Urban Road,Wet,Dark,20.5937,78.9629,Night
Dhanbad,31-50,Medium Risk,No distancing,Cycle,Clear,Village Road,Dry,Daylight,20.5937,78.9629,Night
Dhanbad,18-30,Low Risk,Driving carelessly,Bus,Rainy,Highways,Normal,Dark,20.5937,78.9629,Afternoon
Dhanbad,18-30,Medium Risk,Changing lane to the left,Car,Clear,Village Road,Damaged,Daylight,20.5937,78.9629,Afternoon
Dhanbad,31-50,Low Risk,Moving Backward,Bus,Foggy,Highways,Normal,Daylight,20.5937,78.9629,Evening
Dhanbad,31-50,Low Risk,No distancing,Car,Hazy,Highways,Normal,Dawn,20.5937,78.9629,Morning
Dhanbad,18-30,Medium Risk,Changing lane to the right,Bus,Stormy,State Highway,Wet,Daylight,20.5937,78.9629,Night
Dhanbad,18-30,Medium Risk,No priority to vehicle,Cycle,Foggy,Highways,Normal,Dawn,20.5937,78.9629,Evening
Dhanbad,31-50,Low Risk,Getting off the vehicle improperly,Pedestrian,Clear,Highways,Normal,Daylight,20.5937,78.9629,Night
Faridabad,18-30,Low Risk,No distancing,Cycle,Clear,Highways,Normal,Dusk,20.5937,78.9629,Morning
Faridabad,18-30,Medium Risk,No distancing,Auto-Rickshaw,Clear,Highways,Normal,Daylight,20.5937,78.9629,Night
Faridabad,18-30,Medium Risk,Changing lane to the left,Pedestrian,Stormy,State Highway,Under Construction,Dark,20.5937,78.9629,Morning
Faridabad,18-30,Medium Risk,No priority to vehicle,Car,Foggy,Village Road,Wet,Daylight,20.5937,78.9629,Night
Faridabad,18-30,Medium Risk,Driving carelessly,Bus,Clear,Urban Road,Damaged,Dawn,20.5937,78.9629,Afternoon
Faridabad,50+,Medium Risk,Changing lane to the right,Auto-Rickshaw,Foggy,Village Road,Dry,Daylight,20.5937,78.9629,Evening
Faridabad,18-30,Low Risk,No distancing,Pedestrian,Clear,Highways,Normal,Dark,20.5937,78.9629,Morning
Faridabad,18-30,Medium Risk,Changing lane to the right,Two-Wheeler,Clear,Highways,Normal,Daylight,20.5937,78.9629,Night
Faridabad,31-50,Medium Risk,No distancing,Car,Foggy,Urban Road,Wet,Daylight,20.5937,78.9629,Night
Faridabad,31-50,Medium Risk,Driving under the influence of drugs,Bus,Clear,Village Road,Wet,Daylight,20.5937,78.9629,Morning
Faridabad,18-30,Medium Risk,Changing lane to the left,Cycle,Clear,Village Road,Dry,Daylight,20.5937,78.9629,Morning
Faridabad,18-30,Medium Risk,Getting off the vehicle improperly,Car,Clear,Highways,Normal,Daylight,20.5937,78.9629,Night
Faridabad,50+,Medium Risk,Overloading,Two-Wheeler,Clear,Urban Road,Wet,Dawn,20.5937,78.9629,Night
Faridabad,31-50,Medium Risk,Driving carelessly,Cycle,Stormy,State Highway,Dry,Daylight,20.5937,78.9629,Evening
Faridabad,18-30,Medium Risk,Overtaking,Cycle,Clear,Highways,Normal,Dawn,20.5937,78.9629,Afternoon
Faridabad,18-30,Medium Risk,No distancing,Car,Stormy,Highways,Normal,Dawn,20.5937,78.9629,Night
Faridabad,18-30,Medium Risk,Overturning,Car,Foggy,Urban Road,Under Construction,Dawn,20.5937,78.9629,Night
Faridabad,18-30,Medium Risk,Driving carelessly,Auto-Rickshaw,Stormy,State Highway,Damaged,Daylight,20.5937,78.9629,Afternoon
Faridabad,18-30,Medium Risk,No priority to pedestrian,Bus,Clear,Village Road,Dry,Daylight,20.5937,78.9629,Evening
Faridabad,18-30,Medium Risk,No distancing,Pedestrian,Clear,State Highway,Dry,Daylight,20.5937,78.9629,Evening
Faridabad,18-30,Medium Risk,No priority to vehicle,Car,Stormy,Urban Road,Dry,Daylight,20.5937,78.9629,Night
Faridabad,18-30,Low Risk,Getting off the vehicle improperly,Car,Clear,Highways,Normal,Daylight,20.5937,78.9629,Morning
Faridabad,18-30,Medium Risk,No priority to pedestrian,Car,Clear,Urban Road,Dry,Dusk,20.5937,78.9629,Night
Faridabad,18-30,Medium Risk,Changing lane to the right,Auto-Rickshaw,Clear,Village Road,Dry,Dusk,20.5937,78.9629,Morning
Faridabad,31-50,Medium Risk,Moving Backward,Auto-Rickshaw,Clear,State Highway,Wet,Daylight,20.5937,78.9629,Afternoon
Faridabad,18-30,Medium Risk,Changing lane to the left,Car,Rainy,Highways,Normal,Daylight,20.5937,78.9629,Evening
Faridabad,18-30,Medium Risk,No distancing,Car,Foggy,Urban Road,Wet,Dark,20.5937,78.9629,Evening
Faridabad,18-30,Medium Risk,Driving carelessly,Cycle,Hazy,Urban Road,Under Construction,Dawn,20.5937,78.9629,Night
Faridabad,31-50,Medium Risk,Driving under the influence of drugs,Cycle,Hazy,Highways,Normal,Daylight,20.5937,78.9629,Afternoon
Faridabad,31-50,Medium Risk,Driving carelessly,Auto-Rickshaw,Clear,Urban Road,Normal,Daylight,20.5937,78.9629,Night
Ghaziabad,18-30,Medium Risk,Driving carelessly,Two-Wheeler,Clear,National Highway,Dry,Dark,20.5937,78.9629,Afternoon
Ghaziabad,31-50,Low Risk,Changing lane to the right,Pedestrian,Clear,Highways,Normal,Dark,20.5937,78.9629,Morning
Ghaziabad,50+,Medium Risk,No distancing,Bus,Rainy,National Highway,Normal,Dusk,20.5937,78.9629,Morning
Mumbai,18-30,Low Risk,Driving carelessly,Truck,Stormy,Highways,Normal,Dark,19.076,72.8777,Afternoon
Ghaziabad,18-30,Medium Risk,No priority to pedestrian,Truck,Hazy,Village Road,Normal,Daylight,20.5937,78.9629,Morning
Ghaziabad,18-30,Medium Risk,No distancing,Car,Clear,State Highway,Damaged,Daylight,20.5937,78.9629,Night
Ghaziabad,18-30,Medium Risk,Moving Backward,Auto-Rickshaw,Foggy,Village Road,Damaged,Dark,20.5937,78.9629,Morning
Ghaziabad,18-30,Medium Risk,Moving Backward,Car,Hazy,State Highway,Damaged,Daylight,20.5937,78.9629,Afternoon
Ghaziabad,18-30,Medium Risk,No priority to vehicle,Two-Wheeler,Clear,National Highway,Normal,Daylight,20.5937,78.9629,Morning
Ghaziabad,18-30,Medium Risk,No distancing,Auto-Rickshaw,Clear,State Highway,Under Construction,Daylight,20.5937,78.9629,Afternoon
Ghaziabad,31-50,Medium Risk,Moving Backward,Bus,Clear,Urban Road,Damaged,Daylight,20.5937,78.9629,Night
Ghaziabad,31-50,Medium Risk,Changing lane to the right,Cycle,Clear,Village Road,Under Construction,Dusk,20.5937,78.9629,Morning
Ghaziabad,31-50,Medium Risk,Moving Backward,Car,Clear,National Highway,Under Construction,Daylight,20.5937,78.9629,Afternoon
Ghaziabad,18-30,Medium Risk,Changing lane to the right,Cycle,Stormy,State Highway,Dry,Dusk,20.5937,78.9629,Night
Gwalior,31-50,Low Risk,Driving carelessly,Cycle,Clear,Highways,Normal,Daylight,20.5937,78.9629,Morning
Ghaziabad,50+,Medium Risk,Changing lane to the right,Bus,Clear,Highways,Normal,Daylight,20.5937,78.9629,Night
Ghaziabad,18-30,Medium Risk,No distancing,Two-Wheeler,Clear,Village Road,Dry,Dawn,20.5937,78.9629,Night
Ghaziabad,31-50,Medium Risk,Moving Backward,Car,Clear,Highways,Normal,Dark,20.5937,78.9629,Night
Ghaziabad,18-30,Medium Risk,Driving carelessly,Truck,Hazy,Village Road,Dry,Daylight,20.5937,78.9629,Afternoon
Ghaziabad,18-30,Medium Risk,No distancing,Two-Wheeler,Clear,State Highway,Damaged,Daylight,20.5937,78.9629,Morning
Ghaziabad,18-30,Medium Risk,No priority to vehicle,Car,Clear,National Highway,Damaged,Dark,20.5937,78.9629,Morning
Kota,18-30,Low Risk,Changing lane to the right,Car,Clear,Highways,Normal,Daylight,20.5937,78.9629,Evening
Ghaziabad,18-30,Medium Risk,Moving Backward,Car,Rainy,Village Road,Under Construction,Dark,20.5937,78.9629,Morning
Ghaziabad,18-30,Medium Risk,Driving under the influence of drugs,Truck,Clear,Village Road,Dry,Daylight,20.5937,78.9629,Afternoon
Ghaziabad,18-30,Medium Risk,Changing lane to the right,Two-Wheeler,Clear,Village Road,Wet,Dusk,20.5937,78.9629,Night
Ludhiana,18-30,Low Risk,No priority to vehicle,Two-Wheeler,Clear,Highways,Normal,Daylight,20.5937,78.9629,Evening
Ghaziabad,18-30,Medium Risk,Changing lane to the left,Pedestrian,Clear,State Highway,Wet,Dark,20.5937,78.9629,Afternoon
Ghaziabad,18-30,Medium Risk,Driving carelessly,Pedestrian,Clear,National Highway,Damaged,Daylight,20.5937,78.9629,Night
Ghaziabad,31-50,Medium Risk,No priority to pedestrian,Two-Wheeler,Clear,State Highway,Wet,Dusk,20.5937,78.9629,Evening
Ghaziabad,18-30,Medium Risk,No priority to pedestrian,Car,Clear,Village Road,Damaged,Daylight,20.5937,78.9629,Night
Hyderabad,18-30,Low Risk,Changing lane to the right,Truck,Rainy,Highways,Normal,Daylight,17.385,78.4867,Night
Gwalior,31-50,Medium Risk,Drunk driving,Pedestrian,Foggy,National Highway,Wet,Dawn,20.5937,78.9629,Morning