Million_Plus_Cities,Age_band_of_driver,Accident_severity,Cause_of_accident,Vehicle Type Involved,Weather Conditions,Road Type,Road Condition,Lighting Conditions,Latitude,Longitude,Time_Block
Gwalior,18-30,Medium Risk,Changing lane to the left,Pedestrian,Foggy,Highways,Normal,Dawn,20.5937,78.9629,Morning
Thiruvanthapuram,18-30,Medium Risk,Changing lane to the left,Car,Foggy,Highways,Normal,Daylight,20.5937,78.9629,Night
Aurangabad,50+,Low Risk,Driving to the left,Car,Clear,Highways,Normal,Dusk,20.5937,78.9629,Morning
Madurai,18-30,Low Risk,Changing lane to the left,Cycle,Clear,Highways,Normal,Daylight,20.5937,78.9629,Evening
Gwalior,50+,Medium Risk,Driving under the influence of drugs,Two-Wheeler,Hazy,Village Road,Damaged,Dawn,20.5937,78.9629,Morning
Gwalior,18-30,Low Risk,No priority to pedestrian,Bus,Clear,Highways,Normal,Dawn,20.5937,78.9629,Evening
Gwalior,18-30,Medium Risk,Changing lane to the left,Auto-Rickshaw,Clear,Village Road,Damaged,Dark,20.5937,78.9629,Evening
Gwalior,31-50,Medium Risk,Moving Backward,Truck,Hazy,National Highway,Dry,Dawn,20.5937,78.9629,Night
Gwalior,31-50,Medium Risk,No distancing,Pedestrian,Foggy,National Highway,Under Construction,Daylight,20.5937,78.9629,Morning
Gwalior,50+,Medium Risk,Changing lane to the right,Pedestrian,Clear,State Highway,Damaged,Dawn,20.5937,78.9629,Night
Gwalior,18-30,Low Risk,No priority to vehicle,Bus,Clear,Highways,Normal,Daylight,20.5937,78.9629,Night
Gwalior,31-50,Medium Risk,Moving Backward,Car,Clear,Highways,Normal,Dawn,20.5937,78.9629,Night
Gwalior,18-30,Low Risk,Overtaking,Truck,Clear,Highways,Normal,Dawn,20.5937,78.9629,Morning
Srinagar,18-30,Low Risk,Changing lane to the left,Pedestrian,Rainy,Highways,Normal,Dark,20.5937,78.9629,Evening
Gwalior,31-50,Medium Risk,Changing lane to the right,Auto-Rickshaw,Clear,Village Road,Damaged,Dawn,20.5937,78.9629,Afternoon
Gwalior,31-50,Medium Risk,Overtaking,Bus,Stormy,Village Road,Under Construction,Dark,20.5937,78.9629,Night
Gwalior,31-50,Medium Risk,Overloading,Cycle,Clear,Urban Road,Dry,Dawn,20.5937,78.9629,Night
Gwalior,18-30,Medium Risk,Other,Car,Hazy,State Highway,Wet,Dark,20.5937,78.9629,Night
Gwalior,18-30,Medium Risk,No priority to vehicle,Two-Wheeler,Rainy,Village Road,Wet,Dawn,20.5937,78.9629,Night
Allahabad(Prayagraj),18-30,Medium Risk,Changing lane to the right,Auto-Rickshaw,Foggy,Highways,Normal,Dawn,20.5937,78.9629,Evening
Gwalior,18-30,Medium Risk,Moving Backward,Truck,Clear,National Highway,Wet,Dusk,20.5937,78.9629,Night
Gwalior,31-50,Medium Risk,Changing lane to the left,Cycle,Foggy,Urban Road,Damaged,Daylight,20.5937,78.9629,Afternoon
Gwalior,18-30,Medium Risk,No priority to pedestrian,Truck,Hazy,Village Road,Dry,Dawn,20.5937,78.9629,Evening
Gwalior,31-50,Medium Risk,No distancing,Auto-Rickshaw,Stormy,Village Road,Wet,Daylight,20.5937,78.9629,Morning
Gwalior,18-30,Medium Risk,No priority to vehicle,Auto-Rickshaw,Clear,National Highway,Under Construction,Dark,20.5937,78.9629,Night
Gwalior,50+,Medium Risk,No distancing,Pedestrian,Rainy,Urban Road,Wet,Daylight,20.5937,78.9629,Evening
Surat,18-30,Medium Risk,No distancing,Truck,Clear,Highways,Normal,Daylight,21.1702,72.8311,Morning
Gwalior,18-30,Medium Risk,Moving Backward,Car,Clear,National Highway,Under Construction,Dusk,20.5937,78.9629,Afternoon
Hyderabad,18-30,Medium Risk,Changing lane to the right,Bus,Hazy,Village Road,Damaged,Daylight,17.385,78.4867,Afternoon
Kochi,18-30,Low Risk,No priority to pedestrian,Car,Clear,Highways,Normal,Dusk,20.5937,78.9629,Morning
Hyderabad,31-50,Medium Risk,Moving Backward,Truck,Clear,National Highway,Normal,Dawn,17.385,78.4867,Afternoon
Nagpur,18-30,Low Risk,Getting off the vehicle improperly,Car,Clear,Highways,Normal,Dawn,20.5937,78.9629,Evening
Dhanbad,18-30,Medium Risk,Overtaking,Pedestrian,Clear,Highways,Normal,Dusk,20.5937,78.9629,Night
Hyderabad,18-30,Medium Risk,Overloading,Truck,Clear,State Highway,Damaged,Daylight,17.385,78.4867,Afternoon
Hyderabad,31-50,Medium Risk,Changing lane to the right,Car,Clear,National Highway,Wet,Dusk,17.385,78.4867,Night
Hyderabad,31-50,Medium Risk,Improper parking,Car,Hazy,State Highway,Dry,Daylight,17.385,78.4867,Morning
Hyderabad,18-30,Medium Risk,Other,Truck,Stormy,National Highway,Dry,Dark,17.385,78.4867,Morning
Nashik,31-50,Low Risk,Changing lane to the left,Two-Wheeler,Clear,Highways,Normal,Daylight,20.5937,78.9629,Morning
Hyderabad,18-30,Medium Risk,Changing lane to the right,Cycle,Clear,State Highway,Dry,Daylight,17.385,78.4867,Afternoon
Hyderabad,31-50,Medium Risk,No priority to pedestrian,Pedestrian,Hazy,Village Road,Wet,Dark,17.385,78.4867,Afternoon
Hyderabad,31-50,Medium Risk,Overspeed,Car,Clear,Village Road,Under Construction,Dusk,17.385,78.4867,Morning
Hyderabad,50+,Medium Risk,Changing lane to the left,Two-Wheeler,Foggy,Urban Road,Dry,Daylight,17.385,78.4867,Morning
Hyderabad,18-30,Medium Risk,No priority to vehicle,Pedestrian,Clear,Village Road,Under Construction,Dawn,17.385,78.4867,Night
Hyderabad,18-30,Medium Risk,Changing lane to the right,Car,Foggy,State Highway,Dry,Dusk,17.385,78.4867,Night
Hyderabad,18-30,Medium Risk,No distancing,Cycle,Clear,Village Road,Dry,Dusk,17.385,78.4867,Morning
Hyderabad,18-30,Medium Risk,No priority to pedestrian,Auto-Rickshaw,Foggy,State Highway,Under Construction,Daylight,17.385,78.4867,Afternoon
Hyderabad,18-30,Medium Risk,No distancing,Car,Hazy,National Highway,Under Construction,Daylight,17.385,78.4867,Evening
Hyderabad,18-30,Medium Risk,No priority to vehicle,Car,Foggy,State Highway,Wet,Dark,17.385,78.4867,Afternoon
Hyderabad,18-30,Medium Risk,Other,Pedestrian,Clear,Village Road,Under Construction,Dark,17.385,78.4867,Night
Hyderabad,18-30,Medium Risk,Driving carelessly,Cycle,Stormy,Highways,Normal,Daylight,17.385,78.4867,Morning
Asansol Durgapur,50+,Low Risk,Changing lane to the left,Pedestrian,Clear,Highways,Normal,Dark,20.5937,78.9629,Morning
Hyderabad,31-50,Medium Risk,Driving carelessly,Bus,Clear,Village Road,Normal,Dusk,17.385,78.4867,Morning
Hyderabad,50+,Medium Risk,Changing lane to the left,Two-Wheeler,Clear,Highways,Normal,Dawn,17.385,78.4867,Night
Hyderabad,31-50,Medium Risk,No priority to vehicle,Cycle,Clear,State Highway,Under Construction,Daylight,17.385,78.4867,Night
Hyderabad,18-30,Low Risk,No distancing,Car,Clear,Highways,Normal,Dusk,17.385,78.4867,Evening
Hyderabad,31-50,Medium Risk,Changing lane to the right,Cycle,Foggy,Village Road,Damaged,Daylight,17.385,78.4867,Morning
Hyderabad,50+,Medium Risk,Changing lane to the right,Pedestrian,Foggy,National Highway,Normal,Dawn,17.385,78.4867,Afternoon
Ludhiana,31-50,Low Risk,Driving at high speed,Car,Hazy,Highways,Normal,Daylight,20.5937,78.9629,Morning
Indore,31-50,Medium Risk,No distancing,Auto-Rickshaw,Rainy,Village Road,Damaged,Dawn,20.5937,78.9629,Night
Indore,31-50,Medium Risk,Changing lane to the right,Car,Clear,State Highway,Damaged,Daylight,20.5937,78.9629,Evening
Ahmedabad,18-30,Low Risk,Changing lane to the left,Auto-Rickshaw,Clear,Highways,Normal,Dawn,23.0225,72.5714,Morning
Indore,18-30,Medium Risk,Getting off the vehicle improperly,Pedestrian,Clear,National Highway,Normal,Dark,20.5937,78.9629,Night
Indore,31-50,Medium Risk,Other,Two-Wheeler,Rainy,National Highway,Under Construction,Daylight,20.5937,78.9629,Night
Indore,18-30,Low Risk,Other,Pedestrian,Clear,Highways,Normal,Daylight,20.5937,78.9629,Morning
Indore,31-50,Medium Risk,No distancing,Car,Hazy,Village Road,Under Construction,Daylight,20.5937,78.9629,Evening
Indore,31-50,Medium Risk,No priority to vehicle,Bus,Hazy,State Highway,Damaged,Dusk,20.5937,78.9629,Night
Indore,50+,Low Risk,Overtaking,Pedestrian,Foggy,Highways,Normal,Dark,20.5937,78.9629,Morning
Amritsar,18-30,Low Risk,No priority to pedestrian,Car,Rainy,Highways,Normal,Dawn,20.5937,78.9629,Afternoon
Indore,31-50,Low Risk,No distancing,Auto-Rickshaw,Clear,Highways,Normal,Dawn,20.5937,78.9629,Afternoon
Patna,18-30,Low Risk,Changing lane to the right,Car,Clear,Highways,Normal,Daylight,25.5941,85.1376,Night
Indore,31-50,Medium Risk,Driving carelessly,Auto-Rickshaw,Clear,State Highway,Normal,Daylight,20.5937,78.9629,Evening
Indore,18-30,Medium Risk,Changing lane to the right,Two-Wheeler,Stormy,National Highway,Wet,Daylight,20.5937,78.9629,Night
Indore,50+,Medium Risk,Overtaking,Truck,Clear,Urban Road,Normal,Dark,20.5937,78.9629,Morning
Indore,31-50,Medium Risk,Other,Pedestrian,Hazy,Highways,Normal,Daylight,20.5937,78.9629,Morning
Indore,31-50,Medium Risk,Driving to the left,Truck,Stormy,State Highway,Dry,Dusk,20.5937,78.9629,Afternoon
Indore,18-30,Medium Risk,Driving at high speed,Auto-Rickshaw,Hazy,State Highway,Dry,Daylight,20.5937,78.9629,Morning
Indore,50+,Medium Risk,Unknown,Cycle,Foggy,Village Road,Dry,Daylight,20.5937,78.9629,Night
Indore,18-30,Low Risk,Changing lane to the right,Car,Stormy,Highways,Normal,Daylight,20.5937,78.9629,Morning
Indore,31-50,Low Risk,No distancing,Car,Clear,Highways,Normal,Daylight,20.5937,78.9629,Morning
Indore,31-50,Medium Risk,Other,Bus,Hazy,National Highway,Wet,Daylight,20.5937,78.9629,Morning
Indore,18-30,Medium Risk,No priority to vehicle,Truck,Rainy,Village Road,Wet,Daylight,20.5937,78.9629,Morning
Indore,31-50,Medium Risk,Changing lane to the left,Bus,Clear,State Highway,Wet,Dawn,20.5937,78.9629,Night
Coimbatore,50+,Low Risk,No priority to pedestrian,Auto-Rickshaw,Clear,Highways,Normal,Daylight,20.5937,78.9629,Night
Indore,31-50,Medium Risk,Overtaking,Bus,Clear,Urban Road,Damaged,Daylight,20.5937,78.9629,Morning
Jaipur,18-30,Medium Risk,Driving carelessly,Auto-Rickshaw,Clear,Highways,Normal,Dark,26.9124,75.7873,Morning
Indore,18-30,Medium Risk,No priority to vehicle,Pedestrian,Foggy,State Highway,Damaged,Dark,20.5937,78.9629,Night
Indore,31-50,Medium Risk,No priority to pedestrian,Cycle,Stormy,National Highway,Wet,Dusk,20.5937,78.9629,Afternoon
Kannur,31-50,Low Risk,Changing lane to the right,Auto-Rickshaw,Clear,Highways,Normal,Dark,20.5937,78.9629,Morning
Jabalpur,18-30,Medium Risk,Driving carelessly,Cycle,Clear,Urban Road,Under Construction,Dawn,20.5937,78.9629,Morning
Jabalpur,31-50,Medium Risk,Changing lane to the right,Cycle,Clear,State Highway,Damaged,Dawn,20.5937,78.9629,Afternoon
Jabalpur,18-30,Medium Risk,Changing lane to the right,Cycle,Stormy,State Highway,Wet,Dusk,20.5937,78.9629,Morning
Jabalpur,31-50,Medium Risk,Changing lane to the left,Car,Rainy,National Highway,Dry,Dawn,20.5937,78.9629,Morning
Jabalpur,18-30,Medium Risk,Overturning,Auto-Rickshaw,Foggy,Urban Road,Damaged,Daylight,20.5937,78.9629,Afternoon
Jabalpur,18-30,Medium Risk,Driving carelessly,Cycle,Clear,Highways,Normal,Dawn,20.5937,78.9629,Evening
Jabalpur,31-50,Low Risk,No distancing,Two-Wheeler,Clear,Highways,Normal,Dark,20.5937,78.9629,Morning
Jabalpur,31-50,Medium Risk,Driving carelessly,Car,Clear,Urban Road,Wet,Daylight,20.5937,78.9629,Morning
Jabalpur,18-30,Medium Risk,Changing lane to the left,Pedestrian,Clear,State Highway,Damaged,Daylight,20.5937,78.9629,Night
Jabalpur,31-50,Medium Risk,No priority to vehicle,Auto-Rickshaw,Rainy,State Highway,Wet,Dark,20.5937,78.9629,Night
Jabalpur,50+,Medium Risk,Changing lane to the right,Cycle,Clear,National Highway,Wet,Dark,20.5937,78.9629,Morning
Jabalpur,31-50,Medium Risk,No distancing,Car,Rainy,State Highway,Damaged,Daylight,20.5937,78.9629,Night
Jabalpur,18-30,Medium Risk,Moving Backward,Car,Clear,State Highway,Dry,Daylight,20.5937,78.9629,Afternoon
Jabalpur,18-30,Medium Risk,Moving Backward,Pedestrian,Hazy,Village Road,Wet,Daylight,20.5937,78.9629,Evening
Nagpur,18-30,Low Risk,No distancing,Cycle,Rainy,Highways,Normal,Daylight,20.5937,78.9629,Night
Asansol Durgapur,18-30,Medium Risk,No distancing,Auto-Rickshaw,Clear,Highways,Normal,Daylight,20.5937,78.9629,Evening
Jabalpur,50+,Medium Risk,No distancing,Bus,Clear,State Highway,Wet,Dawn,20.5937,78.9629,Morning
Indore,18-30,Low Risk,No priority to pedestrian,Car,Clear,Highways,Normal,Daylight,20.5937,78.9629,Night
Jabalpur,50+,Low Risk,Driving carelessly,Auto-Rickshaw,Clear,Highways,Normal,Daylight,20.5937,78.9629,Morning
Jabalpur,18-30,Medium Risk,Changing lane to the right,Auto-Rickshaw,Foggy,National Highway,Wet,Dusk,20.5937,78.9629,Morning
Jabalpur,18-30,Medium Risk,Changing lane to the left,Bus,Clear,State Highway,Damaged,Daylight,20.5937,78.9629,Evening
Jabalpur,18-30,Medium Risk,Driving carelessly,Two-Wheeler,Clear,Village Road,Wet,Daylight,20.5937,78.9629,Night
Jabalpur,18-30,Medium Risk,Driving carelessly,Auto-Rickshaw,Foggy,State Highway,Dry,Daylight,20.5937,78.9629,Evening
Jabalpur,18-30,Medium Risk,No distancing,Two-Wheeler,Rainy,National Highway,Normal,Daylight,20.5937,78.9629,Morning
Jabalpur,18-30,Medium Risk,Other,Two-Wheeler,Clear,State Highway,Damaged,Dawn,20.5937,78.9629,Night
Jabalpur,31-50,Medium Risk,Changing lane to the right,Auto-Rickshaw,Foggy,National Highway,Under Construction,Dusk,20.5937,78.9629,Afternoon
Jabalpur,18-30,Medium Risk,Changing lane to the right,Bus,Rainy,State Highway,Under Construction,Dusk,20.5937,78.9629,Night
Jabalpur,18-30,Low Risk,No distancing,Auto-Rickshaw,Clear,Highways,Normal,Daylight,20.5937,78.9629,Night
Jabalpur,50+,Medium Risk,No distancing,Car,Hazy,National Highway,Dry,Dawn,20.5937,78.9629,Afternoon
Madurai,18-30,Low Risk,Overturning,Two-Wheeler,Clear,Highways,Normal,Dawn,20.5937,78.9629,Morning
Jaipur,31-50,Medium Risk,Driving at high speed,Auto-Rickshaw,Stormy,National Highway,Under Construction,Dark,26.9124,75.7873,Morning
Jaipur,18-30,Medium Risk,No priority to vehicle,Pedestrian,Foggy,Urban Road,Wet,Daylight,26.9124,75.7873,Morning
Jaipur,18-30,Medium Risk,No priority to pedestrian,Pedestrian,Clear,Highways,Normal,Daylight,26.9124,75.7873,Morning
Jaipur,18-30,Medium Risk,No priority to vehicle,Bus,Clear,State Highway,Normal,Daylight,26.9124,75.7873,Morning
Jaipur,31-50,Medium Risk,Other,Pedestrian,Clear,Village Road,Damaged,Daylight,26.9124,75.7873,Afternoon
Jaipur,18-30,Low Risk,Other,Auto-Rickshaw,Clear,Highways,Normal,Daylight,26.9124,75.7873,Afternoon
Jaipur,18-30,Medium Risk,Moving Backward,Pedestrian,Hazy,Urban Road,Damaged,Daylight,26.9124,75.7873,Morning
Jaipur,31-50,Medium Risk,No distancing,Car,Foggy,Village Road,Damaged,Dusk,26.9124,75.7873,Night
Jaipur,18-30,Medium Risk,Moving Backward,Truck,Rainy,National Highway,Normal,Dusk,26.9124,75.7873,Afternoon
Jaipur,31-50,Medium Risk,No priority to vehicle,Two-Wheeler,Clear,Urban Road,Damaged,Dark,26.9124,75.7873,Night
Jaipur,31-50,Medium Risk,Driving carelessly,Auto-Rickshaw,Rainy,National Highway,Damaged,Dawn,26.9124,75.7873,Night
Jaipur,31-50,Medium Risk,No distancing,Cycle,Clear,State Highway,Under Construction,Daylight,26.9124,75.7873,Evening
Jaipur,31-50,Medium Risk,Other,Pedestrian,Foggy,National Highway,Wet,Dark,26.9124,75.7873,Afternoon
Jaipur,18-30,Medium Risk,Changing lane to the right,Car,Stormy,Urban Road,Normal,Dawn,26.9124,75.7873,Morning
Jaipur,50+,Medium Risk,No distancing,Bus,Clear,State Highway,Wet,Dawn,26.9124,75.7873,Night
Aurangabad,18-30,Low Risk,Driving carelessly,Two-Wheeler,Clear,Highways,Normal,Daylight,20.5937,78.9629,Afternoon
Jaipur,18-30,Medium Risk,No distancing,Truck,Stormy,Village Road,Wet,Dark,26.9124,75.7873,Afternoon
Kollam,18-30,Low Risk,No priority to vehicle,Cycle,Clear,Highways,Normal,Dusk,20.5937,78.9629,Morning
Bengaluru,18-30,Low Risk,Changing lane to the right,Bus,Stormy,Highways,Normal,Dusk,12.9716,77.5946,Afternoon
Jaipur,31-50,Medium Risk,No priority to pedestrian,Cycle,Clear,Highways,Normal,Daylight,26.9124,75.7873,Afternoon
Jaipur,31-50,Medium Risk,No priority to vehicle,Auto-Rickshaw,Clear,Village Road,Under Construction,Daylight,26.9124,75.7873,Morning
Jaipur,31-50,Medium Risk,Changing lane to the left,Two-Wheeler,Foggy,National Highway,Under Construction,Daylight,26.9124,75.7873,Evening
Jaipur,31-50,Medium Risk,Turnover,Car,Foggy,Village Road,Damaged,Daylight,26.9124,75.7873,Evening
Jaipur,18-30,Medium Risk,Driving to the left,Pedestrian,Foggy,State Highway,Damaged,Daylight,26.9124,75.7873,Afternoon
Jaipur,31-50,Low Risk,Driving carelessly,Truck,Clear,Highways,Normal,Daylight,26.9124,75.7873,Evening
Jaipur,18-30,Medium Risk,Driving to the left,Auto-Rickshaw,Rainy,Village Road,Dry,Daylight,26.9124,75.7873,Morning
Jaipur,18-30,Medium Risk,Driving carelessly,Truck,Clear,Village Road,Wet,Dawn,26.9124,75.7873,Afternoon
Jaipur,50+,Medium Risk,No priority to pedestrian,Cycle,Stormy,National Highway,Dry,Daylight,26.9124,75.7873,Evening
Jaipur,31-50,Low Risk,Driving carelessly,Cycle,Clear,Highways,Normal,Daylight,26.9124,75.7873,Afternoon
Jaipur,18-30,Medium Risk,Changing lane to the right,Car,Stormy,National Highway,Under Construction,Dusk,26.9124,75.7873,Morning
Jamshedpur,18-30,Medium Risk,Moving Backward,Truck,Hazy,National Highway,Dry,Dusk,20.5937,78.9629,Evening
Jamshedpur,18-30,Medium Risk,Driving carelessly,Truck,Rainy,National Highway,Dry,Daylight,20.5937,78.9629,Morning
Delhi,18-30,Low Risk,Changing lane to the right,Auto-Rickshaw,Rainy,Highways,Normal,Dawn,28.6139,77.209,Evening
Jamshedpur,18-30,Medium Risk,Driving carelessly,Pedestrian,Hazy,National Highway,Damaged,Daylight,20.5937,78.9629,Night
Jamshedpur,18-30,Medium Risk,Driving carelessly,Cycle,Rainy,Urban Road,Wet,Dawn,20.5937,78.9629,Morning
Jamshedpur,18-30,Medium Risk,Driving carelessly,Auto-Rickshaw,Foggy,State Highway,Dry,Daylight,20.5937,78.9629,Afternoon
Jamshedpur,31-50,Medium Risk,Changing lane to the right,Two-Wheeler,Clear,National Highway,Dry,Daylight,20.5937,78.9629,Afternoon
Jamshedpur,31-50,Low Risk,Changing lane to the right,Truck,Clear,Highways,Normal,Daylight,20.5937,78.9629,Night
Jamshedpur,18-30,Low Risk,Driving carelessly,Cycle,Rainy,Highways,Normal,Daylight,20.5937,78.9629,Night
Jamshedpur,18-30,Low Risk,Overtaking,Two-Wheeler,Clear,Highways,Normal,Dawn,20.5937,78.9629,Afternoon
Jamshedpur,18-30,Medium Risk,Changing lane to the right,Truck,Foggy,Highways,Normal,Dark,20.5937,78.9629,Evening
Jamshedpur,18-30,Medium Risk,No distancing,Cycle,Clear,State Highway,Normal,Daylight,20.5937,78.9629,Morning
Jamshedpur,50+,Medium Risk,Other,Bus,Clear,State Highway,Damaged,Daylight,20.5937,78.9629,Morning
Jamshedpur,31-50,Medium Risk,Changing lane to the right,Cycle,Hazy,Village Road,Wet,Dusk,20.5937,78.9629,Evening
Jamshedpur,18-30,Medium Risk,Changing lane to the right,Pedestrian,Foggy,Highways,Normal,Dawn,20.5937,78.9629,Afternoon
Jamshedpur,31-50,Medium Risk,Overtaking,Bus,Foggy,State Highway,Normal,Daylight,20.5937,78.9629,Night
Jamshedpur,31-50,Medium Risk,Other,Auto-Rickshaw,Hazy,National Highway,Dry,Dusk,20.5937,78.9629,Night
Jamshedpur,31-50,Medium Risk,Driving to the left,Bus,Clear,Urban Road,Wet,Dark,20.5937,78.9629,Night
Jamshedpur,18-30,Medium Risk,Overtaking,Car,Foggy,Urban Road,Damaged,Daylight,20.5937,78.9629,Night
Khozikode,50+,Low Risk,No priority to vehicle,Car,Clear,Highways,Normal,Dark,20.5937,78.9629,Night
Jamshedpur,18-30,Medium Risk,Moving Backward,Auto-Rickshaw,Hazy,Urban Road,Under Construction,Dark,20.5937,78.9629,Evening
Jamshedpur,18-30,Medium Risk,Other,Cycle,Clear,State Highway,Wet,Dark,20.5937,78.9629,Night
Jamshedpur,18-30,Low Risk,No priority to vehicle,Truck,Clear,Highways,Normal,Dark,20.5937,78.9629,Morning
Jamshedpur,18-30,Medium Risk,No priority to pedestrian,Truck,Rainy,National Highway,Under Construction,Daylight,20.5937,78.9629,Evening
Dhanbad,18-30,Low Risk,Changing lane to the right,Cycle,Hazy,Highways,Normal,Daylight,20.5937,78.9629,Afternoon
Jamshedpur,50+,Medium Risk,Changing lane to the right,Bus,Clear,Village Road,Damaged,Dark,20.5937,78.9629,Afternoon
Jamshedpur,18-30,Medium Risk,Changing lane to the right,Auto-Rickshaw,Rainy,Village Road,Dry,Dark,20.5937,78.9629,Morning
Jamshedpur,18-30,Low Risk,Driving to the left,Bus,Rainy,Highways,Normal,Daylight,20.5937,78.9629,Evening
Jamshedpur,18-30,Low Risk,Changing lane to the left,Pedestrian,Rainy,Highways,Normal,Daylight,20.5937,78.9629,Morning
Jamshedpur,18-30,Medium Risk,Moving Backward,Truck,Foggy,State Highway,Normal,Dark,20.5937,78.9629,Afternoon
Jodhpur,18-30,Medium Risk,Driving at high speed,Cycle,Clear,National Highway,Under Construction,Daylight,20.5937,78.9629,Night
Jodhpur,31-50,Medium Risk,Moving Backward,Two-Wheeler,Clear,State Highway,Wet,Dusk,20.5937,78.9629,Night
Jodhpur,31-50,Medium Risk,No distancing,Cycle,Foggy,Village Road,Normal,Dusk,20.5937,78.9629,Afternoon
Jodhpur,31-50,Low Risk,Other,Car,Clear,Highways,Normal,Dark,20.5937,78.9629,Morning
Jodhpur,18-30,Medium Risk,No priority to vehicle,Bus,Clear,Highways,Normal,Daylight,20.5937,78.9629,Evening
Jodhpur,50+,Medium Risk,Changing lane to the right,Bus,Clear,Village Road,Damaged,Dawn,20.5937,78.9629,Night
Jodhpur,18-30,Medium Risk,Other,Car,Stormy,National Highway,Under Construction,Daylight,20.5937,78.9629,Night
Jodhpur,18-30,Medium Risk,No distancing,Auto-Rickshaw,Foggy,Village Road,Dry,Dark,20.5937,78.9629,Night
Jodhpur,31-50,Low Risk,Driving carelessly,Two-Wheeler,Rainy,Highways,Normal,Daylight,20.5937,78.9629,Afternoon
Jodhpur,31-50,Medium Risk,No distancing,Truck,Clear,State Highway,Under Construction,Daylight,20.5937,78.9629,Afternoon
Jodhpur,18-30,Medium Risk,Moving Backward,Bus,Rainy,Highways,Normal,Dark,20.5937,78.9629,Afternoon
Jodhpur,18-30,Medium Risk,No distancing,Auto-Rickshaw,Clear,Urban Road,Under Construction,Daylight,20.5937,78.9629,Morning
Varanasi,31-50,Medium Risk,Moving Backward,Pedestrian,Clear,Highways,Normal,Dawn,25.3176,82.9739,Evening
Jodhpur,50+,Medium Risk,No priority to pedestrian,Car,Clear,State Highway,Dry,Daylight,20.5937,78.9629,Afternoon
Rajkot,50+,Medium Risk,Changing lane to the left,Pedestrian,Clear,Highways,Normal,Daylight,20.5937,78.9629,Morning
Vadodra,50+,Low Risk,No distancing,Car,Clear,Highways,Normal,Daylight,20.5937,78.9629,Evening
Jodhpur,18-30,Medium Risk,Other,Auto-Rickshaw,Hazy,Urban Road,Dry,Dark,20.5937,78.9629,Morning
Jodhpur,18-30,Medium Risk,No distancing,Cycle,Stormy,Urban Road,Normal,Dark,20.5937,78.9629,Evening
Jodhpur,18-30,Medium Risk,No priority to pedestrian,Bus,Hazy,National Highway,Damaged,Dusk,20.5937,78.9629,Evening
Jodhpur,31-50,Medium Risk,Moving Backward,Car,Stormy,National Highway,Normal,Dusk,20.5937,78.9629,Evening
Raipur,18-30,Low Risk,No priority to pedestrian,Truck,Clear,Highways,Normal,Daylight,20.5937,78.9629,Afternoon
Jodhpur,18-30,Medium Risk,No distancing,Auto-Rickshaw,Clear,National Highway,Dry,Dusk,20.5937,78.9629,Morning
Jodhpur,50+,Medium Risk,No priority to pedestrian,Cycle,Clear,Highways,Normal,Daylight,20.5937,78.9629,Morning
Jodhpur,18-30,Medium Risk,Driving carelessly,Cycle,Clear,National Highway,Under Construction,Dark,20.5937,78.9629,Night
Jodhpur,31-50,Low Risk,Getting off the vehicle improperly,Car,Clear,Highways,Normal,Daylight,20.5937,78.9629,Afternoon
Jodhpur,18-30,Medium Risk,Driving carelessly,Cycle,Clear,Village Road,Under Construction,Dark,20.5937,78.9629,Evening
Jodhpur,50+,Medium Risk,Changing lane to the left,Bus,Clear,Urban Road,Under Construction,Daylight,20.5937,78.9629,Morning
Nagpur,31-50,Medium Risk,No priority to vehicle,Auto-Rickshaw,Clear,Highways,Normal,Dawn,20.5937,78.9629,Evening
Jodhpur,18-30,Medium Risk,Changing lane to the right,Auto-Rickshaw,Clear,Village Road,Dry,Daylight,20.5937,78.9629,Morning
Jodhpur,18-30,Medium Risk,Changing lane to the right,Truck,Clear,National Highway,Damaged,Dark,20.5937,78.9629,Morning
Kannur,18-30,Medium Risk,No distancing,Cycle,Clear,National Highway,Under Construction,Dusk,20.5937,78.9629,Morning
Kannur,18-30,Medium Risk,No distancing,Truck,Foggy,State Highway,Damaged,Dusk,20.5937,78.9629,Night
Kannur,18-30,Medium Risk,Changing lane to the left,Truck,Clear,Village Road,Damaged,Dark,20.5937,78.9629,Evening
Kannur,18-30,Medium Risk,Changing lane to the right,Car,Clear,Urban Road,Damaged,Daylight,20.5937,78.9629,Night
Kannur,50+,Medium Risk,No priority to vehicle,Car,Clear,Urban Road,Normal,Daylight,20.5937,78.9629,Afternoon
Kannur,18-30,Medium Risk,Changing lane to the left,Two-Wheeler,Clear,Highways,Normal,Daylight,20.5937,78.9629,Afternoon
Kannur,18-30,Medium Risk,No priority to vehicle,Cycle,Clear,Urban Road,Dry,Daylight,20.5937,78.9629,Evening
Kota,50+,Medium Risk,Moving Backward,Truck,Clear,Highways,Normal,Daylight,20.5937,78.9629,Evening
Patna,18-30,Low Risk,Turnover,Truck,Hazy,Highways,Normal,Daylight,25.5941,85.1376,Night
Kannur,18-30,Medium Risk,No distancing,Car,Hazy,Village Road,Wet,Daylight,20.5937,78.9629,Morning
Kannur,18-30,Medium Risk,No distancing,Pedestrian,Foggy,National Highway,Damaged,Dusk,20.5937,78.9629,Morning
Kannur,50+,Medium Risk,No distancing,Car,Hazy,Village Road,Under Construction,Dark,20.5937,78.9629,Night