Million_Plus_Cities,Age_band_of_driver,Accident_severity,Cause_of_accident,Vehicle Type Involved,Weather Conditions,Road Type,Road Condition,Lighting Conditions,Latitude,Longitude,Time_Block
Kannur,31-50,Medium Risk,Changing lane to the left,Pedestrian,Stormy,National Highway,Dry,Dusk,20.5937,78.9629,Night
Kannur,18-30,Medium Risk,No priority to vehicle,Car,Rainy,Urban Road,Wet,Dawn,20.5937,78.9629,Evening
Kannur,50+,Low Risk,Driving at high speed,Auto-Rickshaw,Clear,Highways,Normal,Daylight,20.5937,78.9629,Night
Kannur,31-50,Medium Risk,Overtaking,Car,Clear,State Highway,Normal,Dark,20.5937,78.9629,Night
Kannur,18-30,Medium Risk,Other,Pedestrian,Stormy,State Highway,Wet,Dawn,20.5937,78.9629,Night
Kannur,31-50,Low Risk,Changing lane to the left,Pedestrian,Hazy,Highways,Normal,Daylight,20.5937,78.9629,Afternoon
Kannur,18-30,Medium Risk,No priority to pedestrian,Auto-Rickshaw,Clear,Urban Road,Normal,Dawn,20.5937,78.9629,Night
Kannur,18-30,Medium Risk,Changing lane to the left,Cycle,Rainy,Urban Road,Damaged,Dawn,20.5937,78.9629,Night
Kannur,18-30,Medium Risk,No distancing,Car,Clear,National Highway,Dry,Dusk,20.5937,78.9629,Night
Kannur,18-30,Medium Risk,Moving Backward,Two-Wheeler,Foggy,Urban Road,Under Construction,Daylight,20.5937,78.9629,Afternoon
Kannur,31-50,Medium Risk,Changing lane to the left,Auto-Rickshaw,Hazy,Urban Road,Under Construction,Dawn,20.5937,78.9629,Morning
Tiruchirapalli,31-50,Low Risk,Other,Cycle,Stormy,Highways,Normal,Daylight,20.5937,78.9629,Evening
Agra,18-30,Low Risk,No distancing,Auto-Rickshaw,Foggy,Highways,Normal,Daylight,27.1767,78.0081,Morning
Kannur,31-50,Medium Risk,Moving Backward,Truck,Clear,Village Road,Damaged,Daylight,20.5937,78.9629,Night
Kannur,31-50,Medium Risk,No distancing,Pedestrian,Clear,Urban Road,Dry,Daylight,20.5937,78.9629,Morning
Kannur,18-30,Medium Risk,Changing lane to the left,Pedestrian,Rainy,Village Road,Damaged,Dawn,20.5937,78.9629,Evening
Kannur,31-50,Medium Risk,Changing lane to the left,Two-Wheeler,Stormy,Highways,Normal,Dusk,20.5937,78.9629,Night
Thrissur,18-30,Low Risk,No priority to pedestrian,Car,Clear,Highways,Normal,Dawn,20.5937,78.9629,Night
Kanpur,50+,Medium Risk,Changing lane to the left,Cycle,Clear,State Highway,Dry,Dusk,26.4499,80.3319,Afternoon
Kanpur,31-50,Low Risk,Driving carelessly,Cycle,Hazy,Highways,Normal,Dark,26.4499,80.3319,Morning
Kanpur,18-30,Medium Risk,Driving carelessly,Pedestrian,Clear,Village Road,Dry,Dark,26.4499,80.3319,Afternoon
Kanpur,18-30,Medium Risk,No priority to pedestrian,Bus,Foggy,National Highway,Under Construction,Dusk,26.4499,80.3319,Night
Kanpur,18-30,Medium Risk,Getting off the vehicle improperly,Two-Wheeler,Rainy,National Highway,Damaged,Dusk,26.4499,80.3319,Morning
Kanpur,31-50,Medium Risk,No distancing,Bus,Stormy,National Highway,Dry,Daylight,26.4499,80.3319,Afternoon
Kanpur,18-30,Medium Risk,Changing lane to the left,Pedestrian,Hazy,Village Road,Under Construction,Dawn,26.4499,80.3319,Evening
Kanpur,31-50,Medium Risk,No priority to vehicle,Pedestrian,Clear,National Highway,Dry,Daylight,26.4499,80.3319,Afternoon
Kanpur,31-50,Medium Risk,No distancing,Pedestrian,Stormy,National Highway,Wet,Daylight,26.4499,80.3319,Night
Kanpur,18-30,Low Risk,No priority to pedestrian,Car,Clear,Highways,Normal,Daylight,26.4499,80.3319,Morning
Kanpur,50+,Medium Risk,No priority to pedestrian,Bus,Clear,Urban Road,Dry,Dusk,26.4499,80.3319,Evening
Tiruchirapalli,31-50,Medium Risk,No priority to vehicle,Cycle,Stormy,Highways,Normal,Dusk,20.5937,78.9629,Night
Kanpur,31-50,Medium Risk,Driving carelessly,Bus,Clear,Village Road,Dry,Dawn,26.4499,80.3319,Morning
Kanpur,50+,Medium Risk,Changing lane to the right,Two-Wheeler,Stormy,National Highway,Wet,Daylight,26.4499,80.3319,Night
Kanpur,18-30,Medium Risk,Changing lane to the left,Truck,Clear,Urban Road,Damaged,Dusk,26.4499,80.3319,Night
Kanpur,31-50,Medium Risk,Moving Backward,Truck,Rainy,State Highway,Damaged,Dawn,26.4499,80.3319,Afternoon
Kanpur,31-50,Medium Risk,Driving carelessly,Car,Foggy,Village Road,Under Construction,Daylight,26.4499,80.3319,Afternoon
Kanpur,18-30,Medium Risk,Driving to the left,Auto-Rickshaw,Clear,National Highway,Under Construction,Daylight,26.4499,80.3319,Night
Kanpur,18-30,Medium Risk,Driving to the left,Car,Clear,Village Road,Dry,Daylight,26.4499,80.3319,Night
Kanpur,31-50,Medium Risk,No priority to pedestrian,Two-Wheeler,Clear,National Highway,Under Construction,Dark,26.4499,80.3319,Morning
Vizaq,18-30,Low Risk,Changing lane to the left,Car,Clear,Highways,Normal,Daylight,20.5937,78.9629,Afternoon
Kanpur,31-50,Medium Risk,Changing lane to the right,Auto-Rickshaw,Stormy,Highways,Normal,Daylight,26.4499,80.3319,Morning
Kanpur,18-30,Medium Risk,Driving carelessly,Car,Rainy,State Highway,Under Construction,Dusk,26.4499,80.3319,Afternoon
Kanpur,31-50,Medium Risk,No distancing,Truck,Foggy,National Highway,Normal,Dusk,26.4499,80.3319,Morning
Kanpur,31-50,Low Risk,Getting off the vehicle improperly,Car,Hazy,Highways,Normal,Dusk,26.4499,80.3319,Night
Jodhpur,50+,Low Risk,Driving under the influence of drugs,Bus,Clear,Highways,Normal,Dark,20.5937,78.9629,Night
Bhopal,50+,Low Risk,Changing lane to the right,Cycle,Clear,Highways,Normal,Daylight,20.5937,78.9629,Evening
Kanpur,18-30,Medium Risk,Driving carelessly,Auto-Rickshaw,Rainy,Village Road,Under Construction,Dawn,26.4499,80.3319,Night
Kanpur,31-50,Low Risk,Moving Backward,Car,Clear,Highways,Normal,Dusk,26.4499,80.3319,Night
Kanpur,18-30,Medium Risk,Turnover,Truck,Clear,Village Road,Under Construction,Daylight,26.4499,80.3319,Night
Khozikode,18-30,Medium Risk,Changing lane to the right,Bus,Clear,National Highway,Under Construction,Dawn,20.5937,78.9629,Morning
Khozikode,31-50,Low Risk,Driving carelessly,Two-Wheeler,Clear,Highways,Normal,Daylight,20.5937,78.9629,Night
Khozikode,31-50,Medium Risk,No priority to vehicle,Bus,Clear,State Highway,Damaged,Dawn,20.5937,78.9629,Morning
Khozikode,18-30,Medium Risk,Moving Backward,Pedestrian,Rainy,State Highway,Damaged,Daylight,20.5937,78.9629,Night
Khozikode,18-30,Medium Risk,Changing lane to the left,Two-Wheeler,Clear,Village Road,Under Construction,Dark,20.5937,78.9629,Evening
Khozikode,18-30,Medium Risk,Overturning,Pedestrian,Foggy,State Highway,Normal,Dawn,20.5937,78.9629,Evening
Khozikode,31-50,Medium Risk,No distancing,Two-Wheeler,Clear,Urban Road,Wet,Daylight,20.5937,78.9629,Night
Kannur,31-50,Low Risk,Driving carelessly,Car,Hazy,Highways,Normal,Daylight,20.5937,78.9629,Morning
Khozikode,31-50,Medium Risk,No distancing,Car,Clear,Highways,Normal,Daylight,20.5937,78.9629,Afternoon
Khozikode,31-50,Medium Risk,Changing lane to the left,Truck,Hazy,State Highway,Dry,Dusk,20.5937,78.9629,Night
Khozikode,18-30,Medium Risk,No priority to pedestrian,Pedestrian,Foggy,National Highway,Dry,Daylight,20.5937,78.9629,Afternoon
Indore,18-30,Low Risk,No distancing,Car,Foggy,Highways,Normal,Dark,20.5937,78.9629,Night
Pune,18-30,Low Risk,No distancing,Two-Wheeler,Clear,Highways,Normal,Dawn,18.5204,73.8567,Morning
Khozikode,50+,Medium Risk,Changing lane to the left,Bus,Hazy,Highways,Normal,Dusk,20.5937,78.9629,Morning
Khozikode,18-30,Medium Risk,No distancing,Car,Clear,Village Road,Dry,Daylight,20.5937,78.9629,Night
Khozikode,18-30,Medium Risk,Changing lane to the left,Cycle,Clear,Village Road,Under Construction,Daylight,20.5937,78.9629,Night
Ludhiana,18-30,Medium Risk,No distancing,Bus,Clear,Highways,Normal,Daylight,20.5937,78.9629,Morning
Khozikode,18-30,Medium Risk,No distancing,Bus,Rainy,National Highway,Wet,Daylight,20.5937,78.9629,Night
Dhanbad,18-30,Low Risk,No distancing,Pedestrian,Clear,Highways,Normal,Daylight,20.5937,78.9629,Night
Khozikode,31-50,Low Risk,Changing lane to the left,Cycle,Clear,Highways,Normal,Daylight,20.5937,78.9629,Night
Khozikode,18-30,Medium Risk,Changing lane to the right,Two-Wheeler,Stormy,State Highway,Damaged,Dark,20.5937,78.9629,Morning
Khozikode,18-30,Medium Risk,Moving Backward,Two-Wheeler,Hazy,Village Road,Wet,Dawn,20.5937,78.9629,Afternoon
Khozikode,18-30,Medium Risk,Changing lane to the right,Pedestrian,Clear,Urban Road,Dry,Dusk,20.5937,78.9629,Afternoon
Khozikode,18-30,Medium Risk,No distancing,Two-Wheeler,Stormy,State Highway,Under Construction,Daylight,20.5937,78.9629,Night
Khozikode,31-50,Medium Risk,Overtaking,Bus,Stormy,National Highway,Dry,Dusk,20.5937,78.9629,Evening
Khozikode,31-50,Low Risk,Other,Car,Foggy,Highways,Normal,Dusk,20.5937,78.9629,Morning
Khozikode,31-50,Medium Risk,Other,Car,Foggy,State Highway,Dry,Dark,20.5937,78.9629,Evening
Khozikode,18-30,Medium Risk,Changing lane to the right,Cycle,Foggy,Village Road,Dry,Daylight,20.5937,78.9629,Morning
Khozikode,50+,Medium Risk,No priority to pedestrian,Pedestrian,Clear,National Highway,Dry,Dusk,20.5937,78.9629,Morning
Khozikode,31-50,Low Risk,No priority to vehicle,Truck,Rainy,Highways,Normal,Daylight,20.5937,78.9629,Evening
Ludhiana,31-50,Low Risk,Changing lane to the left,Two-Wheeler,Stormy,Highways,Normal,Dawn,20.5937,78.9629,Night
Kochi,18-30,Medium Risk,Changing lane to the left,Pedestrian,Clear,National Highway,Normal,Dark,20.5937,78.9629,Morning
Khozikode,18-30,Medium Risk,Overtaking,Pedestrian,Hazy,Highways,Normal,Daylight,20.5937,78.9629,Evening
Kochi,18-30,Medium Risk,No distancing,Auto-Rickshaw,Stormy,Urban Road,Damaged,Dark,20.5937,78.9629,Night
Kochi,18-30,Low Risk,No priority to vehicle,Car,Clear,Highways,Normal,Daylight,20.5937,78.9629,Night
Kochi,18-30,Medium Risk,Changing lane to the right,Car,Rainy,Village Road,Damaged,Daylight,20.5937,78.9629,Morning
Kochi,18-30,Medium Risk,Changing lane to the left,Cycle,Clear,Village Road,Dry,Dark,20.5937,78.9629,Morning
Kochi,18-30,Medium Risk,No distancing,Car,Foggy,Urban Road,Dry,Dusk,20.5937,78.9629,Night
Kochi,50+,Medium Risk,Driving carelessly,Two-Wheeler,Clear,Urban Road,Damaged,Dusk,20.5937,78.9629,Night
Kochi,31-50,Medium Risk,No priority to pedestrian,Car,Hazy,State Highway,Under Construction,Daylight,20.5937,78.9629,Morning
Kochi,31-50,Low Risk,Driving carelessly,Auto-Rickshaw,Rainy,Highways,Normal,Dawn,20.5937,78.9629,Afternoon
Kochi,50+,Medium Risk,Moving Backward,Car,Hazy,State Highway,Dry,Dawn,20.5937,78.9629,Afternoon
Kochi,31-50,Medium Risk,No distancing,Pedestrian,Stormy,Urban Road,Damaged,Daylight,20.5937,78.9629,Afternoon
Kochi,31-50,Medium Risk,No distancing,Two-Wheeler,Foggy,State Highway,Dry,Daylight,20.5937,78.9629,Afternoon
Kochi,18-30,Medium Risk,No distancing,Car,Clear,Highways,Normal,Dusk,20.5937,78.9629,Morning
Kochi,18-30,Medium Risk,Changing lane to the left,Car,Clear,National Highway,Dry,Dusk,20.5937,78.9629,Morning
Kochi,50+,Medium Risk,Changing lane to the left,Car,Clear,Urban Road,Under Construction,Dark,20.5937,78.9629,Night
Kanpur,31-50,Low Risk,Moving Backward,Two-Wheeler,Clear,Highways,Normal,Dark,26.4499,80.3319,Night
Kochi,50+,Low Risk,Changing lane to the right,Pedestrian,Clear,Highways,Normal,Dark,20.5937,78.9629,Night
Kochi,31-50,Medium Risk,No priority to vehicle,Cycle,Stormy,Highways,Normal,Dark,20.5937,78.9629,Evening
Ahmedabad,31-50,Low Risk,Moving Backward,Cycle,Clear,Highways,Normal,Daylight,23.0225,72.5714,Morning
Jamshedpur,31-50,Low Risk,Driving carelessly,Pedestrian,Foggy,Highways,Normal,Dusk,20.5937,78.9629,Morning
Kochi,18-30,Medium Risk,Driving carelessly,Bus,Clear,State Highway,Normal,Daylight,20.5937,78.9629,Night
Kochi,31-50,Medium Risk,Driving under the influence of drugs,Car,Hazy,Highways,Normal,Daylight,20.5937,78.9629,Morning
Kochi,18-30,Medium Risk,No priority to pedestrian,Pedestrian,Clear,Urban Road,Wet,Dusk,20.5937,78.9629,Afternoon
Kochi,31-50,Medium Risk,No priority to vehicle,Car,Clear,Highways,Normal,Daylight,20.5937,78.9629,Night
Kochi,18-30,Medium Risk,Driving carelessly,Two-Wheeler,Clear,National Highway,Under Construction,Daylight,20.5937,78.9629,Night
Kochi,18-30,Medium Risk,Moving Backward,Pedestrian,Stormy,Highways,Normal,Dusk,20.5937,78.9629,Night
Kochi,18-30,Medium Risk,Driving carelessly,Auto-Rickshaw,Foggy,Village Road,Wet,Daylight,20.5937,78.9629,Night
Kochi,50+,Medium Risk,No priority to vehicle,Two-Wheeler,Rainy,National Highway,Dry,Dawn,20.5937,78.9629,Morning
Kolkata,50+,Medium Risk,Changing lane to the right,Car,Clear,Village Road,Damaged,Daylight,22.5726,88.3639,Afternoon
Kolkata,18-30,Medium Risk,Changing lane to the left,Truck,Foggy,State Highway,Normal,Dawn,22.5726,88.3639,Afternoon
Kolkata,18-30,Medium Risk,No priority to vehicle,Bus,Stormy,Urban Road,Wet,Daylight,22.5726,88.3639,Evening
Kolkata,18-30,Medium Risk,Driving carelessly,Car,Foggy,Village Road,Dry,Dawn,22.5726,88.3639,Night
Kolkata,18-30,Medium Risk,Moving Backward,Truck,Stormy,State Highway,Dry,Dark,22.5726,88.3639,Evening
Kolkata,18-30,Medium Risk,No distancing,Truck,Hazy,National Highway,Dry,Dark,22.5726,88.3639,Morning
Kolkata,18-30,Medium Risk,Changing lane to the left,Cycle,Clear,Highways,Normal,Dark,22.5726,88.3639,Morning
Kolkata,31-50,Low Risk,Changing lane to the left,Pedestrian,Clear,Highways,Normal,Dawn,22.5726,88.3639,Night
Kolkata,31-50,Low Risk,No distancing,Truck,Clear,Highways,Normal,Dawn,22.5726,88.3639,Morning
Kolkata,31-50,Medium Risk,Changing lane to the left,Car,Clear,National Highway,Under Construction,Dusk,22.5726,88.3639,Night
Srinagar,31-50,Low Risk,Driving carelessly,Bus,Clear,Highways,Normal,Dawn,20.5937,78.9629,Evening
Kolkata,18-30,Medium Risk,Changing lane to the left,Truck,Clear,Highways,Normal,Dusk,22.5726,88.3639,Morning
Kolkata,18-30,Medium Risk,No distancing,Cycle,Rainy,National Highway,Damaged,Daylight,22.5726,88.3639,Evening
Kolkata,18-30,Medium Risk,Changing lane to the right,Cycle,Hazy,Village Road,Damaged,Dawn,22.5726,88.3639,Evening
Kolkata,31-50,Medium Risk,No distancing,Cycle,Foggy,Village Road,Under Construction,Dusk,22.5726,88.3639,Afternoon
Kolkata,31-50,Medium Risk,Driving to the left,Two-Wheeler,Stormy,State Highway,Dry,Dawn,22.5726,88.3639,Morning
Kolkata,31-50,Medium Risk,No distancing,Pedestrian,Stormy,State Highway,Damaged,Daylight,22.5726,88.3639,Afternoon
Kolkata,18-30,Medium Risk,Overtaking,Auto-Rickshaw,Hazy,National Highway,Under Construction,Dark,22.5726,88.3639,Evening
Kolkata,18-30,Medium Risk,Driving under the influence of drugs,Auto-Rickshaw,Clear,Urban Road,Under Construction,Daylight,22.5726,88.3639,Morning
Kolkata,31-50,Medium Risk,No priority to pedestrian,Car,Clear,Urban Road,Under Construction,Daylight,22.5726,88.3639,Night
Kolkata,18-30,Medium Risk,Moving Backward,Two-Wheeler,Clear,Village Road,Under Construction,Daylight,22.5726,88.3639,Morning
Kolkata,18-30,Low Risk,Changing lane to the right,Auto-Rickshaw,Stormy,Highways,Normal,Daylight,22.5726,88.3639,Evening
Kolkata,31-50,Medium Risk,Changing lane to the left,Pedestrian,Clear,State Highway,Normal,Daylight,22.5726,88.3639,Night
Madurai,18-30,Medium Risk,Changing lane to the right,Bus,Rainy,Highways,Normal,Daylight,20.5937,78.9629,Night
Kolkata,50+,Medium Risk,Driving under the influence of drugs,Auto-Rickshaw,Clear,Highways,Normal,Daylight,22.5726,88.3639,Night
Kolkata,31-50,Medium Risk,No priority to vehicle,Cycle,Clear,National Highway,Damaged,Dark,22.5726,88.3639,Night
Kolkata,18-30,Medium Risk,No priority to vehicle,Two-Wheeler,Clear,Urban Road,Under Construction,Dusk,22.5726,88.3639,Afternoon
Kolkata,50+,Medium Risk,Changing lane to the left,Auto-Rickshaw,Stormy,National Highway,Damaged,Dusk,22.5726,88.3639,Night
Kolkata,31-50,Medium Risk,Changing lane to the right,Car,Clear,Highways,Normal,Daylight,22.5726,88.3639,Morning
Kolkata,18-30,Medium Risk,Changing lane to the right,Auto-Rickshaw,Rainy,Village Road,Under Construction,Daylight,22.5726,88.3639,Night
Nashik,18-30,Low Risk,Changing lane to the left,Cycle,Stormy,Highways,Normal,Dawn,20.5937,78.9629,Evening
Kollam,18-30,Medium Risk,Changing lane to the left,Bus,Clear,Village Road,Normal,Daylight,20.5937,78.9629,Afternoon
Kollam,18-30,Low Risk,Getting off the vehicle improperly,Car,Stormy,Highways,Normal,Daylight,20.5937,78.9629,Night
Kollam,18-30,Medium Risk,Overtaking,Two-Wheeler,Foggy,State Highway,Under Construction,Daylight,20.5937,78.9629,Night
Kollam,18-30,Medium Risk,Changing lane to the left,Car,Clear,State Highway,Damaged,Daylight,20.5937,78.9629,Morning
Kollam,18-30,Low Risk,Driving under the influence of drugs,Pedestrian,Clear,Highways,Normal,Daylight,20.5937,78.9629,Night
Jodhpur,18-30,Low Risk,Driving carelessly,Cycle,Stormy,Highways,Normal,Daylight,20.5937,78.9629,Evening
Kollam,18-30,Medium Risk,Moving Backward,Auto-Rickshaw,Clear,Highways,Normal,Dark,20.5937,78.9629,Morning
Ahmedabad,18-30,Low Risk,No distancing,Pedestrian,Stormy,Highways,Normal,Dawn,23.0225,72.5714,Morning
Kollam,31-50,Medium Risk,No priority to vehicle,Car,Clear,Highways,Normal,Dawn,20.5937,78.9629,Evening
Kollam,18-30,Medium Risk,Overturning,Auto-Rickshaw,Foggy,Highways,Normal,Daylight,20.5937,78.9629,Night
Kollam,31-50,Medium Risk,Changing lane to the left,Pedestrian,Foggy,Urban Road,Under Construction,Dark,20.5937,78.9629,Night
Kollam,18-30,Medium Risk,No distancing,Pedestrian,Stormy,Urban Road,Damaged,Daylight,20.5937,78.9629,Morning
Kollam,18-30,Medium Risk,Moving Backward,Auto-Rickshaw,Clear,Village Road,Wet,Daylight,20.5937,78.9629,Morning
Kollam,31-50,Medium Risk,No priority to vehicle,Pedestrian,Clear,Urban Road,Damaged,Daylight,20.5937,78.9629,Afternoon
Kollam,18-30,Medium Risk,No priority to vehicle,Truck,Stormy,Highways,Normal,Daylight,20.5937,78.9629,Night
Kollam,31-50,Medium Risk,No distancing,Cycle,Foggy,State Highway,Wet,Daylight,20.5937,78.9629,Night
Kollam,18-30,Medium Risk,No distancing,Pedestrian,Clear,State Highway,Wet,Daylight,20.5937,78.9629,Night
Raipur,31-50,Medium Risk,Overtaking,Truck,Stormy,Highways,Normal,Daylight,20.5937,78.9629,Evening
Kollam,31-50,Medium Risk,Driving under the influence of drugs,Car,Clear,National Highway,Damaged,Dawn,20.5937,78.9629,Afternoon
Kollam,50+,Medium Risk,Changing lane to the right,Cycle,Clear,National Highway,Damaged,Dark,20.5937,78.9629,Morning
Kollam,31-50,Medium Risk,Changing lane to the left,Pedestrian,Foggy,Village Road,Under Construction,Daylight,20.5937,78.9629,Morning
Kollam,31-50,Medium Risk,Driving carelessly,Auto-Rickshaw,Stormy,National Highway,Wet,Daylight,20.5937,78.9629,Night
Mumbai,18-30,Medium Risk,Moving Backward,Bus,Foggy,Highways,Normal,Daylight,19.076,72.8777,Morning
Kollam,31-50,Medium Risk,Moving Backward,Auto-Rickshaw,Hazy,State Highway,Damaged,Daylight,20.5937,78.9629,Afternoon
Kollam,18-30,Low Risk,Changing lane to the right,Cycle,Clear,Highways,Normal,Dawn,20.5937,78.9629,Morning
Kollam,31-50,Medium Risk,No priority to vehicle,Pedestrian,Hazy,State Highway,Under Construction,Dusk,20.5937,78.9629,Afternoon
Madurai,18-30,Low Risk,Driving at high speed,Bus,Stormy,Highways,Normal,Daylight,20.5937,78.9629,Afternoon
Kollam,31-50,Medium Risk,Driving under the influence of drugs,Pedestrian,Clear,Village Road,Wet,Dawn,20.5937,78.9629,Afternoon
Kollam,31-50,Medium Risk,Changing lane to the right,Car,Clear,State Highway,Dry,Dusk,20.5937,78.9629,Morning
Indore,18-30,Low Risk,Driving carelessly,Two-Wheeler,Foggy,Highways,Normal,Dusk,20.5937,78.9629,Evening
Kota,50+,Medium Risk,No distancing,Pedestrian,Hazy,State Highway,Under Construction,Dusk,20.5937,78.9629,Morning
Dhanbad,31-50,Low Risk,Changing lane to the left,Cycle,Clear,Highways,Normal,Daylight,20.5937,78.9629,Afternoon
Kota,18-30,Medium Risk,No distancing,Bus,Clear,National Highway,Damaged,Daylight,20.5937,78.9629,Evening
Kochi,18-30,Low Risk,No distancing,Pedestrian,Hazy,Highways,Normal,Daylight,20.5937,78.9629,Night
Kota,31-50,Medium Risk,Getting off the vehicle improperly,Bus,Clear,Urban Road,Dry,Daylight,20.5937,78.9629,Afternoon
Kota,18-30,Medium Risk,Overtaking,Pedestrian,Hazy,National Highway,Under Construction,Daylight,20.5937,78.9629,Morning
Kota,31-50,Medium Risk,Driving carelessly,Bus,Clear,Village Road,Wet,Dawn,20.5937,78.9629,Morning
Amritsar,31-50,Low Risk,Driving under the influence of drugs,Car,Hazy,Highways,Normal,Dark,20.5937,78.9629,Night
Kota,18-30,Medium Risk,Moving Backward,Pedestrian,Hazy,State Highway,Damaged,Daylight,20.5937,78.9629,Night
Kota,31-50,Medium Risk,Overturning,Two-Wheeler,Rainy,Village Road,Under Construction,Dusk,20.5937,78.9629,Night
Gwalior,50+,Low Risk,Driving under the influence of drugs,Auto-Rickshaw,Clear,Highways,Normal,Dusk,20.5937,78.9629,Morning
Kota,18-30,Medium Risk,Changing lane to the right,Pedestrian,Hazy,Urban Road,Under Construction,Dark,20.5937,78.9629,Evening
Kota,18-30,Medium Risk,Changing lane to the left,Two-Wheeler,Rainy,Urban Road,Wet,Dusk,20.5937,78.9629,Morning
Kota,18-30,Medium Risk,No distancing,Bus,Stormy,State Highway,Under Construction,Dawn,20.5937,78.9629,Night
Kota,18-30,Medium Risk,No distancing,Car,Clear,Village Road,Wet,Dark,20.5937,78.9629,Morning
Kota,18-30,Medium Risk,No priority to vehicle,Car,Hazy,Urban Road,Damaged,Daylight,20.5937,78.9629,Afternoon
Chandigarh,18-30,Low Risk,Moving Backward,Car,Hazy,Highways,Normal,Dusk,20.5937,78.9629,Night
Kota,18-30,Medium Risk,Moving Backward,Two-Wheeler,Rainy,Village Road,Normal,Dark,20.5937,78.9629,Morning
Kota,18-30,Medium Risk,Getting off the vehicle improperly,Car,Hazy,National Highway,Damaged,Daylight,20.5937,78.9629,Evening
Kota,18-30,Low Risk,Changing lane to the left,Auto-Rickshaw,Foggy,Highways,Normal,Daylight,20.5937,78.9629,Evening
Kota,18-30,Medium Risk,Changing lane to the left,Two-Wheeler,Hazy,State Highway,Wet,Dawn,20.5937,78.9629,Night
Kota,31-50,Low Risk,No priority to vehicle,Cycle,Foggy,Highways,Normal,Daylight,20.5937,78.9629,Evening
Kota,31-50,Medium Risk,Changing lane to the right,Truck,Foggy,Village Road,Dry,Dusk,20.5937,78.9629,Night
Kota,50+,Medium Risk,Changing lane to the right,Pedestrian,Clear,State Highway,Under Construction,Dark,20.5937,78.9629,Night
Kota,18-30,Medium Risk,Driving carelessly,Two-Wheeler,Clear,State Highway,Dry,Daylight,20.5937,78.9629,Morning
Kanpur,50+,Low Risk,Changing lane to the left,Auto-Rickshaw,Hazy,Highways,Normal,Dawn,26.4499,80.3319,Night
Kota,18-30,Low Risk,Changing lane to the right,Cycle,Clear,Highways,Normal,Dawn,20.5937,78.9629,Morning
Kota,18-30,Medium Risk,Driving under the influence of drugs,Cycle,Clear,Village Road,Wet,Daylight,20.5937,78.9629,Night
Kota,31-50,Medium Risk,Driving carelessly,Truck,Clear,State Highway,Damaged,Dark,20.5937,78.9629,Night
Lucknow,18-30,Medium Risk,No distancing,Truck,Foggy,National Highway,Normal,Daylight,26.8467,80.9462,Evening
Lucknow,18-30,Medium Risk,No priority to vehicle,Truck,Clear,State Highway,Damaged,Dark,26.8467,80.9462,Evening
Vizaq,18-30,Low Risk,No priority to vehicle,Auto-Rickshaw,Clear,Highways,Normal,Daylight,20.5937,78.9629,Afternoon
Lucknow,18-30,Medium Risk,No priority to vehicle,Auto-Rickshaw,Rainy,Village Road,Normal,Dawn,26.8467,80.9462,Night
Lucknow,18-30,Medium Risk,Changing lane to the left,Pedestrian,Clear,National Highway,Damaged,Daylight,26.8467,80.9462,Morning
Lucknow,31-50,Medium Risk,Moving Backward,Truck,Clear,Highways,Normal,Daylight,26.8467,80.9462,Afternoon
Lucknow,18-30,Medium Risk,Driving carelessly,Two-Wheeler,Clear,Urban Road,Damaged,Daylight,26.8467,80.9462,Afternoon
Lucknow,18-30,Medium Risk,Driving under the influence of drugs,Car,Clear,Highways,Normal,Dark,26.8467,80.9462,Morning
Lucknow,18-30,Medium Risk,Changing lane to the right,Car,Foggy,Village Road,Wet,Dark,26.8467,80.9462,Morning
Lucknow,18-30,Medium Risk,No priority to vehicle,Two-Wheeler,Foggy,Village Road,Normal,Daylight,26.8467,80.9462,Morning
Tiruchirapalli,18-30,Low Risk,Changing lane to the right,Cycle,Stormy,Highways,Normal,Daylight,20.5937,78.9629,Morning
Lucknow,31-50,Medium Risk,Driving to the left,Pedestrian,Clear,National Highway,Wet,Daylight,26.8467,80.9462,Night
Lucknow,31-50,Medium Risk,Moving Backward,Two-Wheeler,Clear,National Highway,Dry,Dusk,26.8467,80.9462,Night
Lucknow,31-50,Medium Risk,No priority to vehicle,Truck,Clear,National Highway,Dry,Dawn,26.8467,80.9462,Evening
Lucknow,31-50,Medium Risk,No distancing,Car,Hazy,State Highway,Wet,Dark,26.8467,80.9462,Night
Lucknow,18-30,Medium Risk,Driving carelessly,Cycle,Clear,National Highway,Dry,Dawn,26.8467,80.9462,Afternoon
Lucknow,18-30,Medium Risk,Changing lane to the left,Auto-Rickshaw,Clear,Highways,Normal,Daylight,26.8467,80.9462,Morning
Lucknow,31-50,Medium Risk,No priority to vehicle,Car,Stormy,Village Road,Dry,Dark,26.8467,80.9462,Night
Tiruchirapalli,31-50,Low Risk,No priority to vehicle,Truck,Hazy,Highways,Normal,Dawn,20.5937,78.9629,Night
Mumbai,18-30,Low Risk,No distancing,Auto-Rickshaw,Rainy,Highways,Normal,Daylight,19.076,72.8777,Morning