Million_Plus_Cities,Age_band_of_driver,Accident_severity,Cause_of_accident,Vehicle Type Involved,Weather Conditions,Road Type,Road Condition,Lighting Conditions,Latitude,Longitude,Time_Block
Patna,31-50,Low Risk,Driving to the left,Car,Rainy,Highways,Normal,Daylight,25.5941,85.1376,Night
Lucknow,18-30,Medium Risk,Driving carelessly,Auto-Rickshaw,Stormy,Highways,Normal,Dark,26.8467,80.9462,Afternoon
Jaipur,18-30,Low Risk,Driving carelessly,Truck,Clear,Highways,Normal,Daylight,26.9124,75.7873,Morning
Lucknow,18-30,Medium Risk,Changing lane to the right,Pedestrian,Clear,State Highway,Dry,Daylight,26.8467,80.9462,Evening
Lucknow,18-30,Medium Risk,Driving carelessly,Truck,Foggy,State Highway,Dry,Daylight,26.8467,80.9462,Night
Lucknow,18-30,Medium Risk,Changing lane to the left,Bus,Clear,Urban Road,Dry,Daylight,26.8467,80.9462,Night
Lucknow,31-50,Medium Risk,Driving carelessly,Cycle,Hazy,Urban Road,Wet,Daylight,26.8467,80.9462,Afternoon
Lucknow,18-30,Medium Risk,Driving carelessly,Auto-Rickshaw,Clear,Village Road,Dry,Dawn,26.8467,80.9462,Afternoon
Lucknow,50+,Medium Risk,Driving under the influence of drugs,Bus,Foggy,Village Road,Under Construction,Dawn,26.8467,80.9462,Morning
Lucknow,31-50,Medium Risk,Driving carelessly,Pedestrian,Clear,State Highway,Normal,Dawn,26.8467,80.9462,Afternoon
Ludhiana,31-50,Low Risk,No distancing,Car,Clear,Highways,Normal,Dark,20.5937,78.9629,Night
Ludhiana,31-50,Medium Risk,Driving carelessly,Cycle,Stormy,Highways,Normal,Dark,20.5937,78.9629,Evening
Ludhiana,50+,Medium Risk,Driving to the left,Truck,Clear,State Highway,Under Construction,Daylight,20.5937,78.9629,Morning
Ludhiana,50+,Medium Risk,Overtaking,Auto-Rickshaw,Foggy,National Highway,Dry,Dawn,20.5937,78.9629,Night
Ludhiana,18-30,Medium Risk,No distancing,Auto-Rickshaw,Hazy,Highways,Normal,Dusk,20.5937,78.9629,Morning
Ludhiana,18-30,Low Risk,Driving carelessly,Bus,Clear,Highways,Normal,Dusk,20.5937,78.9629,Evening
Ludhiana,18-30,Medium Risk,No priority to vehicle,Auto-Rickshaw,Rainy,Highways,Normal,Daylight,20.5937,78.9629,Night
Ludhiana,18-30,Low Risk,No priority to vehicle,Car,Foggy,Highways,Normal,Daylight,20.5937,78.9629,Night
Ludhiana,50+,Medium Risk,No priority to vehicle,Car,Clear,Village Road,Dry,Dusk,20.5937,78.9629,Night
Ludhiana,50+,Medium Risk,No priority to vehicle,Pedestrian,Foggy,National Highway,Damaged,Dark,20.5937,78.9629,Morning
Ludhiana,18-30,Medium Risk,No distancing,Auto-Rickshaw,Foggy,National Highway,Wet,Daylight,20.5937,78.9629,Morning
Ludhiana,18-30,Medium Risk,Moving Backward,Cycle,Clear,Village Road,Dry,Dusk,20.5937,78.9629,Night
Kannur,31-50,Low Risk,No distancing,Pedestrian,Foggy,Highways,Normal,Daylight,20.5937,78.9629,Morning
Ludhiana,31-50,Medium Risk,Changing lane to the left,Car,Clear,Highways,Normal,Daylight,20.5937,78.9629,Morning
Ludhiana,18-30,Medium Risk,Changing lane to the left,Cycle,Clear,Highways,Normal,Dusk,20.5937,78.9629,Morning
Ludhiana,31-50,Medium Risk,No priority to pedestrian,Two-Wheeler,Stormy,National Highway,Wet,Dusk,20.5937,78.9629,Afternoon
Ludhiana,50+,Medium Risk,Moving Backward,Truck,Clear,Urban Road,Damaged,Dark,20.5937,78.9629,Evening
Hyderabad,31-50,Medium Risk,Changing lane to the left,Cycle,Clear,Highways,Normal,Daylight,17.385,78.4867,Night
Ludhiana,31-50,Medium Risk,No distancing,Car,Hazy,Urban Road,Wet,Dark,20.5937,78.9629,Morning
Ludhiana,18-30,Medium Risk,No priority to vehicle,Two-Wheeler,Rainy,Urban Road,Under Construction,Dark,20.5937,78.9629,Morning
Rajkot,18-30,Low Risk,Changing lane to the right,Truck,Clear,Highways,Normal,Dark,20.5937,78.9629,Afternoon
Ludhiana,18-30,Medium Risk,No distancing,Two-Wheeler,Rainy,Urban Road,Wet,Dark,20.5937,78.9629,Night
Indore,31-50,Low Risk,No distancing,Two-Wheeler,Clear,Highways,Normal,Dusk,20.5937,78.9629,Evening
Ludhiana,18-30,Medium Risk,Getting off the vehicle improperly,Pedestrian,Hazy,Highways,Normal,Daylight,20.5937,78.9629,Afternoon
Ludhiana,18-30,Medium Risk,No priority to pedestrian,Truck,Foggy,State Highway,Under Construction,Dark,20.5937,78.9629,Afternoon
Ludhiana,31-50,Low Risk,Changing lane to the left,Two-Wheeler,Foggy,Highways,Normal,Daylight,20.5937,78.9629,Evening
Ludhiana,50+,Medium Risk,No distancing,Auto-Rickshaw,Clear,National Highway,Under Construction,Dusk,20.5937,78.9629,Morning
Ludhiana,31-50,Medium Risk,Driving carelessly,Pedestrian,Clear,Village Road,Under Construction,Daylight,20.5937,78.9629,Evening
Ludhiana,50+,Medium Risk,No distancing,Cycle,Clear,National Highway,Under Construction,Daylight,20.5937,78.9629,Morning
Ludhiana,18-30,Medium Risk,Changing lane to the right,Car,Clear,National Highway,Wet,Daylight,20.5937,78.9629,Afternoon
Madurai,18-30,Medium Risk,Overtaking,Pedestrian,Rainy,National Highway,Wet,Daylight,20.5937,78.9629,Morning
Madurai,31-50,Medium Risk,Driving carelessly,Truck,Rainy,National Highway,Wet,Dawn,20.5937,78.9629,Morning
Madurai,18-30,Medium Risk,Moving Backward,Truck,Hazy,Village Road,Under Construction,Dawn,20.5937,78.9629,Night
Madurai,18-30,Medium Risk,No distancing,Car,Foggy,National Highway,Dry,Dusk,20.5937,78.9629,Night
Madurai,18-30,Medium Risk,Overtaking,Two-Wheeler,Clear,Highways,Normal,Daylight,20.5937,78.9629,Morning
Madurai,18-30,Medium Risk,Driving carelessly,Bus,Stormy,Urban Road,Dry,Dusk,20.5937,78.9629,Night
Madurai,18-30,Medium Risk,Driving carelessly,Auto-Rickshaw,Clear,Village Road,Dry,Daylight,20.5937,78.9629,Morning
Madurai,31-50,Medium Risk,Moving Backward,Car,Hazy,State Highway,Dry,Dark,20.5937,78.9629,Afternoon
Madurai,18-30,Medium Risk,Driving carelessly,Auto-Rickshaw,Rainy,State Highway,Wet,Dark,20.5937,78.9629,Night
Madurai,18-30,Low Risk,Driving to the left,Car,Clear,Highways,Normal,Dark,20.5937,78.9629,Morning
Madurai,31-50,Medium Risk,Changing lane to the left,Car,Rainy,Urban Road,Wet,Daylight,20.5937,78.9629,Night
Madurai,50+,Medium Risk,No distancing,Pedestrian,Foggy,State Highway,Normal,Dark,20.5937,78.9629,Night
Jabalpur,50+,Medium Risk,No distancing,Pedestrian,Stormy,Highways,Normal,Dark,20.5937,78.9629,Morning
Madurai,18-30,Medium Risk,Changing lane to the right,Bus,Clear,National Highway,Dry,Dawn,20.5937,78.9629,Evening
Vijaywada city,18-30,Medium Risk,Driving under the influence of drugs,Auto-Rickshaw,Hazy,Highways,Normal,Daylight,20.5937,78.9629,Evening
Madurai,31-50,Medium Risk,Changing lane to the right,Two-Wheeler,Clear,Urban Road,Damaged,Daylight,20.5937,78.9629,Night
Madurai,50+,Medium Risk,Changing lane to the left,Bus,Clear,National Highway,Under Construction,Dawn,20.5937,78.9629,Night
Faridabad,50+,Low Risk,Moving Backward,Bus,Clear,Highways,Normal,Dusk,20.5937,78.9629,Night
Madurai,18-30,Medium Risk,No distancing,Pedestrian,Hazy,Village Road,Under Construction,Daylight,20.5937,78.9629,Evening
Madurai,18-30,Medium Risk,Changing lane to the right,Two-Wheeler,Clear,Village Road,Under Construction,Dawn,20.5937,78.9629,Afternoon
Ahmedabad,31-50,Low Risk,Moving Backward,Two-Wheeler,Clear,Highways,Normal,Dusk,23.0225,72.5714,Morning
Madurai,31-50,Medium Risk,No distancing,Auto-Rickshaw,Clear,National Highway,Damaged,Dark,20.5937,78.9629,Evening
Mallapuram,31-50,Low Risk,Driving to the left,Two-Wheeler,Clear,Highways,Normal,Daylight,20.5937,78.9629,Night
Madurai,31-50,Low Risk,Driving to the left,Car,Clear,Highways,Normal,Daylight,20.5937,78.9629,Afternoon
Madurai,18-30,Medium Risk,Moving Backward,Two-Wheeler,Rainy,State Highway,Dry,Dusk,20.5937,78.9629,Night
Madurai,18-30,Low Risk,Moving Backward,Pedestrian,Stormy,Highways,Normal,Dusk,20.5937,78.9629,Night
Madurai,18-30,Medium Risk,Overtaking,Two-Wheeler,Stormy,Highways,Normal,Dawn,20.5937,78.9629,Night
Madurai,18-30,Low Risk,Driving carelessly,Car,Clear,Highways,Normal,Daylight,20.5937,78.9629,Morning
Madurai,31-50,Low Risk,Changing lane to the left,Cycle,Hazy,Highways,Normal,Dusk,20.5937,78.9629,Morning
Kollam,31-50,Low Risk,Driving under the influence of drugs,Auto-Rickshaw,Clear,Highways,Normal,Dawn,20.5937,78.9629,Night
Mallapuram,18-30,Medium Risk,No distancing,Bus,Foggy,Village Road,Under Construction,Dawn,20.5937,78.9629,Afternoon
Mallapuram,31-50,Medium Risk,Moving Backward,Auto-Rickshaw,Rainy,National Highway,Under Construction,Dawn,20.5937,78.9629,Evening
Mallapuram,31-50,Medium Risk,Changing lane to the left,Two-Wheeler,Clear,National Highway,Under Construction,Dark,20.5937,78.9629,Night
Mallapuram,18-30,Medium Risk,Changing lane to the right,Cycle,Hazy,National Highway,Under Construction,Daylight,20.5937,78.9629,Morning
Jamshedpur,18-30,Low Risk,No distancing,Pedestrian,Rainy,Highways,Normal,Daylight,20.5937,78.9629,Night
Mallapuram,18-30,Medium Risk,Driving at high speed,Car,Clear,Highways,Normal,Daylight,20.5937,78.9629,Night
Mallapuram,18-30,Medium Risk,Changing lane to the right,Two-Wheeler,Hazy,National Highway,Under Construction,Dark,20.5937,78.9629,Night
Mallapuram,18-30,Medium Risk,No priority to vehicle,Pedestrian,Hazy,National Highway,Damaged,Daylight,20.5937,78.9629,Morning
Mallapuram,18-30,Medium Risk,No distancing,Truck,Hazy,Village Road,Under Construction,Dusk,20.5937,78.9629,Afternoon
Mallapuram,31-50,Medium Risk,Turnover,Car,Rainy,National Highway,Dry,Dawn,20.5937,78.9629,Afternoon
Asansol Durgapur,18-30,Low Risk,No distancing,Bus,Hazy,Highways,Normal,Daylight,20.5937,78.9629,Afternoon
Srinagar,18-30,Medium Risk,Changing lane to the right,Cycle,Clear,Highways,Normal,Daylight,20.5937,78.9629,Night
Mallapuram,18-30,Medium Risk,No distancing,Bus,Hazy,State Highway,Dry,Daylight,20.5937,78.9629,Afternoon
Mallapuram,31-50,Low Risk,Changing lane to the left,Bus,Clear,Highways,Normal,Daylight,20.5937,78.9629,Morning
Mallapuram,31-50,Low Risk,Driving carelessly,Auto-Rickshaw,Clear,Highways,Normal,Dusk,20.5937,78.9629,Night
Mallapuram,18-30,Medium Risk,Changing lane to the right,Two-Wheeler,Stormy,State Highway,Wet,Dark,20.5937,78.9629,Morning
Mallapuram,18-30,Medium Risk,No priority to vehicle,Cycle,Clear,Village Road,Under Construction,Daylight,20.5937,78.9629,Morning
Mallapuram,31-50,Medium Risk,No distancing,Bus,Rainy,National Highway,Damaged,Dusk,20.5937,78.9629,Morning
Mallapuram,31-50,Medium Risk,No priority to pedestrian,Cycle,Clear,Highways,Normal,Daylight,20.5937,78.9629,Night
Mallapuram,31-50,Medium Risk,No priority to pedestrian,Cycle,Hazy,Urban Road,Wet,Dusk,20.5937,78.9629,Evening
Mallapuram,31-50,Medium Risk,No priority to vehicle,Truck,Clear,National Highway,Wet,Daylight,20.5937,78.9629,Night
Mallapuram,18-30,Medium Risk,Changing lane to the left,Cycle,Stormy,Village Road,Dry,Daylight,20.5937,78.9629,Night
Mallapuram,18-30,Medium Risk,Changing lane to the left,Car,Hazy,State Highway,Dry,Dusk,20.5937,78.9629,Night
Mallapuram,18-30,Low Risk,No distancing,Truck,Stormy,Highways,Normal,Daylight,20.5937,78.9629,Night
Mallapuram,31-50,Medium Risk,No priority to vehicle,Two-Wheeler,Clear,Highways,Normal,Dark,20.5937,78.9629,Night
Mallapuram,31-50,Low Risk,No distancing,Auto-Rickshaw,Clear,Highways,Normal,Daylight,20.5937,78.9629,Afternoon
Mallapuram,18-30,Medium Risk,No distancing,Car,Clear,Urban Road,Normal,Daylight,20.5937,78.9629,Morning
Kota,50+,Low Risk,Changing lane to the right,Two-Wheeler,Stormy,Highways,Normal,Dusk,20.5937,78.9629,Night
Mallapuram,18-30,Medium Risk,Changing lane to the left,Cycle,Hazy,Village Road,Dry,Daylight,20.5937,78.9629,Night
Mallapuram,18-30,Medium Risk,No distancing,Auto-Rickshaw,Foggy,Urban Road,Under Construction,Daylight,20.5937,78.9629,Afternoon
Meerut,31-50,Medium Risk,Overturning,Auto-Rickshaw,Hazy,Village Road,Wet,Dawn,20.5937,78.9629,Morning
Meerut,31-50,Medium Risk,No priority to vehicle,Truck,Clear,State Highway,Dry,Dawn,20.5937,78.9629,Evening
Meerut,31-50,Medium Risk,Moving Backward,Car,Foggy,Highways,Normal,Daylight,20.5937,78.9629,Night
Meerut,31-50,Medium Risk,Driving under the influence of drugs,Bus,Clear,Village Road,Under Construction,Dark,20.5937,78.9629,Night
Meerut,18-30,Medium Risk,Moving Backward,Bus,Hazy,National Highway,Dry,Dawn,20.5937,78.9629,Night
Kannur,18-30,Low Risk,Changing lane to the right,Pedestrian,Hazy,Highways,Normal,Daylight,20.5937,78.9629,Night
Meerut,18-30,Medium Risk,Overspeed,Cycle,Clear,Urban Road,Wet,Dusk,20.5937,78.9629,Morning
Meerut,18-30,Medium Risk,Driving under the influence of drugs,Truck,Clear,National Highway,Damaged,Dusk,20.5937,78.9629,Night
Thrissur,18-30,Low Risk,Driving carelessly,Bus,Stormy,Highways,Normal,Dawn,20.5937,78.9629,Night
Meerut,50+,Medium Risk,No distancing,Cycle,Clear,National Highway,Wet,Dusk,20.5937,78.9629,Evening
Meerut,31-50,Medium Risk,No priority to vehicle,Auto-Rickshaw,Clear,Village Road,Wet,Dawn,20.5937,78.9629,Night
Meerut,18-30,Medium Risk,Overspeed,Pedestrian,Foggy,National Highway,Under Construction,Dark,20.5937,78.9629,Night
Meerut,18-30,Medium Risk,Driving under the influence of drugs,Auto-Rickshaw,Rainy,State Highway,Wet,Daylight,20.5937,78.9629,Morning
Meerut,18-30,Low Risk,Changing lane to the right,Truck,Stormy,Highways,Normal,Daylight,20.5937,78.9629,Night
Meerut,18-30,Medium Risk,Changing lane to the right,Auto-Rickshaw,Clear,National Highway,Damaged,Dusk,20.5937,78.9629,Evening
Meerut,31-50,Medium Risk,Changing lane to the right,Pedestrian,Clear,State Highway,Under Construction,Dark,20.5937,78.9629,Night
Meerut,18-30,Medium Risk,Changing lane to the right,Car,Clear,Urban Road,Damaged,Daylight,20.5937,78.9629,Morning
Chennai,18-30,Low Risk,Moving Backward,Pedestrian,Clear,Highways,Normal,Daylight,13.0827,80.2707,Morning
Meerut,18-30,Medium Risk,No distancing,Auto-Rickshaw,Clear,State Highway,Dry,Daylight,20.5937,78.9629,Morning
Meerut,18-30,Medium Risk,Overspeed,Pedestrian,Clear,National Highway,Wet,Dawn,20.5937,78.9629,Evening
Meerut,18-30,Medium Risk,No distancing,Two-Wheeler,Clear,Highways,Normal,Dusk,20.5937,78.9629,Night
Meerut,18-30,Medium Risk,Driving carelessly,Car,Stormy,Urban Road,Wet,Daylight,20.5937,78.9629,Morning
Meerut,18-30,Medium Risk,No distancing,Truck,Foggy,Highways,Normal,Dawn,20.5937,78.9629,Night
Meerut,31-50,Medium Risk,No distancing,Car,Clear,Highways,Normal,Daylight,20.5937,78.9629,Night
Meerut,18-30,Low Risk,No distancing,Auto-Rickshaw,Foggy,Highways,Normal,Dark,20.5937,78.9629,Afternoon
Meerut,31-50,Medium Risk,Changing lane to the right,Bus,Clear,Highways,Normal,Daylight,20.5937,78.9629,Afternoon
Meerut,18-30,Low Risk,No distancing,Pedestrian,Stormy,Highways,Normal,Daylight,20.5937,78.9629,Afternoon
Hyderabad,18-30,Low Risk,No priority to vehicle,Auto-Rickshaw,Rainy,Highways,Normal,Daylight,17.385,78.4867,Morning
Meerut,18-30,Medium Risk,Changing lane to the left,Auto-Rickshaw,Clear,State Highway,Dry,Daylight,20.5937,78.9629,Evening
Pune,18-30,Low Risk,Moving Backward,Auto-Rickshaw,Clear,Highways,Normal,Dark,18.5204,73.8567,Night
Mumbai,50+,Medium Risk,Driving carelessly,Car,Rainy,Village Road,Damaged,Dusk,19.076,72.8777,Afternoon
Mumbai,18-30,Medium Risk,Changing lane to the left,Auto-Rickshaw,Stormy,Urban Road,Dry,Dark,19.076,72.8777,Afternoon
Ghaziabad,18-30,Medium Risk,No priority to pedestrian,Two-Wheeler,Stormy,Highways,Normal,Daylight,20.5937,78.9629,Morning
Mumbai,18-30,Medium Risk,No distancing,Auto-Rickshaw,Hazy,Highways,Normal,Daylight,19.076,72.8777,Night
Mumbai,18-30,Medium Risk,No distancing,Car,Rainy,Village Road,Dry,Dusk,19.076,72.8777,Morning
Mumbai,18-30,Medium Risk,Overturning,Cycle,Clear,Urban Road,Wet,Dawn,19.076,72.8777,Night
Mumbai,18-30,Medium Risk,No distancing,Car,Stormy,Village Road,Under Construction,Dawn,19.076,72.8777,Night
Ghaziabad,50+,Low Risk,Drunk driving,Truck,Stormy,Highways,Normal,Dawn,20.5937,78.9629,Night
Mumbai,18-30,Medium Risk,Moving Backward,Two-Wheeler,Clear,State Highway,Damaged,Dawn,19.076,72.8777,Morning
Mumbai,18-30,Medium Risk,No priority to pedestrian,Car,Foggy,Urban Road,Dry,Daylight,19.076,72.8777,Night
Mumbai,31-50,Medium Risk,Changing lane to the left,Auto-Rickshaw,Clear,State Highway,Damaged,Dawn,19.076,72.8777,Morning
Mumbai,50+,Low Risk,Changing lane to the left,Auto-Rickshaw,Hazy,Highways,Normal,Dusk,19.076,72.8777,Night
Mumbai,31-50,Medium Risk,Getting off the vehicle improperly,Pedestrian,Clear,Urban Road,Dry,Daylight,19.076,72.8777,Night
Mumbai,18-30,Medium Risk,No distancing,Auto-Rickshaw,Foggy,Urban Road,Damaged,Daylight,19.076,72.8777,Night
Indore,31-50,Medium Risk,Changing lane to the right,Truck,Stormy,Highways,Normal,Daylight,20.5937,78.9629,Night
Mumbai,31-50,Medium Risk,Changing lane to the right,Car,Hazy,Urban Road,Dry,Dusk,19.076,72.8777,Afternoon
Mumbai,18-30,Low Risk,Moving Backward,Auto-Rickshaw,Stormy,Highways,Normal,Dusk,19.076,72.8777,Morning
Mumbai,18-30,Medium Risk,Driving at high speed,Cycle,Clear,State Highway,Under Construction,Daylight,19.076,72.8777,Evening
Mumbai,18-30,Medium Risk,Changing lane to the left,Cycle,Clear,State Highway,Damaged,Daylight,19.076,72.8777,Evening
Mumbai,18-30,Medium Risk,Changing lane to the right,Car,Stormy,Village Road,Damaged,Daylight,19.076,72.8777,Night
Faridabad,18-30,Low Risk,No distancing,Auto-Rickshaw,Clear,Highways,Normal,Dark,20.5937,78.9629,Morning
Mumbai,18-30,Medium Risk,Changing lane to the right,Cycle,Clear,State Highway,Wet,Dark,19.076,72.8777,Evening
Mumbai,18-30,Medium Risk,Changing lane to the right,Pedestrian,Clear,National Highway,Normal,Dusk,19.076,72.8777,Night
Mumbai,18-30,Low Risk,No distancing,Car,Foggy,Highways,Normal,Dusk,19.076,72.8777,Night
Mumbai,31-50,Medium Risk,Changing lane to the right,Two-Wheeler,Foggy,Urban Road,Normal,Dawn,19.076,72.8777,Afternoon
Mumbai,31-50,Medium Risk,Driving carelessly,Cycle,Clear,State Highway,Normal,Daylight,19.076,72.8777,Morning
Mumbai,31-50,Low Risk,Driving carelessly,Car,Clear,Highways,Normal,Dusk,19.076,72.8777,Night
Mumbai,31-50,Medium Risk,Changing lane to the right,Truck,Rainy,Urban Road,Dry,Dark,19.076,72.8777,Morning
Mumbai,31-50,Medium Risk,Overturning,Car,Clear,Village Road,Wet,Dawn,19.076,72.8777,Afternoon
Mumbai,18-30,Medium Risk,Changing lane to the right,Auto-Rickshaw,Clear,Village Road,Damaged,Daylight,19.076,72.8777,Night
Nagpur,18-30,Medium Risk,Moving Backward,Pedestrian,Hazy,Village Road,Damaged,Dark,20.5937,78.9629,Night
Nagpur,18-30,Medium Risk,No distancing,Truck,Stormy,Urban Road,Damaged,Dusk,20.5937,78.9629,Afternoon
Nagpur,18-30,Medium Risk,Overturning,Cycle,Foggy,Urban Road,Wet,Daylight,20.5937,78.9629,Night
Nagpur,50+,Medium Risk,Driving carelessly,Auto-Rickshaw,Clear,State Highway,Dry,Dawn,20.5937,78.9629,Night
Khozikode,18-30,Low Risk,Changing lane to the right,Pedestrian,Clear,Highways,Normal,Daylight,20.5937,78.9629,Night
Nagpur,18-30,Medium Risk,Driving at high speed,Pedestrian,Stormy,Village Road,Wet,Dusk,20.5937,78.9629,Evening
Nagpur,31-50,Medium Risk,Changing lane to the left,Truck,Stormy,State Highway,Under Construction,Dark,20.5937,78.9629,Morning
Nagpur,18-30,Medium Risk,Driving carelessly,Two-Wheeler,Clear,National Highway,Under Construction,Dawn,20.5937,78.9629,Night
Nagpur,18-30,Medium Risk,No distancing,Pedestrian,Stormy,National Highway,Dry,Daylight,20.5937,78.9629,Night
Thiruvanthapuram,18-30,Low Risk,Moving Backward,Auto-Rickshaw,Foggy,Highways,Normal,Daylight,20.5937,78.9629,Morning
Nagpur,18-30,Medium Risk,No priority to pedestrian,Pedestrian,Clear,State Highway,Damaged,Daylight,20.5937,78.9629,Night
Nagpur,18-30,Medium Risk,Moving Backward,Two-Wheeler,Stormy,National Highway,Under Construction,Daylight,20.5937,78.9629,Afternoon
Nagpur,18-30,Medium Risk,Changing lane to the right,Car,Clear,Village Road,Damaged,Daylight,20.5937,78.9629,Afternoon
Nagpur,18-30,Medium Risk,No distancing,Car,Stormy,Village Road,Wet,Dusk,20.5937,78.9629,Night
Rajkot,31-50,Low Risk,Drunk driving,Car,Clear,Highways,Normal,Daylight,20.5937,78.9629,Evening
Nagpur,18-30,Medium Risk,Changing lane to the right,Car,Clear,Urban Road,Under Construction,Daylight,20.5937,78.9629,Afternoon
Nagpur,31-50,Medium Risk,Driving carelessly,Two-Wheeler,Foggy,Village Road,Dry,Dusk,20.5937,78.9629,Afternoon
Nagpur,50+,Medium Risk,Driving to the left,Auto-Rickshaw,Rainy,Village Road,Under Construction,Dark,20.5937,78.9629,Morning
Nagpur,18-30,Medium Risk,Changing lane to the right,Bus,Clear,National Highway,Wet,Daylight,20.5937,78.9629,Morning
Nagpur,18-30,Medium Risk,Changing lane to the right,Pedestrian,Hazy,State Highway,Under Construction,Dusk,20.5937,78.9629,Morning
Nagpur,31-50,Medium Risk,Driving carelessly,Pedestrian,Foggy,State Highway,Dry,Daylight,20.5937,78.9629,Evening
Nagpur,18-30,Medium Risk,Changing lane to the left,Bus,Hazy,National Highway,Dry,Dark,20.5937,78.9629,Evening
Nagpur,18-30,Medium Risk,No priority to vehicle,Auto-Rickshaw,Clear,Urban Road,Damaged,Dark,20.5937,78.9629,Night
Nagpur,18-30,Medium Risk,Driving carelessly,Auto-Rickshaw,Clear,Urban Road,Dry,Daylight,20.5937,78.9629,Night
Nagpur,50+,Medium Risk,Changing lane to the right,Cycle,Stormy,Highways,Normal,Daylight,20.5937,78.9629,Morning
Nagpur,50+,Medium Risk,Driving carelessly,Truck,Clear,Urban Road,Wet,Daylight,20.5937,78.9629,Afternoon
Kanpur,18-30,Low Risk,Driving under the influence of drugs,Car,Stormy,Highways,Normal,Dusk,26.4499,80.3319,Afternoon
Nagpur,18-30,Low Risk,No distancing,Two-Wheeler,Clear,Highways,Normal,Daylight,20.5937,78.9629,Morning
Nagpur,31-50,Medium Risk,Changing lane to the left,Truck,Clear,Village Road,Under Construction,Dawn,20.5937,78.9629,Night
Nagpur,31-50,Medium Risk,No priority to vehicle,Car,Rainy,Village Road,Wet,Dark,20.5937,78.9629,Night
Nashik,50+,Medium Risk,Moving Backward,Truck,Foggy,Urban Road,Dry,Dusk,20.5937,78.9629,Evening
Nashik,18-30,Medium Risk,Moving Backward,Pedestrian,Clear,National Highway,Under Construction,Dusk,20.5937,78.9629,Morning
Ludhiana,18-30,Low Risk,No distancing,Car,Clear,Highways,Normal,Dark,20.5937,78.9629,Night
Nashik,18-30,Medium Risk,Changing lane to the right,Auto-Rickshaw,Clear,National Highway,Normal,Daylight,20.5937,78.9629,Night
Nashik,31-50,Medium Risk,Changing lane to the right,Auto-Rickshaw,Foggy,State Highway,Dry,Daylight,20.5937,78.9629,Night
Nashik,50+,Low Risk,Moving Backward,Two-Wheeler,Stormy,Highways,Normal,Dawn,20.5937,78.9629,Night
Nashik,18-30,Medium Risk,Driving carelessly,Cycle,Stormy,Highways,Normal,Dusk,20.5937,78.9629,Night
Nashik,31-50,Medium Risk,Driving under the influence of drugs,Auto-Rickshaw,Hazy,National Highway,Under Construction,Daylight,20.5937,78.9629,Morning
Agra,18-30,Low Risk,No distancing,Truck,Clear,Highways,Normal,Daylight,27.1767,78.0081,Night
Asansol Durgapur,18-30,Low Risk,No distancing,Pedestrian,Stormy,Highways,Normal,Dark,20.5937,78.9629,Night
Nashik,18-30,Medium Risk,No priority to vehicle,Pedestrian,Rainy,State Highway,Damaged,Dark,20.5937,78.9629,Night
Nashik,18-30,Medium Risk,Driving to the left,Car,Rainy,Village Road,Damaged,Daylight,20.5937,78.9629,Night
Nashik,31-50,Low Risk,No priority to vehicle,Car,Clear,Highways,Normal,Dark,20.5937,78.9629,Morning
Nashik,18-30,Medium Risk,No priority to vehicle,Pedestrian,Hazy,National Highway,Wet,Daylight,20.5937,78.9629,Morning
Nashik,18-30,Medium Risk,No priority to vehicle,Pedestrian,Rainy,National Highway,Wet,Dark,20.5937,78.9629,Night
Nashik,18-30,Medium Risk,No distancing,Bus,Hazy,Highways,Normal,Dawn,20.5937,78.9629,Night
Nashik,18-30,Low Risk,Moving Backward,Pedestrian,Clear,Highways,Normal,Dusk,20.5937,78.9629,Night
Nashik,31-50,Medium Risk,Changing lane to the right,Pedestrian,Foggy,Urban Road,Damaged,Daylight,20.5937,78.9629,Afternoon
Nashik,31-50,Medium Risk,Driving carelessly,Auto-Rickshaw,Foggy,Urban Road,Dry,Daylight,20.5937,78.9629,Afternoon
Nashik,31-50,Medium Risk,Changing lane to the left,Auto-Rickshaw,Rainy,National Highway,Damaged,Daylight,20.5937,78.9629,Morning
Nashik,18-30,Medium Risk,No distancing,Truck,Foggy,Village Road,Wet,Dusk,20.5937,78.9629,Night
Nashik,18-30,Medium Risk,Changing lane to the right,Two-Wheeler,Hazy,State Highway,Under Construction,Dusk,20.5937,78.9629,Evening
Nashik,50+,Medium Risk,Driving under the influence of drugs,Pedestrian,Clear,Highways,Normal,Dawn,20.5937,78.9629,Night
Nashik,50+,Medium Risk,No distancing,Pedestrian,Clear,Village Road,Wet,Dusk,20.5937,78.9629,Morning
Nashik,18-30,Medium Risk,Overturning,Car,Clear,National Highway,Dry,Dusk,20.5937,78.9629,Night
Nashik,18-30,Medium Risk,No distancing,Car,Clear,Village Road,Normal,Daylight,20.5937,78.9629,Evening
Nashik,18-30,Medium Risk,Changing lane to the right,Two-Wheeler,Clear,Urban Road,Dry,Daylight,20.5937,78.9629,Night
Nashik,31-50,Medium Risk,No priority to vehicle,Pedestrian,Clear,Urban Road,Damaged,Daylight,20.5937,78.9629,Afternoon