Million_Plus_Cities,Age_band_of_driver,Accident_severity,Cause_of_accident,Vehicle Type Involved,Weather Conditions,Road Type,Road Condition,Lighting Conditions,Latitude,Longitude,Time_Block
Nashik,18-30,Low Risk,Changing lane to the right,Bus,Clear,Highways,Normal,Dusk,20.5937,78.9629,Morning
Jamshedpur,18-30,Low Risk,Changing lane to the left,Cycle,Clear,Highways,Normal,Daylight,20.5937,78.9629,Night
Patna,31-50,Medium Risk,No distancing,Pedestrian,Clear,Village Road,Under Construction,Dawn,25.5941,85.1376,Evening
Kannur,18-30,Low Risk,No priority to pedestrian,Two-Wheeler,Stormy,Highways,Normal,Dusk,20.5937,78.9629,Afternoon
Patna,31-50,Medium Risk,Driving carelessly,Auto-Rickshaw,Clear,Village Road,Dry,Daylight,25.5941,85.1376,Night
Agra,18-30,Low Risk,No distancing,Cycle,Clear,Highways,Normal,Dawn,27.1767,78.0081,Morning
Nagpur,18-30,Low Risk,Driving carelessly,Car,Rainy,Highways,Normal,Dawn,20.5937,78.9629,Morning
Ahmedabad,18-30,Medium Risk,Driving carelessly,Truck,Stormy,Highways,Normal,Dusk,23.0225,72.5714,Morning
Raipur,50+,Low Risk,Moving Backward,Car,Rainy,Highways,Normal,Dusk,20.5937,78.9629,Afternoon
Patna,18-30,Medium Risk,Overtaking,Pedestrian,Clear,State Highway,Dry,Daylight,25.5941,85.1376,Night
Patna,18-30,Medium Risk,No priority to vehicle,Truck,Clear,Urban Road,Wet,Daylight,25.5941,85.1376,Night
Thrissur,18-30,Low Risk,No priority to vehicle,Pedestrian,Stormy,Highways,Normal,Daylight,20.5937,78.9629,Evening
Tiruchirapalli,50+,Medium Risk,Changing lane to the left,Truck,Clear,Highways,Normal,Dusk,20.5937,78.9629,Evening
Patna,31-50,Medium Risk,No priority to vehicle,Car,Clear,Highways,Normal,Daylight,25.5941,85.1376,Afternoon
Patna,31-50,Medium Risk,No distancing,Truck,Stormy,State Highway,Dry,Daylight,25.5941,85.1376,Evening
Patna,31-50,Medium Risk,Moving Backward,Two-Wheeler,Clear,Urban Road,Dry,Dawn,25.5941,85.1376,Afternoon
Patna,31-50,Medium Risk,Changing lane to the right,Two-Wheeler,Clear,National Highway,Damaged,Dawn,25.5941,85.1376,Night
Patna,31-50,Medium Risk,No distancing,Car,Hazy,Highways,Normal,Dark,25.5941,85.1376,Morning
Patna,18-30,Medium Risk,Overtaking,Bus,Clear,Highways,Normal,Dusk,25.5941,85.1376,Afternoon
Patna,18-30,Low Risk,No distancing,Bus,Clear,Highways,Normal,Dusk,25.5941,85.1376,Evening
Kollam,18-30,Low Risk,Changing lane to the left,Bus,Clear,Highways,Normal,Daylight,20.5937,78.9629,Evening
Patna,18-30,Low Risk,Driving under the influence of drugs,Car,Clear,Highways,Normal,Daylight,25.5941,85.1376,Evening
Patna,18-30,Medium Risk,No distancing,Cycle,Clear,National Highway,Under Construction,Dark,25.5941,85.1376,Afternoon
Patna,31-50,Low Risk,No distancing,Two-Wheeler,Clear,Highways,Normal,Dawn,25.5941,85.1376,Evening
Patna,18-30,Medium Risk,Changing lane to the right,Cycle,Clear,Urban Road,Under Construction,Daylight,25.5941,85.1376,Night
Patna,18-30,Low Risk,Changing lane to the left,Cycle,Clear,Highways,Normal,Daylight,25.5941,85.1376,Morning
Patna,18-30,Medium Risk,Moving Backward,Truck,Rainy,State Highway,Damaged,Dark,25.5941,85.1376,Morning
Patna,31-50,Medium Risk,No distancing,Car,Clear,National Highway,Damaged,Daylight,25.5941,85.1376,Night
Patna,18-30,Medium Risk,No distancing,Truck,Clear,Village Road,Dry,Dark,25.5941,85.1376,Evening
Patna,31-50,Medium Risk,Driving carelessly,Two-Wheeler,Clear,National Highway,Wet,Daylight,25.5941,85.1376,Evening
Patna,18-30,Low Risk,Moving Backward,Pedestrian,Clear,Highways,Normal,Dark,25.5941,85.1376,Morning
Patna,50+,Medium Risk,No distancing,Two-Wheeler,Rainy,State Highway,Wet,Daylight,25.5941,85.1376,Evening
Pune,18-30,Medium Risk,Changing lane to the right,Car,Hazy,State Highway,Wet,Dusk,18.5204,73.8567,Morning
Pune,18-30,Medium Risk,Driving carelessly,Pedestrian,Rainy,State Highway,Wet,Daylight,18.5204,73.8567,Morning
Pune,18-30,Medium Risk,Driving to the left,Cycle,Clear,State Highway,Dry,Daylight,18.5204,73.8567,Night
Pune,31-50,Medium Risk,Changing lane to the right,Car,Foggy,Village Road,Dry,Dark,18.5204,73.8567,Morning
Pune,31-50,Medium Risk,Driving carelessly,Car,Stormy,National Highway,Dry,Dusk,18.5204,73.8567,Night
Pune,31-50,Medium Risk,Changing lane to the right,Car,Stormy,State Highway,Dry,Daylight,18.5204,73.8567,Night
Pune,18-30,Medium Risk,No priority to vehicle,Bus,Clear,Urban Road,Wet,Dusk,18.5204,73.8567,Night
Pune,31-50,Medium Risk,Changing lane to the right,Pedestrian,Clear,Urban Road,Damaged,Dusk,18.5204,73.8567,Night
Pune,31-50,Low Risk,Turnover,Auto-Rickshaw,Stormy,Highways,Normal,Daylight,18.5204,73.8567,Night
Pune,18-30,Medium Risk,No priority to vehicle,Truck,Clear,National Highway,Wet,Dusk,18.5204,73.8567,Afternoon
Pune,31-50,Medium Risk,Driving at high speed,Two-Wheeler,Clear,Highways,Normal,Dark,18.5204,73.8567,Night
Pune,31-50,Low Risk,No distancing,Car,Clear,Highways,Normal,Dusk,18.5204,73.8567,Evening
Pune,31-50,Medium Risk,No distancing,Bus,Clear,Highways,Normal,Dusk,18.5204,73.8567,Afternoon
Pune,18-30,Medium Risk,Driving carelessly,Car,Foggy,State Highway,Dry,Daylight,18.5204,73.8567,Morning
Pune,18-30,Medium Risk,Driving carelessly,Pedestrian,Clear,Urban Road,Wet,Dusk,18.5204,73.8567,Evening
Mumbai,18-30,Medium Risk,Moving Backward,Two-Wheeler,Rainy,Highways,Normal,Dawn,19.076,72.8777,Morning
Pune,18-30,Medium Risk,No distancing,Pedestrian,Clear,Village Road,Dry,Dawn,18.5204,73.8567,Morning
Pune,18-30,Medium Risk,Changing lane to the right,Truck,Clear,Urban Road,Wet,Daylight,18.5204,73.8567,Evening
Pune,18-30,Medium Risk,Overtaking,Pedestrian,Clear,Village Road,Damaged,Dusk,18.5204,73.8567,Morning
Pune,50+,Medium Risk,No distancing,Auto-Rickshaw,Clear,Urban Road,Under Construction,Daylight,18.5204,73.8567,Night
Pune,18-30,Medium Risk,Overtaking,Two-Wheeler,Stormy,Village Road,Wet,Dawn,18.5204,73.8567,Evening
Pune,31-50,Medium Risk,Moving Backward,Two-Wheeler,Clear,State Highway,Dry,Daylight,18.5204,73.8567,Morning
Pune,31-50,Medium Risk,No distancing,Auto-Rickshaw,Clear,Urban Road,Dry,Daylight,18.5204,73.8567,Evening
Pune,18-30,Medium Risk,No distancing,Truck,Clear,Village Road,Under Construction,Daylight,18.5204,73.8567,Afternoon
Amritsar,18-30,Medium Risk,No priority to vehicle,Bus,Clear,Highways,Normal,Dark,20.5937,78.9629,Night
Pune,18-30,Medium Risk,No priority to vehicle,Auto-Rickshaw,Clear,Village Road,Dry,Dark,18.5204,73.8567,Morning
Pune,18-30,Low Risk,Changing lane to the left,Pedestrian,Rainy,Highways,Normal,Daylight,18.5204,73.8567,Evening
Pune,50+,Medium Risk,No distancing,Car,Clear,Village Road,Dry,Daylight,18.5204,73.8567,Evening
Pune,31-50,Medium Risk,Driving under the influence of drugs,Truck,Stormy,Village Road,Under Construction,Dusk,18.5204,73.8567,Night
Pune,31-50,Medium Risk,Changing lane to the left,Pedestrian,Hazy,State Highway,Wet,Dawn,18.5204,73.8567,Night
Raipur,18-30,Medium Risk,Changing lane to the right,Car,Clear,Village Road,Wet,Dark,20.5937,78.9629,Afternoon
Raipur,18-30,Medium Risk,Driving to the left,Two-Wheeler,Rainy,State Highway,Damaged,Dawn,20.5937,78.9629,Evening
Raipur,18-30,Medium Risk,Driving at high speed,Car,Stormy,Urban Road,Dry,Daylight,20.5937,78.9629,Morning
Raipur,50+,Low Risk,Overtaking,Auto-Rickshaw,Stormy,Highways,Normal,Daylight,20.5937,78.9629,Evening
Raipur,18-30,Medium Risk,Changing lane to the right,Pedestrian,Clear,Urban Road,Dry,Dusk,20.5937,78.9629,Night
Raipur,18-30,Medium Risk,Changing lane to the right,Truck,Foggy,Highways,Normal,Dusk,20.5937,78.9629,Morning
Raipur,18-30,Low Risk,Moving Backward,Car,Hazy,Highways,Normal,Dark,20.5937,78.9629,Afternoon
Chennai,18-30,Low Risk,Moving Backward,Car,Stormy,Highways,Normal,Daylight,13.0827,80.2707,Morning
Vadodra,18-30,Low Risk,Changing lane to the left,Car,Clear,Highways,Normal,Dark,20.5937,78.9629,Night
Raipur,18-30,Medium Risk,Moving Backward,Two-Wheeler,Clear,Village Road,Dry,Daylight,20.5937,78.9629,Evening
Vijaywada city,18-30,Low Risk,No distancing,Auto-Rickshaw,Clear,Highways,Normal,Daylight,20.5937,78.9629,Night
Raipur,31-50,Medium Risk,Moving Backward,Auto-Rickshaw,Clear,State Highway,Dry,Dawn,20.5937,78.9629,Morning
Raipur,18-30,Medium Risk,Changing lane to the right,Car,Clear,State Highway,Wet,Daylight,20.5937,78.9629,Afternoon
Raipur,18-30,Medium Risk,Changing lane to the left,Car,Clear,Urban Road,Dry,Dark,20.5937,78.9629,Afternoon
Raipur,18-30,Low Risk,No priority to vehicle,Bus,Rainy,Highways,Normal,Dusk,20.5937,78.9629,Night
Raipur,18-30,Medium Risk,No distancing,Car,Clear,Highways,Normal,Dark,20.5937,78.9629,Afternoon
Raipur,18-30,Medium Risk,No priority to vehicle,Car,Stormy,National Highway,Damaged,Dusk,20.5937,78.9629,Morning
Raipur,31-50,Medium Risk,Driving under the influence of drugs,Truck,Rainy,National Highway,Wet,Daylight,20.5937,78.9629,Night
Kota,31-50,Low Risk,Changing lane to the right,Two-Wheeler,Rainy,Highways,Normal,Dawn,20.5937,78.9629,Night
Raipur,50+,Medium Risk,No distancing,Car,Clear,State Highway,Normal,Dusk,20.5937,78.9629,Morning
Raipur,18-30,Medium Risk,No distancing,Bus,Foggy,Village Road,Damaged,Dawn,20.5937,78.9629,Afternoon
Raipur,18-30,Medium Risk,Changing lane to the left,Pedestrian,Clear,Highways,Normal,Dawn,20.5937,78.9629,Afternoon
Raipur,31-50,Medium Risk,Changing lane to the right,Car,Hazy,Highways,Normal,Daylight,20.5937,78.9629,Evening
Raipur,18-30,Medium Risk,Changing lane to the right,Auto-Rickshaw,Clear,Urban Road,Damaged,Daylight,20.5937,78.9629,Afternoon
Raipur,18-30,Medium Risk,Driving under the influence of drugs,Auto-Rickshaw,Clear,State Highway,Wet,Dusk,20.5937,78.9629,Morning
Raipur,50+,Medium Risk,Moving Backward,Cycle,Clear,Urban Road,Under Construction,Dusk,20.5937,78.9629,Morning
Raipur,18-30,Medium Risk,Changing lane to the left,Pedestrian,Clear,State Highway,Under Construction,Dawn,20.5937,78.9629,Afternoon
Raipur,18-30,Medium Risk,No priority to pedestrian,Car,Stormy,Village Road,Normal,Daylight,20.5937,78.9629,Night
Raipur,18-30,Low Risk,No distancing,Two-Wheeler,Clear,Highways,Normal,Daylight,20.5937,78.9629,Night
Raipur,18-30,Medium Risk,No distancing,Cycle,Clear,Urban Road,Dry,Daylight,20.5937,78.9629,Night
Rajkot,31-50,Medium Risk,Changing lane to the left,Car,Clear,Urban Road,Wet,Dawn,20.5937,78.9629,Evening
Rajkot,50+,Low Risk,Changing lane to the right,Auto-Rickshaw,Stormy,Highways,Normal,Dark,20.5937,78.9629,Night
Rajkot,50+,Medium Risk,Driving carelessly,Car,Hazy,National Highway,Wet,Daylight,20.5937,78.9629,Evening
Rajkot,31-50,Medium Risk,No distancing,Auto-Rickshaw,Hazy,State Highway,Wet,Dawn,20.5937,78.9629,Morning
Rajkot,18-30,Low Risk,Changing lane to the left,Pedestrian,Clear,Highways,Normal,Dark,20.5937,78.9629,Night
Rajkot,18-30,Medium Risk,Moving Backward,Two-Wheeler,Clear,National Highway,Wet,Dawn,20.5937,78.9629,Night
Rajkot,31-50,Medium Risk,No distancing,Car,Foggy,Urban Road,Damaged,Daylight,20.5937,78.9629,Morning
Rajkot,18-30,Medium Risk,No priority to pedestrian,Two-Wheeler,Hazy,Village Road,Normal,Dawn,20.5937,78.9629,Morning
Rajkot,18-30,Medium Risk,Changing lane to the left,Car,Hazy,Village Road,Under Construction,Dusk,20.5937,78.9629,Morning
Rajkot,18-30,Low Risk,No distancing,Car,Foggy,Highways,Normal,Dark,20.5937,78.9629,Night
Rajkot,31-50,Medium Risk,Driving carelessly,Truck,Clear,Village Road,Under Construction,Dark,20.5937,78.9629,Afternoon
Rajkot,18-30,Medium Risk,No priority to vehicle,Auto-Rickshaw,Hazy,National Highway,Dry,Daylight,20.5937,78.9629,Morning
Rajkot,18-30,Medium Risk,Changing lane to the right,Bus,Clear,State Highway,Under Construction,Daylight,20.5937,78.9629,Morning
Rajkot,18-30,Medium Risk,Moving Backward,Bus,Clear,National Highway,Damaged,Dawn,20.5937,78.9629,Morning
Ahmedabad,31-50,Low Risk,No priority to vehicle,Car,Foggy,Highways,Normal,Daylight,23.0225,72.5714,Morning
Rajkot,31-50,Low Risk,No priority to pedestrian,Auto-Rickshaw,Hazy,Highways,Normal,Daylight,20.5937,78.9629,Morning
Rajkot,18-30,Medium Risk,Changing lane to the left,Two-Wheeler,Rainy,National Highway,Damaged,Dusk,20.5937,78.9629,Evening
Rajkot,18-30,Medium Risk,Changing lane to the left,Two-Wheeler,Clear,State Highway,Damaged,Dark,20.5937,78.9629,Afternoon
Rajkot,50+,Medium Risk,Driving under the influence of drugs,Car,Stormy,State Highway,Normal,Dusk,20.5937,78.9629,Afternoon
Rajkot,31-50,Medium Risk,Moving Backward,Car,Stormy,National Highway,Under Construction,Dusk,20.5937,78.9629,Night
Rajkot,31-50,Medium Risk,Changing lane to the right,Car,Stormy,National Highway,Wet,Dark,20.5937,78.9629,Night
Rajkot,18-30,Medium Risk,Changing lane to the right,Pedestrian,Hazy,State Highway,Dry,Dawn,20.5937,78.9629,Night
Rajkot,31-50,Medium Risk,No distancing,Pedestrian,Clear,Urban Road,Under Construction,Dawn,20.5937,78.9629,Night
Rajkot,31-50,Medium Risk,Moving Backward,Auto-Rickshaw,Foggy,State Highway,Under Construction,Dawn,20.5937,78.9629,Morning
Rajkot,18-30,Medium Risk,No distancing,Two-Wheeler,Clear,Highways,Normal,Dusk,20.5937,78.9629,Night
Rajkot,18-30,Medium Risk,Driving carelessly,Bus,Clear,State Highway,Under Construction,Dark,20.5937,78.9629,Morning
Rajkot,31-50,Medium Risk,No priority to pedestrian,Pedestrian,Stormy,Village Road,Dry,Daylight,20.5937,78.9629,Evening
Rajkot,31-50,Medium Risk,No priority to vehicle,Pedestrian,Foggy,Highways,Normal,Dusk,20.5937,78.9629,Morning
Rajkot,18-30,Medium Risk,Moving Backward,Car,Stormy,State Highway,Wet,Dark,20.5937,78.9629,Morning
Rajkot,18-30,Medium Risk,Changing lane to the right,Car,Foggy,Village Road,Dry,Daylight,20.5937,78.9629,Night
Srinagar,18-30,Medium Risk,No distancing,Two-Wheeler,Clear,Village Road,Damaged,Dark,20.5937,78.9629,Night
Srinagar,31-50,Medium Risk,Driving carelessly,Truck,Clear,State Highway,Dry,Dark,20.5937,78.9629,Evening
Srinagar,18-30,Low Risk,Changing lane to the left,Cycle,Clear,Highways,Normal,Dawn,20.5937,78.9629,Night
Srinagar,50+,Medium Risk,Moving Backward,Two-Wheeler,Stormy,National Highway,Dry,Dawn,20.5937,78.9629,Night
Srinagar,31-50,Medium Risk,No distancing,Pedestrian,Clear,State Highway,Under Construction,Daylight,20.5937,78.9629,Afternoon
Srinagar,18-30,High Risk,Moving Backward,Car,Hazy,State Highway,Under Construction,Dark,20.5937,78.9629,Morning
Srinagar,31-50,High Risk,Overtaking,Two-Wheeler,Clear,Village Road,Wet,Daylight,20.5937,78.9629,Night
Srinagar,31-50,High Risk,Changing lane to the left,Truck,Foggy,Highways,Normal,Dawn,20.5937,78.9629,Evening
Srinagar,18-30,High Risk,Changing lane to the right,Bus,Clear,Village Road,Damaged,Dusk,20.5937,78.9629,Night
Srinagar,18-30,High Risk,Overtaking,Bus,Hazy,Village Road,Damaged,Dawn,20.5937,78.9629,Night
Srinagar,18-30,Medium Risk,Overloading,Cycle,Clear,Village Road,Wet,Daylight,20.5937,78.9629,Morning
Srinagar,50+,Medium Risk,Other,Truck,Clear,National Highway,Damaged,Dark,20.5937,78.9629,Morning
Kannur,31-50,Low Risk,No priority to vehicle,Truck,Clear,Highways,Normal,Daylight,20.5937,78.9629,Morning
Srinagar,18-30,High Risk,Changing lane to the right,Two-Wheeler,Clear,Village Road,Wet,Dusk,20.5937,78.9629,Night
Srinagar,31-50,High Risk,Moving Backward,Car,Clear,Village Road,Wet,Dark,20.5937,78.9629,Afternoon
Srinagar,31-50,High Risk,Changing lane to the left,Bus,Foggy,Urban Road,Damaged,Daylight,20.5937,78.9629,Night
Srinagar,18-30,High Risk,No priority to pedestrian,Two-Wheeler,Rainy,Urban Road,Damaged,Dark,20.5937,78.9629,Afternoon
Srinagar,18-30,High Risk,No distancing,Auto-Rickshaw,Stormy,Village Road,Damaged,Daylight,20.5937,78.9629,Afternoon
Srinagar,18-30,Medium Risk,No priority to vehicle,Auto-Rickshaw,Rainy,Highways,Normal,Dawn,20.5937,78.9629,Morning
Srinagar,31-50,High Risk,No distancing,Auto-Rickshaw,Hazy,Village Road,Dry,Dusk,20.5937,78.9629,Morning
Srinagar,18-30,High Risk,No distancing,Bus,Clear,Village Road,Normal,Dark,20.5937,78.9629,Afternoon
Srinagar,18-30,Low Risk,Moving Backward,Bus,Clear,Highways,Normal,Daylight,20.5937,78.9629,Morning
Srinagar,31-50,High Risk,Changing lane to the right,Auto-Rickshaw,Stormy,National Highway,Damaged,Dusk,20.5937,78.9629,Night
Srinagar,31-50,Medium Risk,No priority to pedestrian,Cycle,Clear,Highways,Normal,Dawn,20.5937,78.9629,Night
Rajkot,31-50,Low Risk,Moving Backward,Car,Clear,Highways,Normal,Daylight,20.5937,78.9629,Night
Srinagar,31-50,Medium Risk,Getting off the vehicle improperly,Auto-Rickshaw,Hazy,Highways,Normal,Dark,20.5937,78.9629,Night
Srinagar,31-50,High Risk,Overtaking,Bus,Clear,Urban Road,Wet,Dark,20.5937,78.9629,Afternoon
Srinagar,31-50,High Risk,Overloading,Cycle,Clear,National Highway,Wet,Daylight,20.5937,78.9629,Afternoon
Srinagar,31-50,High Risk,Changing lane to the right,Car,Clear,State Highway,Normal,Dark,20.5937,78.9629,Morning
Srinagar,18-30,Low Risk,Improper parking,Truck,Clear,Highways,Normal,Dark,20.5937,78.9629,Morning
Kota,31-50,Low Risk,Other,Car,Hazy,Highways,Normal,Daylight,20.5937,78.9629,Evening
Surat,31-50,High Risk,Changing lane to the left,Auto-Rickshaw,Clear,Village Road,Wet,Dawn,21.1702,72.8311,Evening
Surat,31-50,Low Risk,Changing lane to the right,Auto-Rickshaw,Stormy,Highways,Normal,Daylight,21.1702,72.8311,Night
Surat,31-50,High Risk,No priority to pedestrian,Pedestrian,Clear,Urban Road,Wet,Daylight,21.1702,72.8311,Evening
Surat,18-30,High Risk,Overspeed,Auto-Rickshaw,Clear,National Highway,Damaged,Dawn,21.1702,72.8311,Night
Surat,18-30,High Risk,Changing lane to the left,Car,Clear,National Highway,Under Construction,Dawn,21.1702,72.8311,Evening
Tiruchirapalli,18-30,Low Risk,No priority to vehicle,Auto-Rickshaw,Clear,Highways,Normal,Dawn,20.5937,78.9629,Night
Surat,18-30,High Risk,Changing lane to the right,Truck,Foggy,Urban Road,Wet,Dusk,21.1702,72.8311,Afternoon
Surat,18-30,High Risk,No distancing,Two-Wheeler,Clear,Village Road,Wet,Dusk,21.1702,72.8311,Night
Pune,18-30,Low Risk,No priority to pedestrian,Cycle,Clear,Highways,Normal,Daylight,18.5204,73.8567,Night
Surat,18-30,High Risk,No distancing,Two-Wheeler,Foggy,National Highway,Normal,Daylight,21.1702,72.8311,Night
Kanpur,50+,Low Risk,No priority to vehicle,Pedestrian,Foggy,Highways,Normal,Dark,26.4499,80.3319,Morning
Surat,31-50,High Risk,Other,Auto-Rickshaw,Clear,National Highway,Dry,Daylight,21.1702,72.8311,Morning
Surat,31-50,High Risk,Driving carelessly,Auto-Rickshaw,Clear,Village Road,Under Construction,Daylight,21.1702,72.8311,Night
Surat,18-30,High Risk,Changing lane to the left,Car,Hazy,Urban Road,Under Construction,Daylight,21.1702,72.8311,Morning
Surat,31-50,High Risk,Driving carelessly,Cycle,Rainy,Village Road,Dry,Dawn,21.1702,72.8311,Evening
Surat,31-50,High Risk,Changing lane to the left,Auto-Rickshaw,Hazy,National Highway,Under Construction,Dawn,21.1702,72.8311,Afternoon
Nagpur,18-30,Medium Risk,No priority to vehicle,Auto-Rickshaw,Rainy,Highways,Normal,Dark,20.5937,78.9629,Night
Surat,50+,High Risk,No distancing,Auto-Rickshaw,Rainy,Village Road,Wet,Daylight,21.1702,72.8311,Afternoon
Surat,31-50,High Risk,Changing lane to the right,Two-Wheeler,Clear,Urban Road,Under Construction,Daylight,21.1702,72.8311,Afternoon
Surat,18-30,High Risk,Changing lane to the right,Auto-Rickshaw,Clear,Village Road,Under Construction,Daylight,21.1702,72.8311,Evening
Surat,31-50,High Risk,Driving at high speed,Pedestrian,Foggy,National Highway,Dry,Daylight,21.1702,72.8311,Night
Surat,31-50,High Risk,No distancing,Cycle,Clear,Urban Road,Wet,Daylight,21.1702,72.8311,Night
Surat,31-50,High Risk,Changing lane to the right,Cycle,Clear,State Highway,Wet,Dusk,21.1702,72.8311,Evening
Surat,18-30,High Risk,Changing lane to the left,Car,Foggy,Highways,Normal,Dark,21.1702,72.8311,Afternoon
Surat,18-30,High Risk,Getting off the vehicle improperly,Two-Wheeler,Clear,Village Road,Damaged,Daylight,21.1702,72.8311,Night
Surat,18-30,High Risk,Other,Car,Clear,National Highway,Damaged,Dusk,21.1702,72.8311,Morning
Surat,31-50,High Risk,Other,Bus,Stormy,National Highway,Wet,Dark,21.1702,72.8311,Afternoon
Kota,31-50,Medium Risk,No distancing,Two-Wheeler,Clear,Highways,Normal,Daylight,20.5937,78.9629,Morning
Surat,31-50,High Risk,No priority to vehicle,Truck,Rainy,Village Road,Dry,Dawn,21.1702,72.8311,Afternoon
Thiruvanthapuram,31-50,High Risk,Overtaking,Truck,Rainy,State Highway,Dry,Daylight,20.5937,78.9629,Morning
Raipur,31-50,Low Risk,No priority to pedestrian,Auto-Rickshaw,Hazy,Highways,Normal,Dusk,20.5937,78.9629,Afternoon
Thiruvanthapuram,18-30,High Risk,No distancing,Car,Rainy,Village Road,Wet,Dawn,20.5937,78.9629,Night
Thiruvanthapuram,18-30,High Risk,Changing lane to the right,Cycle,Clear,National Highway,Under Construction,Daylight,20.5937,78.9629,Afternoon
Thiruvanthapuram,18-30,High Risk,Driving carelessly,Two-Wheeler,Clear,National Highway,Normal,Daylight,20.5937,78.9629,Morning
Thiruvanthapuram,18-30,High Risk,Changing lane to the right,Two-Wheeler,Foggy,Urban Road,Dry,Dawn,20.5937,78.9629,Morning
Thiruvanthapuram,18-30,High Risk,Overtaking,Cycle,Clear,State Highway,Wet,Daylight,20.5937,78.9629,Morning
Thiruvanthapuram,31-50,High Risk,Other,Auto-Rickshaw,Rainy,Urban Road,Under Construction,Dusk,20.5937,78.9629,Evening
Kochi,31-50,Medium Risk,Driving to the left,Two-Wheeler,Clear,Highways,Normal,Dark,20.5937,78.9629,Night
Thiruvanthapuram,31-50,Medium Risk,Driving at high speed,Pedestrian,Clear,National Highway,Wet,Daylight,20.5937,78.9629,Night
Thiruvanthapuram,18-30,High Risk,Unknown,Cycle,Clear,State Highway,Damaged,Dawn,20.5937,78.9629,Night
Thiruvanthapuram,18-30,High Risk,Changing lane to the right,Truck,Clear,Highways,Normal,Dark,20.5937,78.9629,Morning
Mumbai,18-30,Low Risk,No distancing,Car,Hazy,Highways,Normal,Dusk,19.076,72.8777,Morning
Thiruvanthapuram,18-30,High Risk,Other,Car,Clear,National Highway,Wet,Dark,20.5937,78.9629,Morning
Thiruvanthapuram,18-30,Low Risk,No priority to vehicle,Cycle,Stormy,Highways,Normal,Dark,20.5937,78.9629,Afternoon
Thiruvanthapuram,18-30,Medium Risk,Changing lane to the left,Two-Wheeler,Clear,State Highway,Wet,Dusk,20.5937,78.9629,Afternoon
Thiruvanthapuram,31-50,High Risk,No priority to pedestrian,Two-Wheeler,Stormy,Village Road,Wet,Daylight,20.5937,78.9629,Morning
Indore,18-30,Low Risk,Overtaking,Pedestrian,Clear,Highways,Normal,Dark,20.5937,78.9629,Morning
Thiruvanthapuram,18-30,High Risk,Driving carelessly,Car,Clear,Urban Road,Under Construction,Dawn,20.5937,78.9629,Night
Thiruvanthapuram,50+,High Risk,No priority to vehicle,Car,Clear,State Highway,Wet,Daylight,20.5937,78.9629,Evening
Thiruvanthapuram,18-30,High Risk,No priority to pedestrian,Bus,Clear,Village Road,Damaged,Daylight,20.5937,78.9629,Morning
Thiruvanthapuram,18-30,High Risk,Changing lane to the right,Car,Clear,State Highway,Damaged,Daylight,20.5937,78.9629,Morning
Thiruvanthapuram,31-50,Medium Risk,Driving carelessly,Pedestrian,Clear,National Highway,Damaged,Daylight,20.5937,78.9629,Morning
Khozikode,18-30,Low Risk,Changing lane to the right,Cycle,Clear,Highways,Normal,Daylight,20.5937,78.9629,Evening
Thiruvanthapuram,31-50,Medium Risk,Changing lane to the right,Auto-Rickshaw,Clear,Urban Road,Dry,Daylight,20.5937,78.9629,Night
Thiruvanthapuram,50+,Medium Risk,Changing lane to the left,Cycle,Rainy,Highways,Normal,Daylight,20.5937,78.9629,Morning
Thiruvanthapuram,18-30,Low Risk,Overturning,Truck,Clear,Highways,Normal,Dark,20.5937,78.9629,Morning
Thiruvanthapuram,50+,High Risk,Driving carelessly,Two-Wheeler,Clear,Village Road,Under Construction,Dusk,20.5937,78.9629,Night
Indore,18-30,Low Risk,No distancing,Auto-Rickshaw,Clear,Highways,Normal,Daylight,20.5937,78.9629,Evening
Thiruvanthapuram,50+,Medium Risk,Driving carelessly,Auto-Rickshaw,Rainy,National Highway,Wet,Daylight,20.5937,78.9629,Afternoon
Ghaziabad,31-50,Low Risk,Changing lane to the left,Auto-Rickshaw,Foggy,Highways,Normal,Daylight,20.5937,78.9629,Evening
Thrissur,18-30,High Risk,No priority to vehicle,Pedestrian,Clear,State Highway,Under Construction,Dark,20.5937,78.9629,Afternoon
Thrissur,31-50,High Risk,Changing lane to the right,Auto-Rickshaw,Stormy,Urban Road,Dry,Dark,20.5937,78.9629,Night
Thrissur,31-50,High Risk,No distancing,Car,Clear,State Highway,Normal,Dawn,20.5937,78.9629,Night
Thrissur,18-30,High Risk,Moving Backward,Car,Clear,State Highway,Under Construction,Dark,20.5937,78.9629,Afternoon
Thrissur,50+,High Risk,Moving Backward,Cycle,Foggy,National Highway,Wet,Daylight,20.5937,78.9629,Afternoon
Thrissur,18-30,Low Risk,No distancing,Cycle,Hazy,Highways,Normal,Dawn,20.5937,78.9629,Night
Thrissur,50+,High Risk,No distancing,Pedestrian,Clear,Village Road,Under Construction,Daylight,20.5937,78.9629,Night
Thrissur,18-30,High Risk,No distancing,Truck,Rainy,Urban Road,Under Construction,Daylight,20.5937,78.9629,Afternoon