Million_Plus_Cities,Age_band_of_driver,Accident_severity,Cause_of_accident,Vehicle Type Involved,Weather Conditions,Road Type,Road Condition,Lighting Conditions,Latitude,Longitude,Time_Block
Chandigarh,18-30,High Risk,Changing lane to the right,Bus,Stormy,State Highway,Wet,Dark,20.5937,78.9629,Afternoon
Chandigarh,18-30,High Risk,Overtaking,Car,Clear,Village Road,Damaged,Dawn,20.5937,78.9629,Morning
Chennai,31-50,High Risk,Other,Auto-Rickshaw,Clear,State Highway,Normal,Dawn,13.0827,80.2707,Morning
Chennai,18-30,High Risk,Driving to the left,Auto-Rickshaw,Clear,National Highway,Under Construction,Daylight,13.0827,80.2707,Morning
Bengaluru,18-30,Low Risk,Driving at high speed,Cycle,Clear,Highways,Normal,Daylight,12.9716,77.5946,Night
Chennai,18-30,High Risk,Unknown,Truck,Foggy,Village Road,Damaged,Daylight,13.0827,80.2707,Night
Patna,31-50,Low Risk,Changing lane to the right,Two-Wheeler,Stormy,Highways,Normal,Dark,25.5941,85.1376,Morning
Chennai,18-30,Low Risk,No distancing,Bus,Clear,Highways,Normal,Daylight,13.0827,80.2707,Afternoon
Chennai,18-30,High Risk,Other,Auto-Rickshaw,Clear,State Highway,Wet,Daylight,13.0827,80.2707,Evening
Chennai,18-30,High Risk,No priority to vehicle,Cycle,Clear,State Highway,Under Construction,Daylight,13.0827,80.2707,Afternoon
Chennai,31-50,High Risk,Changing lane to the left,Bus,Stormy,Village Road,Wet,Dark,13.0827,80.2707,Morning
Jamshedpur,18-30,Medium Risk,No priority to pedestrian,Two-Wheeler,Stormy,Highways,Normal,Daylight,20.5937,78.9629,Night
Chennai,50+,High Risk,Overtaking,Truck,Clear,Village Road,Wet,Dusk,13.0827,80.2707,Afternoon
Chennai,31-50,High Risk,Driving carelessly,Two-Wheeler,Clear,State Highway,Normal,Dusk,13.0827,80.2707,Night
Chennai,18-30,Low Risk,No priority to vehicle,Car,Stormy,Highways,Normal,Dusk,13.0827,80.2707,Afternoon
Chennai,50+,High Risk,No priority to pedestrian,Two-Wheeler,Clear,Village Road,Damaged,Dark,13.0827,80.2707,Evening
Chennai,31-50,Medium Risk,Changing lane to the right,Cycle,Clear,Highways,Normal,Dusk,13.0827,80.2707,Night
Chennai,18-30,High Risk,Driving carelessly,Pedestrian,Foggy,Highways,Normal,Daylight,13.0827,80.2707,Night
Chennai,18-30,Low Risk,Changing lane to the right,Bus,Clear,Highways,Normal,Daylight,13.0827,80.2707,Night
Chennai,18-30,High Risk,Changing lane to the right,Bus,Stormy,Village Road,Normal,Dawn,13.0827,80.2707,Afternoon
Chennai,18-30,Low Risk,Changing lane to the left,Pedestrian,Hazy,Highways,Normal,Daylight,13.0827,80.2707,Afternoon
Chennai,18-30,High Risk,Overturning,Auto-Rickshaw,Hazy,State Highway,Dry,Dawn,13.0827,80.2707,Morning
Vijaywada city,18-30,Low Risk,Driving carelessly,Two-Wheeler,Foggy,Highways,Normal,Daylight,20.5937,78.9629,Night
Chennai,18-30,High Risk,No distancing,Two-Wheeler,Stormy,Urban Road,Damaged,Dawn,13.0827,80.2707,Afternoon
Chennai,18-30,High Risk,Driving carelessly,Auto-Rickshaw,Rainy,Urban Road,Damaged,Dawn,13.0827,80.2707,Morning
Chennai,18-30,High Risk,Changing lane to the left,Two-Wheeler,Hazy,Urban Road,Wet,Daylight,13.0827,80.2707,Night
Chennai,31-50,High Risk,No priority to vehicle,Car,Clear,National Highway,Wet,Dark,13.0827,80.2707,Morning
Kanpur,50+,Low Risk,Changing lane to the right,Car,Clear,Highways,Normal,Daylight,26.4499,80.3319,Night
Chennai,18-30,High Risk,No distancing,Two-Wheeler,Hazy,State Highway,Damaged,Dark,13.0827,80.2707,Afternoon
Surat,18-30,Low Risk,Moving Backward,Car,Stormy,Highways,Normal,Daylight,21.1702,72.8311,Morning
Chennai,18-30,High Risk,Moving Backward,Auto-Rickshaw,Clear,Highways,Normal,Dusk,13.0827,80.2707,Evening
Chennai,50+,Medium Risk,No distancing,Auto-Rickshaw,Clear,Highways,Normal,Daylight,13.0827,80.2707,Afternoon
Coimbatore,18-30,High Risk,No distancing,Cycle,Clear,Urban Road,Dry,Daylight,20.5937,78.9629,Night
Coimbatore,31-50,High Risk,No distancing,Truck,Clear,Village Road,Damaged,Daylight,20.5937,78.9629,Evening
Coimbatore,31-50,High Risk,No priority to pedestrian,Auto-Rickshaw,Rainy,National Highway,Wet,Daylight,20.5937,78.9629,Night
Coimbatore,18-30,High Risk,Driving carelessly,Pedestrian,Clear,Urban Road,Under Construction,Daylight,20.5937,78.9629,Evening
Coimbatore,18-30,High Risk,Changing lane to the right,Two-Wheeler,Clear,National Highway,Damaged,Dusk,20.5937,78.9629,Night
Coimbatore,18-30,Low Risk,Changing lane to the left,Two-Wheeler,Foggy,Highways,Normal,Dawn,20.5937,78.9629,Night
Coimbatore,50+,High Risk,Driving carelessly,Two-Wheeler,Foggy,Village Road,Under Construction,Dawn,20.5937,78.9629,Morning
Coimbatore,18-30,Low Risk,Driving carelessly,Pedestrian,Foggy,Highways,Normal,Daylight,20.5937,78.9629,Evening
Coimbatore,18-30,High Risk,No distancing,Cycle,Rainy,Urban Road,Under Construction,Daylight,20.5937,78.9629,Night
Coimbatore,50+,High Risk,Other,Auto-Rickshaw,Foggy,Village Road,Damaged,Dawn,20.5937,78.9629,Night
Coimbatore,31-50,High Risk,Changing lane to the right,Car,Clear,Urban Road,Wet,Dusk,20.5937,78.9629,Morning
Coimbatore,18-30,Medium Risk,Changing lane to the right,Two-Wheeler,Stormy,Village Road,Wet,Daylight,20.5937,78.9629,Night
Ludhiana,50+,Low Risk,No distancing,Pedestrian,Rainy,Highways,Normal,Dark,20.5937,78.9629,Morning
Coimbatore,18-30,High Risk,No distancing,Two-Wheeler,Clear,National Highway,Dry,Daylight,20.5937,78.9629,Night
Coimbatore,31-50,Low Risk,Overturning,Car,Stormy,Highways,Normal,Daylight,20.5937,78.9629,Night
Ludhiana,31-50,Medium Risk,Driving at high speed,Truck,Hazy,Highways,Normal,Daylight,20.5937,78.9629,Night
Dhanbad,31-50,Medium Risk,No priority to vehicle,Auto-Rickshaw,Clear,Highways,Normal,Daylight,20.5937,78.9629,Morning
Coimbatore,31-50,High Risk,No priority to pedestrian,Truck,Clear,Urban Road,Under Construction,Dusk,20.5937,78.9629,Morning
Coimbatore,18-30,High Risk,No priority to vehicle,Car,Foggy,State Highway,Dry,Dark,20.5937,78.9629,Morning
Coimbatore,31-50,High Risk,Other,Auto-Rickshaw,Clear,Highways,Normal,Dark,20.5937,78.9629,Morning
Coimbatore,31-50,Medium Risk,Other,Cycle,Clear,National Highway,Normal,Dusk,20.5937,78.9629,Afternoon
Coimbatore,31-50,High Risk,Moving Backward,Cycle,Clear,State Highway,Under Construction,Daylight,20.5937,78.9629,Evening
Coimbatore,18-30,High Risk,No distancing,Car,Clear,State Highway,Damaged,Dusk,20.5937,78.9629,Morning
Agra,18-30,Medium Risk,Moving Backward,Two-Wheeler,Foggy,Highways,Normal,Dusk,27.1767,78.0081,Morning
Coimbatore,18-30,High Risk,No priority to vehicle,Auto-Rickshaw,Clear,Village Road,Damaged,Daylight,20.5937,78.9629,Morning
Ghaziabad,18-30,Medium Risk,Driving carelessly,Bus,Rainy,Highways,Normal,Daylight,20.5937,78.9629,Evening
Coimbatore,18-30,High Risk,No distancing,Truck,Clear,Village Road,Damaged,Daylight,20.5937,78.9629,Afternoon
Coimbatore,31-50,High Risk,Other,Car,Clear,State Highway,Wet,Dark,20.5937,78.9629,Afternoon
Vizaq,18-30,Low Risk,Changing lane to the right,Auto-Rickshaw,Clear,Highways,Normal,Dawn,20.5937,78.9629,Night
Coimbatore,18-30,High Risk,No distancing,Auto-Rickshaw,Clear,Highways,Normal,Daylight,20.5937,78.9629,Morning
Delhi,18-30,High Risk,Driving carelessly,Pedestrian,Clear,National Highway,Wet,Daylight,28.6139,77.209,Evening
Delhi,18-30,High Risk,No distancing,Car,Hazy,Urban Road,Under Construction,Dawn,28.6139,77.209,Evening
Delhi,18-30,High Risk,No priority to vehicle,Truck,Hazy,Urban Road,Under Construction,Dusk,28.6139,77.209,Morning
Delhi,18-30,High Risk,Changing lane to the right,Cycle,Clear,Highways,Normal,Daylight,28.6139,77.209,Evening
Delhi,18-30,Low Risk,No priority to pedestrian,Auto-Rickshaw,Clear,Highways,Normal,Daylight,28.6139,77.209,Morning
Delhi,18-30,Medium Risk,No priority to vehicle,Truck,Hazy,National Highway,Wet,Dawn,28.6139,77.209,Afternoon
Delhi,18-30,High Risk,Changing lane to the left,Car,Clear,Village Road,Under Construction,Dark,28.6139,77.209,Morning
Delhi,31-50,High Risk,Turnover,Car,Clear,Village Road,Wet,Dawn,28.6139,77.209,Morning
Delhi,18-30,High Risk,Driving to the left,Two-Wheeler,Stormy,National Highway,Dry,Dawn,28.6139,77.209,Morning
Delhi,18-30,High Risk,Driving carelessly,Bus,Stormy,Urban Road,Damaged,Dusk,28.6139,77.209,Morning
Delhi,31-50,High Risk,Driving to the left,Two-Wheeler,Clear,Urban Road,Wet,Dawn,28.6139,77.209,Morning
Delhi,31-50,High Risk,Driving carelessly,Car,Rainy,National Highway,Under Construction,Daylight,28.6139,77.209,Afternoon
Delhi,18-30,High Risk,No priority to pedestrian,Pedestrian,Stormy,State Highway,Dry,Dark,28.6139,77.209,Morning
Delhi,18-30,High Risk,Driving carelessly,Car,Clear,National Highway,Under Construction,Dark,28.6139,77.209,Morning
Allahabad(Prayagraj),18-30,Low Risk,Changing lane to the right,Bus,Clear,Highways,Normal,Daylight,20.5937,78.9629,Afternoon
Delhi,31-50,High Risk,Moving Backward,Car,Clear,State Highway,Wet,Dusk,28.6139,77.209,Evening
Delhi,18-30,High Risk,Driving carelessly,Car,Stormy,State Highway,Under Construction,Daylight,28.6139,77.209,Night
Delhi,18-30,High Risk,Changing lane to the right,Car,Clear,Village Road,Wet,Daylight,28.6139,77.209,Morning
Delhi,18-30,High Risk,Driving carelessly,Pedestrian,Stormy,State Highway,Dry,Dawn,28.6139,77.209,Evening
Delhi,18-30,Medium Risk,Driving carelessly,Auto-Rickshaw,Foggy,Highways,Normal,Dusk,28.6139,77.209,Evening
Delhi,18-30,Medium Risk,Driving carelessly,Auto-Rickshaw,Stormy,State Highway,Dry,Daylight,28.6139,77.209,Morning
Gwalior,31-50,Medium Risk,Changing lane to the right,Two-Wheeler,Clear,Highways,Normal,Dawn,20.5937,78.9629,Night
Delhi,31-50,Low Risk,Changing lane to the right,Truck,Clear,Highways,Normal,Daylight,28.6139,77.209,Night
Kota,31-50,Low Risk,Driving carelessly,Auto-Rickshaw,Clear,Highways,Normal,Daylight,20.5937,78.9629,Morning
Delhi,31-50,High Risk,Overtaking,Two-Wheeler,Clear,State Highway,Under Construction,Daylight,28.6139,77.209,Evening
Delhi,31-50,Medium Risk,Changing lane to the right,Auto-Rickshaw,Hazy,Highways,Normal,Daylight,28.6139,77.209,Night
Delhi,31-50,High Risk,No distancing,Auto-Rickshaw,Clear,State Highway,Dry,Dawn,28.6139,77.209,Night
Delhi,18-30,High Risk,Other,Truck,Rainy,Urban Road,Dry,Dawn,28.6139,77.209,Night
Delhi,50+,High Risk,Changing lane to the right,Cycle,Foggy,Urban Road,Dry,Daylight,28.6139,77.209,Morning
Delhi,31-50,Medium Risk,Changing lane to the right,Car,Foggy,Urban Road,Dry,Daylight,28.6139,77.209,Night
Dhanbad,18-30,Medium Risk,Overtaking,Cycle,Stormy,National Highway,Dry,Daylight,20.5937,78.9629,Night
Dhanbad,50+,Medium Risk,Other,Two-Wheeler,Foggy,National Highway,Wet,Daylight,20.5937,78.9629,Morning
Dhanbad,31-50,High Risk,Driving to the left,Cycle,Clear,National Highway,Dry,Daylight,20.5937,78.9629,Night
Dhanbad,31-50,High Risk,Overtaking,Cycle,Clear,National Highway,Wet,Daylight,20.5937,78.9629,Night
Dhanbad,50+,High Risk,No priority to vehicle,Car,Foggy,Urban Road,Damaged,Dawn,20.5937,78.9629,Night
Dhanbad,18-30,High Risk,Moving Backward,Car,Clear,State Highway,Under Construction,Daylight,20.5937,78.9629,Night
Dhanbad,31-50,Medium Risk,Other,Truck,Stormy,Highways,Normal,Dawn,20.5937,78.9629,Evening
Dhanbad,18-30,High Risk,No priority to vehicle,Cycle,Rainy,Urban Road,Under Construction,Daylight,20.5937,78.9629,Afternoon
Dhanbad,18-30,High Risk,No priority to pedestrian,Truck,Rainy,Village Road,Dry,Dusk,20.5937,78.9629,Afternoon
Tiruchirapalli,50+,Low Risk,Changing lane to the right,Two-Wheeler,Hazy,Highways,Normal,Dusk,20.5937,78.9629,Night
Dhanbad,31-50,Low Risk,Changing lane to the right,Auto-Rickshaw,Stormy,Highways,Normal,Daylight,20.5937,78.9629,Evening
Dhanbad,18-30,High Risk,Changing lane to the right,Two-Wheeler,Clear,Urban Road,Wet,Dark,20.5937,78.9629,Night
Dhanbad,18-30,Low Risk,Driving to the left,Two-Wheeler,Stormy,Highways,Normal,Dawn,20.5937,78.9629,Night
Dhanbad,18-30,High Risk,Changing lane to the left,Truck,Clear,State Highway,Wet,Daylight,20.5937,78.9629,Morning
Dhanbad,50+,High Risk,Moving Backward,Car,Rainy,State Highway,Under Construction,Daylight,20.5937,78.9629,Evening
Dhanbad,31-50,Low Risk,Driving at high speed,Pedestrian,Clear,Highways,Normal,Daylight,20.5937,78.9629,Night
Dhanbad,31-50,High Risk,Moving Backward,Truck,Clear,Village Road,Damaged,Daylight,20.5937,78.9629,Night
Dhanbad,18-30,High Risk,No distancing,Auto-Rickshaw,Clear,Urban Road,Under Construction,Dusk,20.5937,78.9629,Morning
Nashik,31-50,Medium Risk,Other,Pedestrian,Stormy,Highways,Normal,Daylight,20.5937,78.9629,Morning
Jaipur,18-30,Low Risk,No priority to vehicle,Pedestrian,Rainy,Highways,Normal,Daylight,26.9124,75.7873,Morning
Dhanbad,18-30,High Risk,Changing lane to the right,Truck,Clear,State Highway,Under Construction,Daylight,20.5937,78.9629,Evening
Dhanbad,50+,High Risk,Other,Bus,Hazy,Village Road,Damaged,Dark,20.5937,78.9629,Evening
Dhanbad,31-50,High Risk,No distancing,Car,Foggy,National Highway,Normal,Daylight,20.5937,78.9629,Night
Dhanbad,31-50,High Risk,Driving carelessly,Car,Hazy,State Highway,Wet,Dark,20.5937,78.9629,Night
Dhanbad,18-30,High Risk,No distancing,Two-Wheeler,Rainy,Urban Road,Under Construction,Dawn,20.5937,78.9629,Evening
Dhanbad,50+,High Risk,Moving Backward,Car,Clear,State Highway,Under Construction,Dark,20.5937,78.9629,Night
Raipur,18-30,Low Risk,No distancing,Two-Wheeler,Clear,Highways,Normal,Dusk,20.5937,78.9629,Morning
Dhanbad,18-30,Low Risk,Moving Backward,Car,Rainy,Highways,Normal,Daylight,20.5937,78.9629,Evening
Dhanbad,31-50,High Risk,No priority to pedestrian,Auto-Rickshaw,Rainy,Urban Road,Dry,Dark,20.5937,78.9629,Night
Dhanbad,31-50,Medium Risk,Changing lane to the left,Two-Wheeler,Clear,National Highway,Damaged,Dawn,20.5937,78.9629,Morning
Faridabad,50+,Medium Risk,No distancing,Pedestrian,Hazy,Village Road,Damaged,Dark,20.5937,78.9629,Evening
Faridabad,18-30,High Risk,Other,Car,Clear,Urban Road,Under Construction,Daylight,20.5937,78.9629,Afternoon
Faridabad,18-30,High Risk,No distancing,Two-Wheeler,Clear,Village Road,Under Construction,Dusk,20.5937,78.9629,Morning
Srinagar,31-50,Low Risk,No priority to pedestrian,Car,Clear,Highways,Normal,Daylight,20.5937,78.9629,Morning
Faridabad,18-30,High Risk,Moving Backward,Bus,Hazy,Urban Road,Under Construction,Dusk,20.5937,78.9629,Afternoon
Faridabad,18-30,High Risk,No priority to pedestrian,Cycle,Stormy,Urban Road,Wet,Dark,20.5937,78.9629,Morning
Faridabad,18-30,High Risk,No distancing,Car,Hazy,State Highway,Normal,Dark,20.5937,78.9629,Morning
Faridabad,31-50,High Risk,No priority to pedestrian,Two-Wheeler,Stormy,Urban Road,Normal,Daylight,20.5937,78.9629,Afternoon
Faridabad,18-30,High Risk,Driving carelessly,Auto-Rickshaw,Rainy,Village Road,Wet,Daylight,20.5937,78.9629,Morning
Faridabad,18-30,Low Risk,Getting off the vehicle improperly,Bus,Clear,Highways,Normal,Daylight,20.5937,78.9629,Afternoon
Faridabad,31-50,Medium Risk,Driving carelessly,Cycle,Clear,Highways,Normal,Dark,20.5937,78.9629,Morning
Faridabad,31-50,High Risk,Changing lane to the left,Cycle,Hazy,Urban Road,Damaged,Dawn,20.5937,78.9629,Night
Faridabad,31-50,High Risk,No priority to vehicle,Auto-Rickshaw,Clear,State Highway,Wet,Dawn,20.5937,78.9629,Night
Faridabad,50+,Low Risk,Changing lane to the right,Car,Clear,Highways,Normal,Dawn,20.5937,78.9629,Night
Faridabad,31-50,Low Risk,Changing lane to the right,Truck,Rainy,Highways,Normal,Daylight,20.5937,78.9629,Night
Ludhiana,31-50,Medium Risk,No distancing,Car,Clear,Highways,Normal,Daylight,20.5937,78.9629,Evening
Faridabad,31-50,High Risk,No distancing,Auto-Rickshaw,Clear,State Highway,Under Construction,Dusk,20.5937,78.9629,Afternoon
Faridabad,50+,High Risk,Changing lane to the left,Car,Clear,National Highway,Wet,Dusk,20.5937,78.9629,Night
Faridabad,31-50,High Risk,Changing lane to the right,Pedestrian,Clear,State Highway,Wet,Dusk,20.5937,78.9629,Morning
Faridabad,18-30,High Risk,No priority to vehicle,Pedestrian,Clear,Urban Road,Damaged,Dusk,20.5937,78.9629,Evening
Faridabad,18-30,Medium Risk,Changing lane to the left,Cycle,Foggy,Urban Road,Damaged,Dark,20.5937,78.9629,Afternoon
Kanpur,18-30,Medium Risk,No priority to vehicle,Bus,Stormy,Highways,Normal,Dusk,26.4499,80.3319,Night
Pune,18-30,Low Risk,Moving Backward,Car,Clear,Highways,Normal,Dawn,18.5204,73.8567,Evening
Jodhpur,31-50,Low Risk,Turnover,Bus,Clear,Highways,Normal,Daylight,20.5937,78.9629,Morning
Faridabad,50+,High Risk,No distancing,Cycle,Clear,Village Road,Dry,Dark,20.5937,78.9629,Morning
Faridabad,31-50,High Risk,No distancing,Car,Clear,Village Road,Damaged,Dusk,20.5937,78.9629,Afternoon
Faridabad,18-30,High Risk,No distancing,Pedestrian,Clear,Urban Road,Under Construction,Dark,20.5937,78.9629,Morning
Faridabad,31-50,High Risk,Changing lane to the left,Cycle,Stormy,National Highway,Dry,Dark,20.5937,78.9629,Afternoon
Faridabad,18-30,Low Risk,No priority to vehicle,Car,Clear,Highways,Normal,Dark,20.5937,78.9629,Evening
Faridabad,18-30,High Risk,Driving at high speed,Bus,Clear,Urban Road,Dry,Daylight,20.5937,78.9629,Night
Ghaziabad,31-50,High Risk,Overtaking,Cycle,Rainy,State Highway,Dry,Daylight,20.5937,78.9629,Morning
Ghaziabad,18-30,Medium Risk,Other,Truck,Clear,Highways,Normal,Dusk,20.5937,78.9629,Afternoon
Kochi,18-30,Low Risk,Changing lane to the left,Car,Stormy,Highways,Normal,Dark,20.5937,78.9629,Night
Ghaziabad,31-50,High Risk,No priority to pedestrian,Cycle,Rainy,Village Road,Dry,Daylight,20.5937,78.9629,Evening
Ghaziabad,31-50,Low Risk,Changing lane to the left,Truck,Clear,Highways,Normal,Daylight,20.5937,78.9629,Night
Ghaziabad,31-50,Low Risk,No distancing,Cycle,Clear,Highways,Normal,Dusk,20.5937,78.9629,Evening
Ghaziabad,18-30,High Risk,Moving Backward,Bus,Foggy,Urban Road,Damaged,Daylight,20.5937,78.9629,Night
Ghaziabad,31-50,High Risk,Changing lane to the left,Car,Rainy,Urban Road,Wet,Dark,20.5937,78.9629,Night
Ghaziabad,18-30,High Risk,Other,Car,Clear,Village Road,Normal,Daylight,20.5937,78.9629,Night
Mallapuram,31-50,Low Risk,No distancing,Car,Clear,Highways,Normal,Dawn,20.5937,78.9629,Night
Ghaziabad,50+,High Risk,Moving Backward,Bus,Clear,National Highway,Under Construction,Daylight,20.5937,78.9629,Morning
Ghaziabad,31-50,High Risk,No distancing,Pedestrian,Foggy,Highways,Normal,Dusk,20.5937,78.9629,Morning
Ghaziabad,31-50,High Risk,Changing lane to the left,Truck,Rainy,Village Road,Damaged,Daylight,20.5937,78.9629,Evening
Ghaziabad,18-30,Low Risk,Changing lane to the left,Cycle,Stormy,Highways,Normal,Daylight,20.5937,78.9629,Night
Thiruvanthapuram,50+,Low Risk,No priority to pedestrian,Cycle,Foggy,Highways,Normal,Daylight,20.5937,78.9629,Night
Ghaziabad,31-50,High Risk,Changing lane to the left,Truck,Clear,Urban Road,Damaged,Dusk,20.5937,78.9629,Evening
Ghaziabad,18-30,High Risk,Driving carelessly,Truck,Stormy,Village Road,Under Construction,Daylight,20.5937,78.9629,Night
Aurangabad,18-30,Low Risk,Driving carelessly,Cycle,Clear,Highways,Normal,Daylight,20.5937,78.9629,Morning
Ghaziabad,18-30,High Risk,No priority to pedestrian,Bus,Clear,National Highway,Damaged,Daylight,20.5937,78.9629,Night
Ghaziabad,18-30,High Risk,Getting off the vehicle improperly,Car,Rainy,Urban Road,Damaged,Daylight,20.5937,78.9629,Morning
Ghaziabad,18-30,High Risk,No distancing,Cycle,Rainy,Urban Road,Wet,Daylight,20.5937,78.9629,Night
Ghaziabad,18-30,Low Risk,Changing lane to the left,Car,Hazy,Highways,Normal,Dusk,20.5937,78.9629,Morning
Ghaziabad,18-30,High Risk,No priority to vehicle,Car,Rainy,Village Road,Under Construction,Dawn,20.5937,78.9629,Evening
Ghaziabad,31-50,High Risk,No distancing,Pedestrian,Stormy,State Highway,Damaged,Daylight,20.5937,78.9629,Morning
Ghaziabad,18-30,High Risk,No priority to pedestrian,Auto-Rickshaw,Foggy,Urban Road,Damaged,Dawn,20.5937,78.9629,Night
Vadodra,31-50,Low Risk,No priority to pedestrian,Auto-Rickshaw,Foggy,Highways,Normal,Dusk,20.5937,78.9629,Morning
Ghaziabad,18-30,High Risk,No priority to vehicle,Auto-Rickshaw,Foggy,Urban Road,Damaged,Dawn,20.5937,78.9629,Morning
Ahmedabad,31-50,Medium Risk,Driving carelessly,Cycle,Clear,Highways,Normal,Daylight,23.0225,72.5714,Morning
Ghaziabad,18-30,Medium Risk,Changing lane to the right,Pedestrian,Foggy,Highways,Normal,Dark,20.5937,78.9629,Evening
Jodhpur,18-30,Low Risk,Changing lane to the left,Truck,Hazy,Highways,Normal,Daylight,20.5937,78.9629,Afternoon
Gwalior,31-50,High Risk,Moving Backward,Two-Wheeler,Clear,Village Road,Dry,Dark,20.5937,78.9629,Evening
Gwalior,31-50,High Risk,Driving carelessly,Pedestrian,Rainy,Village Road,Under Construction,Dark,20.5937,78.9629,Morning
Gwalior,31-50,High Risk,Driving to the left,Two-Wheeler,Rainy,National Highway,Under Construction,Dawn,20.5937,78.9629,Morning
Gwalior,18-30,High Risk,Driving to the left,Auto-Rickshaw,Clear,Urban Road,Wet,Daylight,20.5937,78.9629,Afternoon
Gwalior,31-50,High Risk,No priority to pedestrian,Pedestrian,Stormy,National Highway,Wet,Daylight,20.5937,78.9629,Night
Vizaq,31-50,Low Risk,Changing lane to the left,Cycle,Clear,Highways,Normal,Dusk,20.5937,78.9629,Afternoon
Gwalior,18-30,High Risk,Changing lane to the right,Car,Clear,National Highway,Damaged,Dawn,20.5937,78.9629,Night
Gwalior,18-30,High Risk,Driving carelessly,Pedestrian,Clear,Highways,Normal,Daylight,20.5937,78.9629,Night
Chandigarh,31-50,Low Risk,No distancing,Truck,Stormy,Highways,Normal,Dark,20.5937,78.9629,Morning
Gwalior,50+,High Risk,Getting off the vehicle improperly,Two-Wheeler,Hazy,Village Road,Under Construction,Daylight,20.5937,78.9629,Afternoon
Gwalior,18-30,High Risk,Driving under the influence of drugs,Two-Wheeler,Clear,National Highway,Normal,Dusk,20.5937,78.9629,Morning
Gwalior,18-30,Low Risk,Changing lane to the right,Two-Wheeler,Clear,Highways,Normal,Dark,20.5937,78.9629,Night
Gwalior,18-30,High Risk,Driving carelessly,Two-Wheeler,Clear,State Highway,Wet,Daylight,20.5937,78.9629,Night
Gwalior,31-50,Low Risk,Moving Backward,Car,Clear,Highways,Normal,Dusk,20.5937,78.9629,Morning
Gwalior,31-50,Low Risk,Turnover,Auto-Rickshaw,Clear,Highways,Normal,Dusk,20.5937,78.9629,Morning
Gwalior,18-30,Low Risk,Changing lane to the right,Two-Wheeler,Hazy,Highways,Normal,Daylight,20.5937,78.9629,Night
Gwalior,50+,High Risk,Driving carelessly,Auto-Rickshaw,Stormy,Urban Road,Wet,Dark,20.5937,78.9629,Afternoon
Amritsar,18-30,Medium Risk,No priority to vehicle,Auto-Rickshaw,Foggy,Highways,Normal,Daylight,20.5937,78.9629,Night
Jodhpur,50+,Medium Risk,Moving Backward,Truck,Foggy,Highways,Normal,Daylight,20.5937,78.9629,Night
Meerut,31-50,Medium Risk,Changing lane to the left,Cycle,Rainy,Highways,Normal,Daylight,20.5937,78.9629,Evening
Jodhpur,50+,Medium Risk,Overturning,Car,Foggy,Highways,Normal,Dusk,20.5937,78.9629,Afternoon
Gwalior,31-50,High Risk,No distancing,Car,Clear,Village Road,Dry,Daylight,20.5937,78.9629,Night
Gwalior,50+,High Risk,Driving carelessly,Car,Stormy,State Highway,Under Construction,Daylight,20.5937,78.9629,Evening
Gwalior,18-30,Low Risk,No distancing,Pedestrian,Clear,Highways,Normal,Daylight,20.5937,78.9629,Morning
Gwalior,31-50,Medium Risk,Changing lane to the left,Car,Clear,Highways,Normal,Dark,20.5937,78.9629,Morning
Gwalior,31-50,Medium Risk,No priority to pedestrian,Bus,Clear,National Highway,Damaged,Dawn,20.5937,78.9629,Morning
Gwalior,18-30,High Risk,No distancing,Two-Wheeler,Hazy,Village Road,Dry,Dawn,20.5937,78.9629,Evening
Gwalior,18-30,High Risk,No distancing,Pedestrian,Foggy,Urban Road,Dry,Daylight,20.5937,78.9629,Night
Gwalior,18-30,High Risk,Changing lane to the left,Car,Foggy,Village Road,Wet,Daylight,20.5937,78.9629,Night
Gwalior,18-30,High Risk,No distancing,Bus,Clear,Urban Road,Under Construction,Dawn,20.5937,78.9629,Afternoon
Hyderabad,31-50,High Risk,Changing lane to the left,Car,Clear,Village Road,Under Construction,Daylight,17.385,78.4867,Night
Hyderabad,18-30,High Risk,No distancing,Car,Stormy,Village Road,Dry,Daylight,17.385,78.4867,Evening
Hyderabad,18-30,Low Risk,No distancing,Car,Rainy,Highways,Normal,Dusk,17.385,78.4867,Morning
Hyderabad,18-30,High Risk,No distancing,Cycle,Clear,National Highway,Under Construction,Dusk,17.385,78.4867,Afternoon
Hyderabad,18-30,High Risk,Changing lane to the left,Truck,Hazy,State Highway,Wet,Daylight,17.385,78.4867,Evening
Kota,18-30,Low Risk,Changing lane to the right,Car,Hazy,Highways,Normal,Daylight,20.5937,78.9629,Night
Hyderabad,31-50,High Risk,Moving Backward,Pedestrian,Clear,National Highway,Wet,Daylight,17.385,78.4867,Night
Kochi,18-30,Low Risk,Changing lane to the right,Bus,Rainy,Highways,Normal,Daylight,20.5937,78.9629,Afternoon
Asansol Durgapur,18-30,Low Risk,No distancing,Auto-Rickshaw,Stormy,Highways,Normal,Dark,20.5937,78.9629,Morning
Hyderabad,31-50,High Risk,Overtaking,Car,Clear,Urban Road,Damaged,Dusk,17.385,78.4867,Morning
Hyderabad,18-30,High Risk,Other,Bus,Clear,National Highway,Damaged,Dawn,17.385,78.4867,Evening