Million_Plus_Cities,Age_band_of_driver,Accident_severity,Cause_of_accident,Vehicle Type Involved,Weather Conditions,Road Type,Road Condition,Lighting Conditions,Latitude,Longitude,Time_Block
Hyderabad,31-50,High Risk,Other,Auto-Rickshaw,Clear,Village Road,Wet,Dusk,17.385,78.4867,Evening
Dhanbad,31-50,Medium Risk,Changing lane to the right,Cycle,Clear,Highways,Normal,Daylight,20.5937,78.9629,Morning
Hyderabad,31-50,High Risk,No priority to pedestrian,Car,Hazy,National Highway,Damaged,Dusk,17.385,78.4867,Afternoon
Hyderabad,31-50,High Risk,No priority to vehicle,Cycle,Clear,National Highway,Damaged,Daylight,17.385,78.4867,Night
Vijaywada city,18-30,Low Risk,Changing lane to the left,Cycle,Clear,Highways,Normal,Dusk,20.5937,78.9629,Evening
Hyderabad,50+,High Risk,Changing lane to the left,Truck,Stormy,Urban Road,Under Construction,Daylight,17.385,78.4867,Afternoon
Hyderabad,31-50,High Risk,Overtaking,Car,Clear,Urban Road,Damaged,Dark,17.385,78.4867,Afternoon
Hyderabad,18-30,High Risk,No distancing,Car,Clear,Village Road,Damaged,Dark,17.385,78.4867,Afternoon
Hyderabad,50+,Low Risk,No priority to vehicle,Cycle,Hazy,Highways,Normal,Daylight,17.385,78.4867,Morning
Hyderabad,18-30,High Risk,Changing lane to the right,Pedestrian,Clear,State Highway,Damaged,Daylight,17.385,78.4867,Morning
Hyderabad,18-30,Low Risk,Changing lane to the left,Truck,Foggy,Highways,Normal,Daylight,17.385,78.4867,Afternoon
Hyderabad,31-50,High Risk,No distancing,Auto-Rickshaw,Stormy,National Highway,Wet,Daylight,17.385,78.4867,Evening
Hyderabad,31-50,High Risk,Driving carelessly,Bus,Hazy,Village Road,Damaged,Dark,17.385,78.4867,Night
Hyderabad,18-30,High Risk,No priority to pedestrian,Car,Clear,Village Road,Dry,Dawn,17.385,78.4867,Night
Hyderabad,31-50,High Risk,Driving carelessly,Two-Wheeler,Clear,State Highway,Damaged,Daylight,17.385,78.4867,Morning
Hyderabad,18-30,High Risk,Moving Backward,Bus,Clear,National Highway,Under Construction,Dusk,17.385,78.4867,Morning
Hyderabad,18-30,High Risk,No distancing,Car,Clear,National Highway,Damaged,Daylight,17.385,78.4867,Morning
Thrissur,18-30,Low Risk,No distancing,Truck,Rainy,Highways,Normal,Dawn,20.5937,78.9629,Morning
Hyderabad,18-30,Low Risk,No distancing,Two-Wheeler,Stormy,Highways,Normal,Dusk,17.385,78.4867,Night
Indore,18-30,High Risk,Changing lane to the left,Two-Wheeler,Stormy,State Highway,Damaged,Dark,20.5937,78.9629,Night
Indore,18-30,High Risk,Changing lane to the left,Truck,Foggy,Urban Road,Dry,Daylight,20.5937,78.9629,Evening
Indore,18-30,High Risk,Moving Backward,Car,Foggy,Urban Road,Under Construction,Daylight,20.5937,78.9629,Evening
Indore,18-30,High Risk,Changing lane to the right,Two-Wheeler,Clear,Urban Road,Damaged,Daylight,20.5937,78.9629,Afternoon
Indore,18-30,High Risk,No priority to vehicle,Auto-Rickshaw,Clear,Urban Road,Dry,Dusk,20.5937,78.9629,Night
Indore,50+,High Risk,Moving Backward,Two-Wheeler,Stormy,Village Road,Wet,Daylight,20.5937,78.9629,Morning
Indore,18-30,High Risk,Driving carelessly,Auto-Rickshaw,Clear,Village Road,Under Construction,Dusk,20.5937,78.9629,Night
Indore,31-50,High Risk,Driving carelessly,Car,Foggy,Urban Road,Dry,Daylight,20.5937,78.9629,Morning
Indore,31-50,High Risk,Driving under the influence of drugs,Pedestrian,Clear,Village Road,Damaged,Daylight,20.5937,78.9629,Morning
Patna,18-30,Low Risk,No priority to pedestrian,Pedestrian,Clear,Highways,Normal,Dark,25.5941,85.1376,Night
Indore,18-30,Low Risk,No priority to vehicle,Pedestrian,Clear,Highways,Normal,Daylight,20.5937,78.9629,Afternoon
Indore,31-50,High Risk,Driving carelessly,Auto-Rickshaw,Clear,State Highway,Under Construction,Dawn,20.5937,78.9629,Morning
Indore,18-30,Medium Risk,Moving Backward,Car,Rainy,Highways,Normal,Dusk,20.5937,78.9629,Night
Ghaziabad,18-30,Low Risk,Driving carelessly,Auto-Rickshaw,Clear,Highways,Normal,Daylight,20.5937,78.9629,Evening
Meerut,31-50,Low Risk,No priority to vehicle,Bus,Foggy,Highways,Normal,Daylight,20.5937,78.9629,Night
Indore,18-30,High Risk,Changing lane to the right,Car,Hazy,Village Road,Wet,Daylight,20.5937,78.9629,Night
Gwalior,31-50,Medium Risk,Changing lane to the left,Pedestrian,Clear,Highways,Normal,Daylight,20.5937,78.9629,Evening
Indore,18-30,High Risk,No priority to vehicle,Two-Wheeler,Stormy,Highways,Normal,Daylight,20.5937,78.9629,Afternoon
Indore,18-30,Low Risk,Driving carelessly,Car,Clear,Highways,Normal,Dusk,20.5937,78.9629,Morning
Indore,18-30,Medium Risk,Moving Backward,Two-Wheeler,Stormy,Highways,Normal,Dawn,20.5937,78.9629,Morning
Indore,50+,High Risk,No distancing,Auto-Rickshaw,Hazy,National Highway,Damaged,Daylight,20.5937,78.9629,Evening
Indore,31-50,High Risk,Changing lane to the left,Auto-Rickshaw,Hazy,State Highway,Under Construction,Daylight,20.5937,78.9629,Morning
Bhopal,18-30,Low Risk,Changing lane to the left,Car,Stormy,Highways,Normal,Dark,20.5937,78.9629,Night
Indore,31-50,High Risk,No distancing,Car,Clear,Urban Road,Normal,Dusk,20.5937,78.9629,Night
Indore,31-50,High Risk,Changing lane to the left,Two-Wheeler,Clear,Urban Road,Under Construction,Daylight,20.5937,78.9629,Evening
Indore,18-30,High Risk,Driving carelessly,Auto-Rickshaw,Clear,Village Road,Normal,Daylight,20.5937,78.9629,Night
Indore,18-30,High Risk,Changing lane to the left,Car,Clear,Urban Road,Damaged,Dusk,20.5937,78.9629,Afternoon
Indore,31-50,High Risk,No distancing,Pedestrian,Rainy,Urban Road,Under Construction,Daylight,20.5937,78.9629,Afternoon
Indore,18-30,High Risk,Changing lane to the right,Two-Wheeler,Hazy,Highways,Normal,Daylight,20.5937,78.9629,Afternoon
Indore,18-30,High Risk,No distancing,Cycle,Foggy,National Highway,Under Construction,Daylight,20.5937,78.9629,Night
Kota,31-50,Medium Risk,Driving to the left,Pedestrian,Rainy,Highways,Normal,Dawn,20.5937,78.9629,Morning
Jabalpur,31-50,High Risk,No distancing,Car,Clear,Highways,Normal,Dusk,20.5937,78.9629,Morning
Jabalpur,50+,High Risk,Overtaking,Pedestrian,Stormy,Highways,Normal,Dusk,20.5937,78.9629,Night
Jabalpur,18-30,High Risk,Driving under the influence of drugs,Truck,Hazy,Highways,Normal,Dawn,20.5937,78.9629,Afternoon
Jabalpur,18-30,Low Risk,No priority to pedestrian,Truck,Clear,Highways,Normal,Daylight,20.5937,78.9629,Morning
Jabalpur,18-30,High Risk,Moving Backward,Car,Hazy,Urban Road,Dry,Dawn,20.5937,78.9629,Night
Jabalpur,31-50,High Risk,Changing lane to the right,Truck,Stormy,Highways,Normal,Dark,20.5937,78.9629,Night
Jabalpur,18-30,Medium Risk,Changing lane to the left,Bus,Clear,Highways,Normal,Dusk,20.5937,78.9629,Morning
Jabalpur,18-30,High Risk,Changing lane to the right,Cycle,Clear,National Highway,Wet,Dark,20.5937,78.9629,Afternoon
Jabalpur,18-30,High Risk,Driving under the influence of drugs,Auto-Rickshaw,Clear,Village Road,Damaged,Daylight,20.5937,78.9629,Morning
Jabalpur,18-30,Low Risk,No priority to vehicle,Two-Wheeler,Clear,Highways,Normal,Dusk,20.5937,78.9629,Morning
Jabalpur,18-30,High Risk,No priority to vehicle,Car,Clear,National Highway,Damaged,Dusk,20.5937,78.9629,Night
Jabalpur,18-30,High Risk,Changing lane to the left,Truck,Clear,Village Road,Dry,Daylight,20.5937,78.9629,Night
Jabalpur,18-30,High Risk,Changing lane to the right,Truck,Clear,Village Road,Under Construction,Dusk,20.5937,78.9629,Evening
Jabalpur,18-30,High Risk,Changing lane to the right,Cycle,Clear,National Highway,Dry,Daylight,20.5937,78.9629,Night
Jabalpur,31-50,High Risk,Changing lane to the left,Auto-Rickshaw,Clear,Village Road,Dry,Daylight,20.5937,78.9629,Morning
Jabalpur,31-50,High Risk,Changing lane to the left,Cycle,Rainy,National Highway,Damaged,Dusk,20.5937,78.9629,Night
Jabalpur,18-30,High Risk,Getting off the vehicle improperly,Cycle,Clear,National Highway,Normal,Dusk,20.5937,78.9629,Morning
Jabalpur,31-50,High Risk,Overtaking,Cycle,Clear,Urban Road,Damaged,Daylight,20.5937,78.9629,Night
Jabalpur,50+,Low Risk,Changing lane to the left,Car,Clear,Highways,Normal,Dark,20.5937,78.9629,Morning
Jabalpur,50+,Medium Risk,Driving under the influence of drugs,Cycle,Hazy,Village Road,Under Construction,Dusk,20.5937,78.9629,Night
Jabalpur,18-30,High Risk,Driving carelessly,Car,Clear,Village Road,Under Construction,Dawn,20.5937,78.9629,Morning
Jabalpur,31-50,Low Risk,Moving Backward,Car,Clear,Highways,Normal,Daylight,20.5937,78.9629,Evening
Jabalpur,31-50,High Risk,No distancing,Car,Hazy,Urban Road,Dry,Dawn,20.5937,78.9629,Night
Jabalpur,18-30,High Risk,No priority to vehicle,Car,Clear,National Highway,Dry,Dusk,20.5937,78.9629,Morning
Jabalpur,31-50,High Risk,Overturning,Two-Wheeler,Foggy,State Highway,Damaged,Dark,20.5937,78.9629,Night
Jabalpur,31-50,High Risk,Changing lane to the left,Pedestrian,Stormy,National Highway,Normal,Daylight,20.5937,78.9629,Night
Jabalpur,18-30,High Risk,No distancing,Auto-Rickshaw,Clear,Village Road,Wet,Daylight,20.5937,78.9629,Morning
Jabalpur,31-50,Medium Risk,Moving Backward,Auto-Rickshaw,Foggy,National Highway,Wet,Daylight,20.5937,78.9629,Night
Jabalpur,18-30,High Risk,No priority to vehicle,Cycle,Clear,National Highway,Wet,Dusk,20.5937,78.9629,Afternoon
Jabalpur,18-30,Low Risk,No priority to vehicle,Auto-Rickshaw,Stormy,Highways,Normal,Daylight,20.5937,78.9629,Night
Jaipur,31-50,Medium Risk,No distancing,Cycle,Clear,Highways,Normal,Dark,26.9124,75.7873,Night
Jaipur,18-30,High Risk,No distancing,Pedestrian,Clear,Urban Road,Dry,Daylight,26.9124,75.7873,Morning
Indore,31-50,Low Risk,Overtaking,Cycle,Hazy,Highways,Normal,Dark,20.5937,78.9629,Afternoon
Jabalpur,50+,Medium Risk,Driving under the influence of drugs,Car,Stormy,Highways,Normal,Dusk,20.5937,78.9629,Night
Jaipur,18-30,High Risk,Changing lane to the right,Truck,Clear,Urban Road,Dry,Daylight,26.9124,75.7873,Afternoon
Meerut,18-30,Medium Risk,Changing lane to the left,Two-Wheeler,Clear,Highways,Normal,Daylight,20.5937,78.9629,Morning
Jaipur,18-30,High Risk,Driving carelessly,Car,Clear,Village Road,Dry,Dark,26.9124,75.7873,Evening
Kannur,18-30,Low Risk,Moving Backward,Car,Clear,Highways,Normal,Daylight,20.5937,78.9629,Morning
Jaipur,18-30,High Risk,Moving Backward,Cycle,Clear,National Highway,Under Construction,Daylight,26.9124,75.7873,Morning
Jaipur,18-30,High Risk,Changing lane to the right,Two-Wheeler,Clear,State Highway,Wet,Dusk,26.9124,75.7873,Afternoon
Jaipur,18-30,High Risk,No priority to vehicle,Truck,Clear,Urban Road,Wet,Dawn,26.9124,75.7873,Afternoon
Jaipur,31-50,High Risk,Driving at high speed,Two-Wheeler,Clear,Highways,Normal,Daylight,26.9124,75.7873,Night
Jaipur,31-50,High Risk,Driving under the influence of drugs,Cycle,Clear,National Highway,Under Construction,Daylight,26.9124,75.7873,Morning
Jaipur,50+,High Risk,Changing lane to the right,Car,Clear,State Highway,Wet,Daylight,26.9124,75.7873,Afternoon
Jaipur,31-50,Medium Risk,Driving carelessly,Car,Clear,Highways,Normal,Daylight,26.9124,75.7873,Night
Jaipur,18-30,High Risk,No distancing,Pedestrian,Clear,Urban Road,Dry,Dawn,26.9124,75.7873,Morning
Jaipur,18-30,High Risk,Changing lane to the left,Truck,Clear,Urban Road,Under Construction,Dark,26.9124,75.7873,Evening
Jaipur,18-30,High Risk,No distancing,Pedestrian,Clear,Village Road,Dry,Daylight,26.9124,75.7873,Morning
Jaipur,31-50,High Risk,No distancing,Truck,Rainy,Village Road,Under Construction,Daylight,26.9124,75.7873,Afternoon
Jaipur,18-30,High Risk,Getting off the vehicle improperly,Auto-Rickshaw,Clear,Village Road,Damaged,Dawn,26.9124,75.7873,Morning
Jaipur,31-50,High Risk,Overtaking,Cycle,Foggy,National Highway,Under Construction,Daylight,26.9124,75.7873,Night
Jaipur,31-50,Low Risk,Driving carelessly,Pedestrian,Foggy,Highways,Normal,Dusk,26.9124,75.7873,Morning
Jaipur,18-30,High Risk,Driving under the influence of drugs,Bus,Clear,Highways,Normal,Dusk,26.9124,75.7873,Afternoon
Jaipur,18-30,High Risk,Moving Backward,Cycle,Rainy,State Highway,Dry,Daylight,26.9124,75.7873,Afternoon
Kannur,18-30,Medium Risk,Overturning,Cycle,Foggy,Highways,Normal,Daylight,20.5937,78.9629,Night
Jaipur,31-50,High Risk,Driving under the influence of drugs,Cycle,Clear,Village Road,Under Construction,Dawn,26.9124,75.7873,Night
Jaipur,18-30,High Risk,Changing lane to the right,Cycle,Clear,State Highway,Damaged,Daylight,26.9124,75.7873,Evening
Jaipur,18-30,High Risk,Changing lane to the left,Pedestrian,Foggy,Village Road,Under Construction,Daylight,26.9124,75.7873,Morning
Thrissur,18-30,Low Risk,No distancing,Pedestrian,Stormy,Highways,Normal,Dark,20.5937,78.9629,Evening
Jamshedpur,18-30,High Risk,No distancing,Car,Clear,State Highway,Dry,Daylight,20.5937,78.9629,Morning
Kannur,31-50,Low Risk,No priority to vehicle,Pedestrian,Clear,Highways,Normal,Dark,20.5937,78.9629,Afternoon
Jamshedpur,18-30,Low Risk,Moving Backward,Car,Clear,Highways,Normal,Dawn,20.5937,78.9629,Evening
Jamshedpur,31-50,High Risk,Moving Backward,Cycle,Hazy,National Highway,Dry,Daylight,20.5937,78.9629,Evening
Jamshedpur,18-30,High Risk,Getting off the vehicle improperly,Pedestrian,Clear,Village Road,Damaged,Daylight,20.5937,78.9629,Night
Jamshedpur,18-30,High Risk,Changing lane to the left,Auto-Rickshaw,Clear,Village Road,Wet,Daylight,20.5937,78.9629,Night
Jamshedpur,18-30,High Risk,Changing lane to the left,Auto-Rickshaw,Rainy,Urban Road,Under Construction,Daylight,20.5937,78.9629,Morning
Jamshedpur,31-50,High Risk,No priority to vehicle,Car,Rainy,National Highway,Dry,Dawn,20.5937,78.9629,Morning
Jamshedpur,31-50,Low Risk,Changing lane to the right,Truck,Clear,Highways,Normal,Dusk,20.5937,78.9629,Morning
Jamshedpur,31-50,High Risk,Changing lane to the right,Car,Rainy,Urban Road,Normal,Daylight,20.5937,78.9629,Morning
Jamshedpur,18-30,High Risk,Driving carelessly,Cycle,Clear,Village Road,Under Construction,Dark,20.5937,78.9629,Afternoon
Jamshedpur,18-30,High Risk,Changing lane to the left,Bus,Clear,Village Road,Under Construction,Dusk,20.5937,78.9629,Morning
Jamshedpur,31-50,High Risk,Changing lane to the right,Cycle,Clear,Village Road,Wet,Dark,20.5937,78.9629,Morning
Varanasi,31-50,Medium Risk,Driving under the influence of drugs,Auto-Rickshaw,Clear,Highways,Normal,Dawn,25.3176,82.9739,Night
Amritsar,18-30,Medium Risk,Driving carelessly,Car,Clear,Highways,Normal,Dark,20.5937,78.9629,Afternoon
Jamshedpur,31-50,Low Risk,No distancing,Truck,Clear,Highways,Normal,Daylight,20.5937,78.9629,Night
Hyderabad,31-50,Low Risk,No priority to vehicle,Car,Stormy,Highways,Normal,Daylight,17.385,78.4867,Evening
Jamshedpur,18-30,Medium Risk,No priority to vehicle,Auto-Rickshaw,Clear,Highways,Normal,Daylight,20.5937,78.9629,Afternoon
Jamshedpur,18-30,High Risk,No priority to vehicle,Bus,Stormy,State Highway,Dry,Dawn,20.5937,78.9629,Morning
Jamshedpur,50+,High Risk,Changing lane to the left,Two-Wheeler,Clear,Village Road,Dry,Dusk,20.5937,78.9629,Evening
Jamshedpur,18-30,Low Risk,Moving Backward,Car,Clear,Highways,Normal,Dawn,20.5937,78.9629,Night
Jamshedpur,18-30,Medium Risk,Driving carelessly,Auto-Rickshaw,Foggy,Highways,Normal,Dawn,20.5937,78.9629,Morning
Jamshedpur,18-30,High Risk,Driving under the influence of drugs,Car,Clear,National Highway,Damaged,Dark,20.5937,78.9629,Evening
Jamshedpur,18-30,High Risk,Changing lane to the right,Pedestrian,Rainy,Village Road,Dry,Dark,20.5937,78.9629,Morning
Jamshedpur,18-30,High Risk,No priority to vehicle,Bus,Stormy,Village Road,Wet,Dawn,20.5937,78.9629,Afternoon
Jamshedpur,18-30,High Risk,Changing lane to the right,Bus,Clear,National Highway,Wet,Daylight,20.5937,78.9629,Night
Jamshedpur,18-30,High Risk,Driving to the left,Two-Wheeler,Clear,State Highway,Damaged,Daylight,20.5937,78.9629,Evening
Jamshedpur,31-50,High Risk,Moving Backward,Pedestrian,Hazy,National Highway,Dry,Daylight,20.5937,78.9629,Night
Jamshedpur,31-50,High Risk,No priority to vehicle,Car,Clear,National Highway,Damaged,Dark,20.5937,78.9629,Evening
Jamshedpur,18-30,High Risk,No distancing,Truck,Clear,Urban Road,Under Construction,Daylight,20.5937,78.9629,Morning
Jodhpur,31-50,High Risk,Driving carelessly,Car,Clear,National Highway,Damaged,Daylight,20.5937,78.9629,Night
Jodhpur,18-30,Medium Risk,Changing lane to the left,Cycle,Hazy,State Highway,Wet,Dark,20.5937,78.9629,Afternoon
Jodhpur,18-30,High Risk,No priority to vehicle,Pedestrian,Clear,State Highway,Wet,Dusk,20.5937,78.9629,Night
Jodhpur,18-30,High Risk,No priority to vehicle,Cycle,Clear,Village Road,Damaged,Daylight,20.5937,78.9629,Morning
Jodhpur,31-50,High Risk,No distancing,Cycle,Clear,Village Road,Wet,Daylight,20.5937,78.9629,Night
Thrissur,18-30,Low Risk,Driving to the left,Car,Hazy,Highways,Normal,Dark,20.5937,78.9629,Morning
Jodhpur,31-50,High Risk,Driving carelessly,Car,Rainy,National Highway,Damaged,Dusk,20.5937,78.9629,Evening
Jodhpur,18-30,High Risk,Driving carelessly,Cycle,Stormy,Urban Road,Wet,Dawn,20.5937,78.9629,Morning
Jodhpur,18-30,High Risk,Changing lane to the right,Bus,Clear,Village Road,Wet,Daylight,20.5937,78.9629,Afternoon
Jodhpur,31-50,High Risk,Driving carelessly,Two-Wheeler,Clear,Village Road,Under Construction,Dusk,20.5937,78.9629,Afternoon
Jodhpur,18-30,High Risk,Changing lane to the left,Truck,Hazy,National Highway,Damaged,Daylight,20.5937,78.9629,Evening
Jodhpur,18-30,Medium Risk,Driving carelessly,Car,Clear,Village Road,Dry,Daylight,20.5937,78.9629,Morning
Jodhpur,31-50,High Risk,Driving carelessly,Auto-Rickshaw,Clear,State Highway,Wet,Daylight,20.5937,78.9629,Night
Jodhpur,31-50,Low Risk,Driving under the influence of drugs,Truck,Clear,Highways,Normal,Dusk,20.5937,78.9629,Evening
Jodhpur,31-50,Medium Risk,Driving carelessly,Car,Clear,National Highway,Dry,Daylight,20.5937,78.9629,Night
Jodhpur,18-30,High Risk,No distancing,Cycle,Stormy,Village Road,Under Construction,Daylight,20.5937,78.9629,Night
Bhopal,18-30,Low Risk,Driving carelessly,Truck,Clear,Highways,Normal,Dusk,20.5937,78.9629,Evening
Jodhpur,31-50,Low Risk,Driving to the left,Bus,Clear,Highways,Normal,Daylight,20.5937,78.9629,Afternoon
Jodhpur,31-50,High Risk,Overtaking,Two-Wheeler,Foggy,State Highway,Wet,Dawn,20.5937,78.9629,Night
Jodhpur,31-50,Medium Risk,No distancing,Truck,Clear,Highways,Normal,Dawn,20.5937,78.9629,Afternoon
Jodhpur,18-30,Low Risk,Driving carelessly,Auto-Rickshaw,Clear,Highways,Normal,Dawn,20.5937,78.9629,Night
Delhi,31-50,Low Risk,No priority to vehicle,Auto-Rickshaw,Foggy,Highways,Normal,Dusk,28.6139,77.209,Night
Patna,31-50,Medium Risk,No priority to vehicle,Car,Clear,Highways,Normal,Dusk,25.5941,85.1376,Night
Jodhpur,18-30,Medium Risk,No priority to vehicle,Truck,Hazy,National Highway,Wet,Dusk,20.5937,78.9629,Afternoon
Jodhpur,18-30,High Risk,No priority to vehicle,Truck,Hazy,Urban Road,Dry,Dawn,20.5937,78.9629,Morning
Jodhpur,50+,High Risk,No distancing,Car,Clear,National Highway,Damaged,Dark,20.5937,78.9629,Night
Jaipur,31-50,Low Risk,Moving Backward,Bus,Hazy,Highways,Normal,Dawn,26.9124,75.7873,Night
Jodhpur,31-50,High Risk,No distancing,Bus,Stormy,State Highway,Damaged,Dawn,20.5937,78.9629,Night
Varanasi,50+,Low Risk,Changing lane to the left,Car,Hazy,Highways,Normal,Dark,25.3176,82.9739,Night
Jodhpur,18-30,High Risk,Changing lane to the left,Car,Clear,Urban Road,Dry,Daylight,20.5937,78.9629,Morning
Jodhpur,31-50,Low Risk,No priority to pedestrian,Pedestrian,Clear,Highways,Normal,Daylight,20.5937,78.9629,Morning
Kannur,18-30,High Risk,Moving Backward,Cycle,Clear,Village Road,Under Construction,Dark,20.5937,78.9629,Morning
Kannur,18-30,High Risk,Changing lane to the left,Bus,Clear,State Highway,Damaged,Dawn,20.5937,78.9629,Morning
Kannur,18-30,Medium Risk,No distancing,Car,Hazy,National Highway,Damaged,Dawn,20.5937,78.9629,Morning
Kannur,31-50,High Risk,No priority to vehicle,Car,Hazy,National Highway,Damaged,Daylight,20.5937,78.9629,Afternoon
Kannur,50+,High Risk,Changing lane to the right,Cycle,Clear,State Highway,Wet,Dark,20.5937,78.9629,Night
Kannur,18-30,High Risk,No distancing,Truck,Foggy,National Highway,Dry,Dusk,20.5937,78.9629,Morning
Kannur,18-30,High Risk,No distancing,Pedestrian,Stormy,Urban Road,Dry,Daylight,20.5937,78.9629,Night
Kannur,50+,Low Risk,Getting off the vehicle improperly,Two-Wheeler,Clear,Highways,Normal,Daylight,20.5937,78.9629,Afternoon
Madurai,31-50,Medium Risk,No priority to pedestrian,Car,Foggy,Highways,Normal,Dawn,20.5937,78.9629,Afternoon
Kannur,18-30,High Risk,Changing lane to the left,Two-Wheeler,Clear,Village Road,Wet,Daylight,20.5937,78.9629,Evening
Kannur,18-30,Medium Risk,No distancing,Bus,Clear,Highways,Normal,Dawn,20.5937,78.9629,Afternoon
Kannur,18-30,High Risk,Driving carelessly,Auto-Rickshaw,Hazy,National Highway,Damaged,Daylight,20.5937,78.9629,Night
Kannur,50+,High Risk,No distancing,Two-Wheeler,Clear,Village Road,Normal,Daylight,20.5937,78.9629,Evening
Kannur,18-30,High Risk,Changing lane to the right,Car,Clear,National Highway,Damaged,Dark,20.5937,78.9629,Night
Kannur,50+,High Risk,Overtaking,Car,Clear,Village Road,Wet,Daylight,20.5937,78.9629,Night
Kannur,18-30,High Risk,Driving carelessly,Car,Clear,State Highway,Damaged,Daylight,20.5937,78.9629,Morning
Kannur,18-30,Medium Risk,Moving Backward,Two-Wheeler,Clear,Highways,Normal,Daylight,20.5937,78.9629,Night
Delhi,31-50,Low Risk,No distancing,Car,Clear,Highways,Normal,Daylight,28.6139,77.209,Night
Kannur,18-30,Medium Risk,Overtaking,Two-Wheeler,Hazy,Highways,Normal,Dark,20.5937,78.9629,Morning
Indore,18-30,Low Risk,Driving carelessly,Car,Stormy,Highways,Normal,Dusk,20.5937,78.9629,Evening
Kannur,18-30,High Risk,Driving carelessly,Cycle,Clear,Village Road,Wet,Dawn,20.5937,78.9629,Afternoon
Kannur,18-30,High Risk,Moving Backward,Auto-Rickshaw,Foggy,National Highway,Under Construction,Daylight,20.5937,78.9629,Morning
Kannur,18-30,High Risk,Driving carelessly,Car,Hazy,Village Road,Under Construction,Daylight,20.5937,78.9629,Evening
Kota,18-30,Low Risk,Driving to the left,Pedestrian,Clear,Highways,Normal,Daylight,20.5937,78.9629,Morning
Kannur,18-30,Medium Risk,Changing lane to the left,Car,Hazy,Highways,Normal,Daylight,20.5937,78.9629,Night
Kannur,18-30,High Risk,No distancing,Truck,Foggy,National Highway,Normal,Daylight,20.5937,78.9629,Morning
Kannur,31-50,High Risk,No distancing,Auto-Rickshaw,Hazy,National Highway,Under Construction,Daylight,20.5937,78.9629,Night
Kannur,31-50,Low Risk,Changing lane to the right,Auto-Rickshaw,Foggy,Highways,Normal,Daylight,20.5937,78.9629,Afternoon
Amritsar,18-30,Low Risk,Driving under the influence of drugs,Auto-Rickshaw,Clear,Highways,Normal,Dark,20.5937,78.9629,Afternoon
Kanpur,18-30,Medium Risk,Changing lane to the right,Truck,Rainy,State Highway,Wet,Daylight,26.4499,80.3319,Morning
Kanpur,31-50,Medium Risk,Changing lane to the left,Car,Clear,Highways,Normal,Daylight,26.4499,80.3319,Morning
Raipur,31-50,Low Risk,Moving Backward,Pedestrian,Rainy,Highways,Normal,Daylight,20.5937,78.9629,Afternoon
Kanpur,31-50,Low Risk,No distancing,Bus,Hazy,Highways,Normal,Daylight,26.4499,80.3319,Morning
Delhi,31-50,Low Risk,Changing lane to the right,Bus,Clear,Highways,Normal,Daylight,28.6139,77.209,Afternoon
Kanpur,31-50,High Risk,Moving Backward,Truck,Clear,National Highway,Dry,Daylight,26.4499,80.3319,Night
Kanpur,31-50,High Risk,No distancing,Bus,Clear,State Highway,Damaged,Dawn,26.4499,80.3319,Afternoon
Kanpur,50+,High Risk,Driving to the left,Bus,Rainy,Urban Road,Normal,Dusk,26.4499,80.3319,Afternoon
Jamshedpur,18-30,Low Risk,Driving to the left,Truck,Clear,Highways,Normal,Dawn,20.5937,78.9629,Night
Kanpur,18-30,High Risk,Moving Backward,Auto-Rickshaw,Clear,National Highway,Under Construction,Daylight,26.4499,80.3319,Night
Kanpur,18-30,High Risk,Moving Backward,Cycle,Foggy,State Highway,Under Construction,Dark,26.4499,80.3319,Night
Kanpur,18-30,High Risk,Overtaking,Pedestrian,Foggy,National Highway,Under Construction,Daylight,26.4499,80.3319,Evening
Kanpur,31-50,Low Risk,Driving carelessly,Two-Wheeler,Clear,Highways,Normal,Dusk,26.4499,80.3319,Night
Kanpur,18-30,Low Risk,Changing lane to the left,Car,Foggy,Highways,Normal,Daylight,26.4499,80.3319,Night
Kanpur,18-30,High Risk,Driving under the influence of drugs,Car,Stormy,Highways,Normal,Daylight,26.4499,80.3319,Afternoon
Bengaluru,31-50,Medium Risk,No distancing,Cycle,Clear,Highways,Normal,Dusk,12.9716,77.5946,Afternoon
Patna,18-30,Medium Risk,Moving Backward,Car,Foggy,Highways,Normal,Daylight,25.5941,85.1376,Afternoon
Asansol Durgapur,31-50,Low Risk,Changing lane to the left,Truck,Rainy,Highways,Normal,Daylight,20.5937,78.9629,Night
Faridabad,18-30,Low Risk,Changing lane to the right,Cycle,Foggy,Highways,Normal,Dawn,20.5937,78.9629,Night
Kanpur,31-50,Medium Risk,No distancing,Car,Clear,State Highway,Wet,Dawn,26.4499,80.3319,Morning
Kanpur,18-30,Medium Risk,Driving at high speed,Truck,Rainy,Highways,Normal,Dark,26.4499,80.3319,Night