Million_Plus_Cities,Age_band_of_driver,Accident_severity,Cause_of_accident,Vehicle Type Involved,Weather Conditions,Road Type,Road Condition,Lighting Conditions,Latitude,Longitude,Time_Block
Kanpur,18-30,High Risk,Changing lane to the right,Car,Rainy,State Highway,Damaged,Dark,26.4499,80.3319,Evening
Kanpur,18-30,Medium Risk,No priority to vehicle,Car,Stormy,National Highway,Wet,Dusk,26.4499,80.3319,Morning
Kanpur,18-30,Medium Risk,No distancing,Auto-Rickshaw,Clear,National Highway,Dry,Daylight,26.4499,80.3319,Evening
Kanpur,31-50,High Risk,Turnover,Truck,Clear,Village Road,Dry,Dark,26.4499,80.3319,Afternoon
Kanpur,31-50,High Risk,No distancing,Cycle,Clear,National Highway,Dry,Daylight,26.4499,80.3319,Evening
Kanpur,31-50,High Risk,Changing lane to the right,Truck,Rainy,Village Road,Damaged,Dawn,26.4499,80.3319,Morning
Kanpur,31-50,Medium Risk,No distancing,Auto-Rickshaw,Clear,Highways,Normal,Dark,26.4499,80.3319,Afternoon
Kanpur,50+,High Risk,Changing lane to the left,Car,Clear,National Highway,Damaged,Dusk,26.4499,80.3319,Evening
Kanpur,18-30,High Risk,Driving carelessly,Two-Wheeler,Foggy,Urban Road,Dry,Dusk,26.4499,80.3319,Night
Khozikode,50+,High Risk,Changing lane to the right,Auto-Rickshaw,Foggy,National Highway,Damaged,Daylight,20.5937,78.9629,Night
Khozikode,50+,Low Risk,No priority to vehicle,Pedestrian,Clear,Highways,Normal,Dusk,20.5937,78.9629,Night
Khozikode,50+,High Risk,No distancing,Cycle,Clear,Village Road,Dry,Dark,20.5937,78.9629,Night
Khozikode,50+,High Risk,No priority to pedestrian,Car,Foggy,State Highway,Wet,Dark,20.5937,78.9629,Evening
Indore,18-30,Low Risk,No priority to pedestrian,Two-Wheeler,Stormy,Highways,Normal,Dusk,20.5937,78.9629,Morning
Khozikode,18-30,High Risk,No priority to vehicle,Car,Clear,Urban Road,Wet,Dark,20.5937,78.9629,Morning
Khozikode,31-50,High Risk,Changing lane to the left,Cycle,Clear,Village Road,Under Construction,Dawn,20.5937,78.9629,Night
Khozikode,31-50,High Risk,Changing lane to the left,Truck,Clear,State Highway,Dry,Dawn,20.5937,78.9629,Evening
Raipur,31-50,Medium Risk,No distancing,Auto-Rickshaw,Clear,Highways,Normal,Dawn,20.5937,78.9629,Night
Khozikode,18-30,High Risk,No priority to vehicle,Car,Clear,Village Road,Under Construction,Dawn,20.5937,78.9629,Afternoon
Khozikode,18-30,High Risk,No distancing,Two-Wheeler,Stormy,National Highway,Damaged,Dawn,20.5937,78.9629,Night
Khozikode,18-30,Medium Risk,No distancing,Auto-Rickshaw,Clear,Village Road,Under Construction,Dark,20.5937,78.9629,Night
Khozikode,18-30,High Risk,Changing lane to the right,Cycle,Foggy,Village Road,Dry,Dark,20.5937,78.9629,Afternoon
Khozikode,18-30,High Risk,Changing lane to the left,Car,Clear,Village Road,Dry,Daylight,20.5937,78.9629,Morning
Khozikode,18-30,High Risk,No distancing,Car,Clear,Village Road,Damaged,Dusk,20.5937,78.9629,Afternoon
Khozikode,18-30,High Risk,Overturning,Two-Wheeler,Clear,National Highway,Damaged,Daylight,20.5937,78.9629,Afternoon
Khozikode,18-30,High Risk,No priority to vehicle,Cycle,Clear,Village Road,Dry,Daylight,20.5937,78.9629,Evening
Khozikode,18-30,High Risk,Moving Backward,Car,Clear,National Highway,Normal,Daylight,20.5937,78.9629,Morning
Khozikode,31-50,High Risk,Driving under the influence of drugs,Pedestrian,Stormy,State Highway,Damaged,Dusk,20.5937,78.9629,Morning
Khozikode,31-50,High Risk,Moving Backward,Car,Stormy,State Highway,Normal,Dark,20.5937,78.9629,Night
Khozikode,31-50,High Risk,Changing lane to the right,Cycle,Clear,Urban Road,Dry,Dark,20.5937,78.9629,Evening
Khozikode,18-30,High Risk,Overspeed,Pedestrian,Clear,Urban Road,Damaged,Dawn,20.5937,78.9629,Night
Khozikode,18-30,Low Risk,Driving under the influence of drugs,Auto-Rickshaw,Hazy,Highways,Normal,Dusk,20.5937,78.9629,Morning
Khozikode,18-30,Medium Risk,Driving carelessly,Car,Rainy,State Highway,Dry,Daylight,20.5937,78.9629,Evening
Khozikode,18-30,High Risk,No distancing,Truck,Clear,State Highway,Wet,Daylight,20.5937,78.9629,Afternoon
Khozikode,18-30,High Risk,No priority to vehicle,Bus,Foggy,Highways,Normal,Dark,20.5937,78.9629,Night
Khozikode,18-30,Low Risk,Overspeed,Two-Wheeler,Clear,Highways,Normal,Dawn,20.5937,78.9629,Evening
Khozikode,18-30,High Risk,Driving under the influence of drugs,Bus,Clear,National Highway,Wet,Dark,20.5937,78.9629,Morning
Khozikode,18-30,High Risk,Changing lane to the right,Truck,Clear,National Highway,Wet,Daylight,20.5937,78.9629,Night
Khozikode,18-30,High Risk,Changing lane to the right,Car,Clear,Village Road,Normal,Dusk,20.5937,78.9629,Afternoon
Kochi,18-30,High Risk,Changing lane to the right,Two-Wheeler,Stormy,State Highway,Dry,Daylight,20.5937,78.9629,Evening
Kochi,18-30,High Risk,Changing lane to the right,Bus,Clear,Highways,Normal,Dusk,20.5937,78.9629,Morning
Asansol Durgapur,18-30,Low Risk,Moving Backward,Pedestrian,Clear,Highways,Normal,Dark,20.5937,78.9629,Night
Kochi,50+,Low Risk,No distancing,Car,Hazy,Highways,Normal,Dusk,20.5937,78.9629,Afternoon
Kochi,50+,Medium Risk,Overspeed,Auto-Rickshaw,Clear,Urban Road,Dry,Dawn,20.5937,78.9629,Night
Kochi,31-50,Low Risk,No distancing,Auto-Rickshaw,Clear,Highways,Normal,Daylight,20.5937,78.9629,Afternoon
Kochi,50+,High Risk,Driving carelessly,Car,Clear,Urban Road,Wet,Dusk,20.5937,78.9629,Night
Kochi,18-30,High Risk,No distancing,Car,Clear,Urban Road,Under Construction,Dawn,20.5937,78.9629,Night
Kochi,18-30,High Risk,No distancing,Bus,Hazy,Urban Road,Dry,Daylight,20.5937,78.9629,Night
Kochi,18-30,High Risk,No distancing,Cycle,Clear,Village Road,Wet,Daylight,20.5937,78.9629,Afternoon
Kochi,18-30,High Risk,Changing lane to the right,Cycle,Clear,Urban Road,Dry,Dark,20.5937,78.9629,Night
Kochi,18-30,High Risk,No distancing,Two-Wheeler,Rainy,Highways,Normal,Daylight,20.5937,78.9629,Night
Kochi,31-50,High Risk,No priority to vehicle,Car,Clear,Village Road,Damaged,Dusk,20.5937,78.9629,Morning
Kochi,18-30,High Risk,Changing lane to the left,Bus,Clear,State Highway,Wet,Daylight,20.5937,78.9629,Night
Kochi,18-30,High Risk,Moving Backward,Two-Wheeler,Clear,Village Road,Under Construction,Daylight,20.5937,78.9629,Morning
Kochi,18-30,High Risk,Driving carelessly,Bus,Clear,State Highway,Wet,Daylight,20.5937,78.9629,Morning
Kochi,18-30,High Risk,Changing lane to the left,Two-Wheeler,Clear,National Highway,Wet,Dawn,20.5937,78.9629,Morning
Kochi,31-50,High Risk,No priority to pedestrian,Bus,Clear,State Highway,Under Construction,Daylight,20.5937,78.9629,Night
Kochi,31-50,High Risk,No distancing,Two-Wheeler,Stormy,Urban Road,Damaged,Daylight,20.5937,78.9629,Night
Kochi,18-30,High Risk,No distancing,Pedestrian,Rainy,Urban Road,Dry,Daylight,20.5937,78.9629,Morning
Kochi,31-50,High Risk,Overturning,Car,Foggy,Village Road,Wet,Daylight,20.5937,78.9629,Night
Kochi,18-30,High Risk,No distancing,Car,Clear,Highways,Normal,Dark,20.5937,78.9629,Night
Kochi,18-30,Low Risk,Drunk driving,Bus,Clear,Highways,Normal,Dawn,20.5937,78.9629,Morning
Pune,18-30,Low Risk,Moving Backward,Bus,Clear,Highways,Normal,Dark,18.5204,73.8567,Morning
Kochi,18-30,Medium Risk,No priority to pedestrian,Pedestrian,Clear,Village Road,Dry,Daylight,20.5937,78.9629,Night
Kochi,18-30,High Risk,Changing lane to the left,Car,Clear,Village Road,Damaged,Dark,20.5937,78.9629,Evening
Jaipur,18-30,Low Risk,Changing lane to the left,Auto-Rickshaw,Clear,Highways,Normal,Daylight,26.9124,75.7873,Afternoon
Kochi,18-30,Low Risk,Getting off the vehicle improperly,Auto-Rickshaw,Clear,Highways,Normal,Daylight,20.5937,78.9629,Morning
Kochi,18-30,High Risk,No distancing,Two-Wheeler,Clear,Village Road,Damaged,Daylight,20.5937,78.9629,Evening
Kochi,18-30,High Risk,Changing lane to the right,Car,Rainy,Village Road,Damaged,Daylight,20.5937,78.9629,Morning
Kolkata,18-30,Low Risk,Changing lane to the right,Auto-Rickshaw,Clear,Highways,Normal,Daylight,22.5726,88.3639,Evening
Patna,31-50,Low Risk,Moving Backward,Car,Clear,Highways,Normal,Dawn,25.5941,85.1376,Morning
Kolkata,18-30,High Risk,Driving at high speed,Bus,Clear,Highways,Normal,Dark,22.5726,88.3639,Morning
Kolkata,18-30,High Risk,Changing lane to the left,Car,Clear,National Highway,Dry,Dark,22.5726,88.3639,Morning
Kolkata,18-30,Medium Risk,Changing lane to the right,Pedestrian,Clear,Highways,Normal,Dawn,22.5726,88.3639,Night
Bhopal,50+,Medium Risk,No distancing,Two-Wheeler,Rainy,Highways,Normal,Dawn,20.5937,78.9629,Morning
Kolkata,18-30,Medium Risk,Changing lane to the right,Car,Hazy,State Highway,Under Construction,Daylight,22.5726,88.3639,Afternoon
Kolkata,18-30,Medium Risk,Changing lane to the right,Car,Foggy,Urban Road,Normal,Daylight,22.5726,88.3639,Night
Kolkata,18-30,Medium Risk,No distancing,Car,Clear,National Highway,Damaged,Dusk,22.5726,88.3639,Afternoon
Kolkata,18-30,Medium Risk,Changing lane to the right,Car,Clear,National Highway,Under Construction,Daylight,22.5726,88.3639,Morning
Kolkata,31-50,Low Risk,Driving carelessly,Cycle,Clear,Highways,Normal,Daylight,22.5726,88.3639,Morning
Kolkata,31-50,Medium Risk,Driving carelessly,Cycle,Clear,Village Road,Damaged,Dawn,22.5726,88.3639,Afternoon
Kolkata,31-50,Medium Risk,Changing lane to the right,Bus,Foggy,Village Road,Wet,Daylight,22.5726,88.3639,Night
Kolkata,18-30,High Risk,Overturning,Auto-Rickshaw,Clear,State Highway,Under Construction,Daylight,22.5726,88.3639,Night
Srinagar,50+,Medium Risk,Changing lane to the right,Car,Stormy,Highways,Normal,Daylight,20.5937,78.9629,Afternoon
Kolkata,31-50,High Risk,Moving Backward,Car,Stormy,Urban Road,Under Construction,Daylight,22.5726,88.3639,Morning
Kolkata,18-30,Medium Risk,No distancing,Bus,Clear,National Highway,Wet,Dark,22.5726,88.3639,Morning
Kolkata,18-30,Medium Risk,Overturning,Pedestrian,Clear,Urban Road,Under Construction,Dusk,22.5726,88.3639,Morning
Raipur,31-50,Medium Risk,Driving carelessly,Truck,Rainy,Highways,Normal,Dark,20.5937,78.9629,Night
Kolkata,18-30,Medium Risk,Changing lane to the right,Auto-Rickshaw,Rainy,National Highway,Dry,Daylight,22.5726,88.3639,Night
Amritsar,18-30,Low Risk,Driving at high speed,Two-Wheeler,Clear,Highways,Normal,Dusk,20.5937,78.9629,Night
Kolkata,18-30,Medium Risk,Changing lane to the left,Car,Hazy,State Highway,Dry,Daylight,22.5726,88.3639,Morning
Kolkata,31-50,High Risk,Driving carelessly,Two-Wheeler,Clear,State Highway,Wet,Dusk,22.5726,88.3639,Night
Kolkata,31-50,High Risk,No distancing,Truck,Rainy,Village Road,Dry,Dark,22.5726,88.3639,Night
Tiruchirapalli,31-50,Medium Risk,Moving Backward,Truck,Clear,Highways,Normal,Dawn,20.5937,78.9629,Night
Kolkata,18-30,High Risk,No priority to pedestrian,Auto-Rickshaw,Clear,National Highway,Damaged,Daylight,22.5726,88.3639,Night
Kolkata,31-50,High Risk,Moving Backward,Bus,Clear,National Highway,Wet,Dusk,22.5726,88.3639,Night
Kolkata,18-30,High Risk,Changing lane to the right,Bus,Clear,Urban Road,Under Construction,Dusk,22.5726,88.3639,Morning
Kolkata,18-30,High Risk,No distancing,Auto-Rickshaw,Clear,National Highway,Dry,Daylight,22.5726,88.3639,Morning
Kolkata,31-50,High Risk,Drunk driving,Truck,Hazy,Village Road,Dry,Daylight,22.5726,88.3639,Morning
Kollam,50+,High Risk,Changing lane to the right,Car,Foggy,State Highway,Wet,Daylight,20.5937,78.9629,Afternoon
Kollam,50+,High Risk,Driving carelessly,Pedestrian,Clear,Urban Road,Damaged,Dark,20.5937,78.9629,Afternoon
Kollam,31-50,High Risk,Driving to the left,Two-Wheeler,Clear,State Highway,Under Construction,Daylight,20.5937,78.9629,Night
Kollam,50+,Low Risk,Changing lane to the right,Auto-Rickshaw,Clear,Highways,Normal,Dark,20.5937,78.9629,Night
Kollam,31-50,High Risk,Changing lane to the right,Cycle,Clear,Urban Road,Dry,Dawn,20.5937,78.9629,Night
Kollam,18-30,High Risk,Driving carelessly,Bus,Rainy,State Highway,Under Construction,Dusk,20.5937,78.9629,Evening
Kollam,50+,High Risk,Changing lane to the left,Car,Foggy,Village Road,Damaged,Daylight,20.5937,78.9629,Afternoon
Kollam,18-30,Low Risk,No priority to vehicle,Two-Wheeler,Clear,Highways,Normal,Dusk,20.5937,78.9629,Night
Kollam,31-50,Medium Risk,Driving carelessly,Car,Clear,National Highway,Under Construction,Dusk,20.5937,78.9629,Morning
Kollam,31-50,Low Risk,Changing lane to the right,Cycle,Rainy,Highways,Normal,Dark,20.5937,78.9629,Evening
Kollam,18-30,Medium Risk,Driving carelessly,Two-Wheeler,Clear,State Highway,Damaged,Daylight,20.5937,78.9629,Afternoon
Kollam,18-30,Low Risk,Driving under the influence of drugs,Pedestrian,Clear,Highways,Normal,Dawn,20.5937,78.9629,Morning
Jabalpur,18-30,Medium Risk,No distancing,Bus,Stormy,Highways,Normal,Daylight,20.5937,78.9629,Afternoon
Kollam,18-30,High Risk,Changing lane to the left,Cycle,Hazy,Urban Road,Under Construction,Dawn,20.5937,78.9629,Evening
Kollam,18-30,Medium Risk,No priority to vehicle,Cycle,Hazy,National Highway,Damaged,Dawn,20.5937,78.9629,Morning
Kollam,31-50,High Risk,Moving Backward,Two-Wheeler,Rainy,State Highway,Damaged,Dusk,20.5937,78.9629,Night
Kollam,18-30,High Risk,Moving Backward,Car,Rainy,Village Road,Normal,Dawn,20.5937,78.9629,Night
Kollam,31-50,Low Risk,No distancing,Truck,Clear,Highways,Normal,Daylight,20.5937,78.9629,Morning
Kollam,31-50,High Risk,Changing lane to the right,Auto-Rickshaw,Clear,National Highway,Under Construction,Dawn,20.5937,78.9629,Morning
Kollam,18-30,High Risk,Changing lane to the right,Bus,Clear,State Highway,Wet,Dawn,20.5937,78.9629,Night
Kollam,50+,High Risk,Moving Backward,Cycle,Clear,National Highway,Under Construction,Daylight,20.5937,78.9629,Afternoon
Kollam,18-30,High Risk,Driving carelessly,Bus,Clear,National Highway,Dry,Daylight,20.5937,78.9629,Afternoon
Kollam,18-30,High Risk,Driving under the influence of drugs,Pedestrian,Hazy,Urban Road,Dry,Daylight,20.5937,78.9629,Evening
Aurangabad,18-30,Low Risk,No distancing,Truck,Clear,Highways,Normal,Dusk,20.5937,78.9629,Night
Kollam,18-30,Low Risk,No distancing,Pedestrian,Clear,Highways,Normal,Daylight,20.5937,78.9629,Evening
Kollam,18-30,High Risk,No priority to vehicle,Two-Wheeler,Hazy,National Highway,Damaged,Daylight,20.5937,78.9629,Night
Kollam,18-30,High Risk,Driving to the left,Cycle,Stormy,National Highway,Wet,Dusk,20.5937,78.9629,Afternoon
Delhi,18-30,Low Risk,No priority to vehicle,Car,Clear,Highways,Normal,Daylight,28.6139,77.209,Evening
Kollam,18-30,Low Risk,No priority to vehicle,Cycle,Hazy,Highways,Normal,Daylight,20.5937,78.9629,Night
Kollam,18-30,High Risk,No priority to vehicle,Cycle,Stormy,Urban Road,Damaged,Dusk,20.5937,78.9629,Afternoon
Kota,31-50,High Risk,No distancing,Bus,Stormy,National Highway,Under Construction,Dark,20.5937,78.9629,Evening
Kota,31-50,High Risk,Moving Backward,Cycle,Rainy,Urban Road,Damaged,Dawn,20.5937,78.9629,Evening
Kota,31-50,Medium Risk,Changing lane to the right,Pedestrian,Clear,Highways,Normal,Daylight,20.5937,78.9629,Morning
Kota,18-30,High Risk,Driving carelessly,Cycle,Clear,National Highway,Damaged,Dark,20.5937,78.9629,Morning
Kota,31-50,Low Risk,Changing lane to the left,Truck,Clear,Highways,Normal,Dawn,20.5937,78.9629,Morning
Kota,18-30,Medium Risk,No distancing,Auto-Rickshaw,Foggy,National Highway,Under Construction,Daylight,20.5937,78.9629,Afternoon
Kota,18-30,Low Risk,Changing lane to the right,Bus,Foggy,Highways,Normal,Dark,20.5937,78.9629,Morning
Kota,18-30,High Risk,Driving under the influence of drugs,Auto-Rickshaw,Clear,National Highway,Dry,Daylight,20.5937,78.9629,Night
Kota,18-30,High Risk,No distancing,Auto-Rickshaw,Clear,Village Road,Normal,Dusk,20.5937,78.9629,Night
Kota,31-50,High Risk,Overturning,Two-Wheeler,Foggy,Urban Road,Under Construction,Daylight,20.5937,78.9629,Evening
Kota,18-30,Medium Risk,No distancing,Truck,Clear,Urban Road,Damaged,Daylight,20.5937,78.9629,Evening
Kota,18-30,Low Risk,Changing lane to the right,Truck,Stormy,Highways,Normal,Daylight,20.5937,78.9629,Evening
Ludhiana,18-30,Low Risk,No priority to vehicle,Cycle,Clear,Highways,Normal,Daylight,20.5937,78.9629,Afternoon
Kota,50+,Low Risk,Changing lane to the right,Car,Clear,Highways,Normal,Daylight,20.5937,78.9629,Morning
Kota,50+,High Risk,Changing lane to the left,Pedestrian,Stormy,Urban Road,Dry,Daylight,20.5937,78.9629,Morning
Ludhiana,18-30,Medium Risk,No distancing,Car,Clear,Highways,Normal,Daylight,20.5937,78.9629,Evening
Kota,18-30,High Risk,No priority to pedestrian,Truck,Clear,Village Road,Under Construction,Daylight,20.5937,78.9629,Afternoon
Meerut,18-30,Low Risk,Driving carelessly,Cycle,Clear,Highways,Normal,Daylight,20.5937,78.9629,Evening
Kota,18-30,Low Risk,No distancing,Pedestrian,Clear,Highways,Normal,Daylight,20.5937,78.9629,Night
Kota,31-50,Low Risk,Driving carelessly,Car,Clear,Highways,Normal,Dark,20.5937,78.9629,Night
Kota,31-50,Low Risk,Driving carelessly,Car,Foggy,Highways,Normal,Daylight,20.5937,78.9629,Night
Kota,18-30,High Risk,Moving Backward,Truck,Stormy,Village Road,Wet,Dusk,20.5937,78.9629,Morning
Kota,50+,High Risk,Overtaking,Two-Wheeler,Stormy,State Highway,Wet,Daylight,20.5937,78.9629,Morning
Kota,18-30,High Risk,No priority to vehicle,Two-Wheeler,Clear,Urban Road,Dry,Dawn,20.5937,78.9629,Night
Kota,18-30,High Risk,No priority to vehicle,Auto-Rickshaw,Clear,National Highway,Damaged,Dawn,20.5937,78.9629,Evening
Kota,31-50,High Risk,Changing lane to the left,Pedestrian,Clear,Urban Road,Under Construction,Dawn,20.5937,78.9629,Afternoon
Kota,31-50,High Risk,No priority to vehicle,Pedestrian,Clear,Urban Road,Damaged,Dusk,20.5937,78.9629,Morning
Kota,31-50,High Risk,No distancing,Auto-Rickshaw,Rainy,Urban Road,Dry,Daylight,20.5937,78.9629,Morning
Kota,18-30,High Risk,Moving Backward,Car,Rainy,Village Road,Under Construction,Dawn,20.5937,78.9629,Evening
Kota,50+,High Risk,Changing lane to the right,Truck,Clear,State Highway,Normal,Dusk,20.5937,78.9629,Morning
Lucknow,18-30,High Risk,No distancing,Auto-Rickshaw,Clear,Highways,Normal,Daylight,26.8467,80.9462,Morning
Lucknow,31-50,High Risk,Overtaking,Car,Rainy,State Highway,Under Construction,Dusk,26.8467,80.9462,Night
Vadodra,18-30,Medium Risk,No distancing,Two-Wheeler,Clear,Highways,Normal,Dawn,20.5937,78.9629,Morning
Jaipur,18-30,Low Risk,Changing lane to the left,Auto-Rickshaw,Clear,Highways,Normal,Daylight,26.9124,75.7873,Afternoon
Lucknow,31-50,High Risk,Driving under the influence of drugs,Bus,Clear,Village Road,Under Construction,Dawn,26.8467,80.9462,Morning
Lucknow,18-30,High Risk,No distancing,Pedestrian,Rainy,Village Road,Damaged,Daylight,26.8467,80.9462,Morning
Lucknow,18-30,High Risk,No distancing,Auto-Rickshaw,Clear,State Highway,Dry,Dark,26.8467,80.9462,Morning
Lucknow,18-30,High Risk,Changing lane to the right,Car,Clear,Urban Road,Under Construction,Dusk,26.8467,80.9462,Afternoon
Lucknow,18-30,High Risk,Changing lane to the left,Car,Hazy,State Highway,Dry,Daylight,26.8467,80.9462,Afternoon
Lucknow,50+,High Risk,Moving Backward,Pedestrian,Clear,Urban Road,Under Construction,Dusk,26.8467,80.9462,Night
Lucknow,18-30,High Risk,No distancing,Car,Stormy,State Highway,Normal,Daylight,26.8467,80.9462,Night
Ghaziabad,18-30,Low Risk,No distancing,Pedestrian,Foggy,Highways,Normal,Dusk,20.5937,78.9629,Morning
Lucknow,18-30,High Risk,Driving carelessly,Car,Clear,Village Road,Dry,Daylight,26.8467,80.9462,Afternoon
Lucknow,18-30,Low Risk,Moving Backward,Pedestrian,Rainy,Highways,Normal,Daylight,26.8467,80.9462,Afternoon
Lucknow,18-30,Medium Risk,No distancing,Truck,Stormy,Highways,Normal,Daylight,26.8467,80.9462,Evening
Lucknow,18-30,Medium Risk,Changing lane to the right,Two-Wheeler,Rainy,National Highway,Normal,Daylight,26.8467,80.9462,Morning
Lucknow,18-30,Medium Risk,Driving carelessly,Auto-Rickshaw,Clear,Highways,Normal,Daylight,26.8467,80.9462,Afternoon
Lucknow,18-30,Low Risk,Driving to the left,Pedestrian,Clear,Highways,Normal,Dawn,26.8467,80.9462,Afternoon
Lucknow,18-30,High Risk,Changing lane to the right,Auto-Rickshaw,Clear,State Highway,Damaged,Daylight,26.8467,80.9462,Night
Lucknow,18-30,Low Risk,Driving carelessly,Pedestrian,Clear,Highways,Normal,Dark,26.8467,80.9462,Morning
Lucknow,18-30,High Risk,Changing lane to the right,Car,Rainy,State Highway,Wet,Dusk,26.8467,80.9462,Morning
Lucknow,50+,Low Risk,No priority to vehicle,Bus,Clear,Highways,Normal,Daylight,26.8467,80.9462,Morning
Lucknow,18-30,High Risk,Changing lane to the right,Pedestrian,Clear,Urban Road,Wet,Dawn,26.8467,80.9462,Morning
Lucknow,50+,High Risk,Turnover,Cycle,Clear,National Highway,Wet,Daylight,26.8467,80.9462,Night
Thrissur,31-50,Medium Risk,No priority to vehicle,Two-Wheeler,Clear,Highways,Normal,Dark,20.5937,78.9629,Morning
Lucknow,31-50,High Risk,Driving at high speed,Bus,Clear,National Highway,Normal,Daylight,26.8467,80.9462,Night
Lucknow,31-50,Low Risk,No distancing,Truck,Stormy,Highways,Normal,Daylight,26.8467,80.9462,Morning
Lucknow,18-30,High Risk,No distancing,Two-Wheeler,Clear,National Highway,Damaged,Dark,26.8467,80.9462,Morning
Lucknow,31-50,Low Risk,Driving carelessly,Truck,Clear,Highways,Normal,Daylight,26.8467,80.9462,Morning
Lucknow,18-30,High Risk,Driving carelessly,Two-Wheeler,Clear,National Highway,Damaged,Daylight,26.8467,80.9462,Night
Ludhiana,18-30,High Risk,Moving Backward,Truck,Clear,National Highway,Damaged,Daylight,20.5937,78.9629,Morning
Ludhiana,31-50,High Risk,No distancing,Auto-Rickshaw,Clear,Urban Road,Wet,Daylight,20.5937,78.9629,Afternoon
Ludhiana,50+,Medium Risk,Changing lane to the right,Truck,Clear,Highways,Normal,Daylight,20.5937,78.9629,Afternoon
Ludhiana,18-30,High Risk,Overtaking,Auto-Rickshaw,Rainy,Urban Road,Under Construction,Dusk,20.5937,78.9629,Evening
Ludhiana,18-30,High Risk,No distancing,Truck,Rainy,National Highway,Dry,Daylight,20.5937,78.9629,Morning
Ludhiana,31-50,High Risk,Overtaking,Auto-Rickshaw,Rainy,Urban Road,Normal,Daylight,20.5937,78.9629,Night
Ludhiana,31-50,High Risk,Moving Backward,Two-Wheeler,Foggy,State Highway,Damaged,Dark,20.5937,78.9629,Afternoon
Ludhiana,18-30,High Risk,No distancing,Car,Clear,State Highway,Damaged,Dark,20.5937,78.9629,Evening
Ludhiana,31-50,High Risk,No distancing,Auto-Rickshaw,Rainy,State Highway,Dry,Dawn,20.5937,78.9629,Afternoon
Jamshedpur,31-50,Low Risk,No priority to vehicle,Two-Wheeler,Clear,Highways,Normal,Daylight,20.5937,78.9629,Morning
Ludhiana,18-30,Medium Risk,No priority to vehicle,Cycle,Clear,Highways,Normal,Daylight,20.5937,78.9629,Morning
Ludhiana,18-30,Medium Risk,Changing lane to the left,Car,Rainy,Village Road,Wet,Dawn,20.5937,78.9629,Night
Bhopal,18-30,Low Risk,No distancing,Two-Wheeler,Rainy,Highways,Normal,Dark,20.5937,78.9629,Night
Ludhiana,31-50,High Risk,Driving under the influence of drugs,Pedestrian,Clear,National Highway,Wet,Dusk,20.5937,78.9629,Morning
Ludhiana,18-30,Low Risk,Changing lane to the left,Car,Clear,Highways,Normal,Dawn,20.5937,78.9629,Night
Ludhiana,31-50,High Risk,Changing lane to the right,Bus,Rainy,Village Road,Under Construction,Dark,20.5937,78.9629,Morning
Ludhiana,18-30,High Risk,Driving to the left,Truck,Clear,Village Road,Damaged,Daylight,20.5937,78.9629,Night
Ludhiana,18-30,Medium Risk,Driving at high speed,Two-Wheeler,Clear,State Highway,Dry,Daylight,20.5937,78.9629,Evening
Ludhiana,31-50,Medium Risk,Overtaking,Cycle,Clear,National Highway,Wet,Dark,20.5937,78.9629,Afternoon
Ludhiana,50+,Medium Risk,Changing lane to the right,Car,Hazy,Highways,Normal,Dusk,20.5937,78.9629,Night
Ludhiana,50+,High Risk,Changing lane to the right,Car,Clear,State Highway,Damaged,Daylight,20.5937,78.9629,Evening
Ludhiana,31-50,Medium Risk,Moving Backward,Car,Clear,Highways,Normal,Daylight,20.5937,78.9629,Afternoon
Ludhiana,18-30,Medium Risk,Moving Backward,Pedestrian,Clear,National Highway,Damaged,Dusk,20.5937,78.9629,Evening
Ludhiana,18-30,High Risk,Changing lane to the left,Auto-Rickshaw,Clear,Urban Road,Wet,Daylight,20.5937,78.9629,Morning
Ludhiana,50+,High Risk,Moving Backward,Pedestrian,Clear,State Highway,Damaged,Dusk,20.5937,78.9629,Night
Ludhiana,31-50,High Risk,No distancing,Auto-Rickshaw,Clear,State Highway,Wet,Dusk,20.5937,78.9629,Night
Ludhiana,50+,High Risk,Moving Backward,Auto-Rickshaw,Clear,State Highway,Under Construction,Daylight,20.5937,78.9629,Evening
Ludhiana,31-50,High Risk,Changing lane to the right,Two-Wheeler,Clear,State Highway,Damaged,Dark,20.5937,78.9629,Morning
Raipur,31-50,Low Risk,Changing lane to the left,Pedestrian,Rainy,Highways,Normal,Dawn,20.5937,78.9629,Morning
Ludhiana,18-30,High Risk,No priority to vehicle,Cycle,Clear,Urban Road,Damaged,Dawn,20.5937,78.9629,Morning
Madurai,18-30,High Risk,No distancing,Bus,Clear,Village Road,Under Construction,Daylight,20.5937,78.9629,Night
Madurai,50+,Low Risk,No priority to vehicle,Car,Hazy,Highways,Normal,Daylight,20.5937,78.9629,Evening
Madurai,18-30,Medium Risk,Driving under the influence of drugs,Pedestrian,Stormy,State Highway,Damaged,Daylight,20.5937,78.9629,Afternoon