Million_Plus_Cities,Age_band_of_driver,Accident_severity,Cause_of_accident,Vehicle Type Involved,Weather Conditions,Road Type,Road Condition,Lighting Conditions,Latitude,Longitude,Time_Block
Madurai,31-50,Medium Risk,Changing lane to the right,Bus,Hazy,National Highway,Normal,Daylight,20.5937,78.9629,Night
Madurai,50+,Medium Risk,No distancing,Cycle,Stormy,National Highway,Under Construction,Dusk,20.5937,78.9629,Night
Madurai,18-30,High Risk,No distancing,Cycle,Clear,Urban Road,Dry,Dawn,20.5937,78.9629,Afternoon
Madurai,18-30,High Risk,Changing lane to the left,Truck,Clear,State Highway,Normal,Daylight,20.5937,78.9629,Evening
Madurai,18-30,High Risk,Changing lane to the right,Cycle,Clear,Village Road,Under Construction,Daylight,20.5937,78.9629,Morning
Coimbatore,31-50,Low Risk,Changing lane to the right,Bus,Clear,Highways,Normal,Dark,20.5937,78.9629,Afternoon
Madurai,50+,High Risk,Driving under the influence of drugs,Auto-Rickshaw,Clear,National Highway,Dry,Dark,20.5937,78.9629,Morning
Madurai,50+,High Risk,Moving Backward,Bus,Foggy,Urban Road,Damaged,Daylight,20.5937,78.9629,Afternoon
Madurai,18-30,Low Risk,Changing lane to the left,Cycle,Hazy,Highways,Normal,Dark,20.5937,78.9629,Evening
Bhopal,18-30,Low Risk,No priority to pedestrian,Pedestrian,Rainy,Highways,Normal,Daylight,20.5937,78.9629,Afternoon
Madurai,31-50,High Risk,No distancing,Pedestrian,Clear,Village Road,Damaged,Dawn,20.5937,78.9629,Night
Jaipur,31-50,Low Risk,No distancing,Pedestrian,Clear,Highways,Normal,Daylight,26.9124,75.7873,Morning
Madurai,18-30,High Risk,Changing lane to the left,Cycle,Clear,National Highway,Normal,Daylight,20.5937,78.9629,Morning
Amritsar,18-30,Low Risk,Changing lane to the right,Cycle,Clear,Highways,Normal,Dusk,20.5937,78.9629,Night
Madurai,18-30,Medium Risk,Driving carelessly,Cycle,Hazy,National Highway,Damaged,Daylight,20.5937,78.9629,Morning
Madurai,18-30,Medium Risk,No distancing,Auto-Rickshaw,Hazy,Highways,Normal,Daylight,20.5937,78.9629,Morning
Madurai,31-50,High Risk,Changing lane to the left,Truck,Clear,Highways,Normal,Dusk,20.5937,78.9629,Night
Madurai,18-30,High Risk,Moving Backward,Cycle,Clear,State Highway,Under Construction,Dawn,20.5937,78.9629,Afternoon
Madurai,50+,High Risk,No distancing,Cycle,Foggy,Village Road,Under Construction,Daylight,20.5937,78.9629,Morning
Madurai,50+,High Risk,No priority to pedestrian,Bus,Hazy,Highways,Normal,Dark,20.5937,78.9629,Afternoon
Madurai,18-30,High Risk,Changing lane to the left,Pedestrian,Clear,Village Road,Dry,Dusk,20.5937,78.9629,Night
Madurai,18-30,Low Risk,No distancing,Pedestrian,Clear,Highways,Normal,Daylight,20.5937,78.9629,Evening
Madurai,18-30,Medium Risk,Driving carelessly,Auto-Rickshaw,Stormy,Highways,Normal,Daylight,20.5937,78.9629,Morning
Madurai,31-50,High Risk,No priority to vehicle,Cycle,Stormy,National Highway,Wet,Daylight,20.5937,78.9629,Night
Madurai,31-50,High Risk,Changing lane to the right,Truck,Stormy,National Highway,Wet,Daylight,20.5937,78.9629,Evening
Madurai,18-30,High Risk,Moving Backward,Cycle,Hazy,Highways,Normal,Dawn,20.5937,78.9629,Night
Madurai,31-50,High Risk,No priority to vehicle,Auto-Rickshaw,Hazy,State Highway,Damaged,Dawn,20.5937,78.9629,Morning
Mallapuram,31-50,High Risk,No priority to pedestrian,Car,Stormy,Urban Road,Under Construction,Daylight,20.5937,78.9629,Evening
Mallapuram,31-50,High Risk,Changing lane to the left,Car,Foggy,State Highway,Dry,Dawn,20.5937,78.9629,Night
Mallapuram,31-50,High Risk,Changing lane to the left,Auto-Rickshaw,Foggy,Village Road,Dry,Dusk,20.5937,78.9629,Afternoon
Mallapuram,18-30,Low Risk,Driving under the influence of drugs,Pedestrian,Clear,Highways,Normal,Daylight,20.5937,78.9629,Night
Mallapuram,31-50,High Risk,Moving Backward,Truck,Clear,Urban Road,Damaged,Daylight,20.5937,78.9629,Morning
Mallapuram,18-30,High Risk,Changing lane to the right,Two-Wheeler,Rainy,Village Road,Damaged,Dawn,20.5937,78.9629,Night
Mallapuram,18-30,High Risk,Changing lane to the right,Two-Wheeler,Clear,State Highway,Dry,Daylight,20.5937,78.9629,Night
Mallapuram,50+,Medium Risk,No distancing,Bus,Clear,Village Road,Wet,Dark,20.5937,78.9629,Evening
Mallapuram,18-30,Medium Risk,Moving Backward,Pedestrian,Clear,National Highway,Dry,Dark,20.5937,78.9629,Morning
Mallapuram,18-30,High Risk,No distancing,Auto-Rickshaw,Hazy,National Highway,Wet,Daylight,20.5937,78.9629,Morning
Mallapuram,31-50,High Risk,Driving carelessly,Auto-Rickshaw,Clear,Village Road,Wet,Dusk,20.5937,78.9629,Afternoon
Mallapuram,18-30,High Risk,No priority to pedestrian,Two-Wheeler,Clear,Highways,Normal,Dark,20.5937,78.9629,Afternoon
Mallapuram,18-30,High Risk,No priority to vehicle,Bus,Clear,National Highway,Wet,Dusk,20.5937,78.9629,Afternoon
Mallapuram,31-50,Low Risk,Moving Backward,Pedestrian,Rainy,Highways,Normal,Daylight,20.5937,78.9629,Evening
Mallapuram,18-30,High Risk,Changing lane to the right,Auto-Rickshaw,Clear,Urban Road,Dry,Daylight,20.5937,78.9629,Morning
Asansol Durgapur,18-30,Medium Risk,No distancing,Car,Foggy,Highways,Normal,Dawn,20.5937,78.9629,Evening
Mallapuram,18-30,High Risk,Driving carelessly,Auto-Rickshaw,Stormy,State Highway,Dry,Dark,20.5937,78.9629,Morning
Mallapuram,18-30,High Risk,Changing lane to the left,Car,Rainy,National Highway,Dry,Dark,20.5937,78.9629,Night
Mallapuram,18-30,High Risk,Moving Backward,Cycle,Hazy,Village Road,Damaged,Dusk,20.5937,78.9629,Morning
Mallapuram,31-50,High Risk,No distancing,Truck,Clear,Highways,Normal,Dawn,20.5937,78.9629,Night
Mallapuram,31-50,High Risk,Changing lane to the right,Auto-Rickshaw,Rainy,National Highway,Dry,Daylight,20.5937,78.9629,Night
Mallapuram,31-50,High Risk,No priority to vehicle,Car,Clear,Village Road,Under Construction,Dusk,20.5937,78.9629,Afternoon
Mallapuram,18-30,High Risk,Getting off the vehicle improperly,Bus,Clear,National Highway,Damaged,Daylight,20.5937,78.9629,Morning
Mallapuram,18-30,High Risk,No distancing,Pedestrian,Rainy,Village Road,Wet,Daylight,20.5937,78.9629,Night
Bhopal,18-30,Medium Risk,No distancing,Truck,Foggy,Highways,Normal,Daylight,20.5937,78.9629,Morning
Mallapuram,31-50,High Risk,Changing lane to the left,Two-Wheeler,Hazy,Village Road,Under Construction,Dawn,20.5937,78.9629,Night
Mallapuram,18-30,High Risk,No priority to vehicle,Two-Wheeler,Stormy,Village Road,Under Construction,Daylight,20.5937,78.9629,Night
Mallapuram,18-30,High Risk,Driving carelessly,Pedestrian,Rainy,Urban Road,Damaged,Daylight,20.5937,78.9629,Night
Mallapuram,31-50,High Risk,Changing lane to the right,Cycle,Foggy,Urban Road,Dry,Dark,20.5937,78.9629,Evening
Mallapuram,50+,Low Risk,No distancing,Car,Hazy,Highways,Normal,Daylight,20.5937,78.9629,Morning
Meerut,18-30,High Risk,Changing lane to the right,Cycle,Clear,Village Road,Damaged,Dusk,20.5937,78.9629,Evening
Coimbatore,50+,Low Risk,No distancing,Auto-Rickshaw,Clear,Highways,Normal,Dark,20.5937,78.9629,Night
Meerut,31-50,High Risk,Driving under the influence of drugs,Truck,Rainy,State Highway,Under Construction,Dusk,20.5937,78.9629,Afternoon
Meerut,31-50,High Risk,Changing lane to the left,Two-Wheeler,Clear,Village Road,Under Construction,Daylight,20.5937,78.9629,Morning
Kota,18-30,Medium Risk,Getting off the vehicle improperly,Pedestrian,Clear,Highways,Normal,Daylight,20.5937,78.9629,Night
Khozikode,50+,Medium Risk,Overloading,Auto-Rickshaw,Clear,Highways,Normal,Dawn,20.5937,78.9629,Evening
Meerut,31-50,High Risk,Driving carelessly,Auto-Rickshaw,Clear,National Highway,Dry,Dawn,20.5937,78.9629,Morning
Meerut,31-50,Low Risk,Overtaking,Cycle,Clear,Highways,Normal,Daylight,20.5937,78.9629,Night
Meerut,18-30,High Risk,No distancing,Pedestrian,Clear,Urban Road,Dry,Dusk,20.5937,78.9629,Afternoon
Meerut,18-30,High Risk,Overturning,Pedestrian,Clear,Village Road,Normal,Daylight,20.5937,78.9629,Morning
Meerut,18-30,High Risk,Driving carelessly,Auto-Rickshaw,Clear,Urban Road,Wet,Daylight,20.5937,78.9629,Morning
Meerut,31-50,Medium Risk,No priority to pedestrian,Auto-Rickshaw,Clear,National Highway,Normal,Dawn,20.5937,78.9629,Morning
Meerut,18-30,Medium Risk,No distancing,Pedestrian,Hazy,Village Road,Damaged,Daylight,20.5937,78.9629,Evening
Meerut,18-30,Low Risk,No priority to vehicle,Bus,Clear,Highways,Normal,Daylight,20.5937,78.9629,Morning
Meerut,31-50,Low Risk,Getting off the vehicle improperly,Auto-Rickshaw,Rainy,Highways,Normal,Daylight,20.5937,78.9629,Morning
Meerut,18-30,High Risk,No priority to pedestrian,Truck,Hazy,Village Road,Damaged,Dark,20.5937,78.9629,Night
Meerut,18-30,High Risk,Changing lane to the right,Pedestrian,Hazy,Village Road,Wet,Daylight,20.5937,78.9629,Morning
Meerut,50+,Medium Risk,Moving Backward,Pedestrian,Clear,Highways,Normal,Daylight,20.5937,78.9629,Night
Meerut,18-30,High Risk,Changing lane to the left,Pedestrian,Stormy,Village Road,Dry,Daylight,20.5937,78.9629,Night
Meerut,18-30,High Risk,No distancing,Car,Stormy,National Highway,Under Construction,Dawn,20.5937,78.9629,Night
Dhanbad,18-30,Medium Risk,Driving carelessly,Pedestrian,Hazy,Highways,Normal,Daylight,20.5937,78.9629,Afternoon
Meerut,18-30,High Risk,Driving under the influence of drugs,Car,Hazy,State Highway,Under Construction,Dawn,20.5937,78.9629,Evening
Meerut,18-30,Low Risk,Driving carelessly,Pedestrian,Stormy,Highways,Normal,Dark,20.5937,78.9629,Afternoon
Meerut,18-30,High Risk,Driving carelessly,Auto-Rickshaw,Foggy,State Highway,Wet,Daylight,20.5937,78.9629,Morning
Meerut,18-30,High Risk,Changing lane to the right,Cycle,Rainy,State Highway,Dry,Daylight,20.5937,78.9629,Evening
Meerut,18-30,High Risk,No distancing,Two-Wheeler,Foggy,Highways,Normal,Daylight,20.5937,78.9629,Morning
Meerut,18-30,High Risk,Driving carelessly,Bus,Foggy,Urban Road,Under Construction,Dark,20.5937,78.9629,Afternoon
Meerut,31-50,High Risk,No priority to pedestrian,Pedestrian,Hazy,Urban Road,Dry,Dawn,20.5937,78.9629,Morning
Meerut,31-50,High Risk,No distancing,Two-Wheeler,Stormy,National Highway,Damaged,Dusk,20.5937,78.9629,Night
Meerut,18-30,High Risk,Moving Backward,Two-Wheeler,Foggy,Village Road,Damaged,Daylight,20.5937,78.9629,Evening
Mumbai,31-50,High Risk,Moving Backward,Car,Stormy,National Highway,Damaged,Daylight,19.076,72.8777,Night
Mumbai,18-30,Medium Risk,No priority to vehicle,Truck,Clear,State Highway,Under Construction,Daylight,19.076,72.8777,Afternoon
Mumbai,18-30,High Risk,No distancing,Truck,Hazy,State Highway,Wet,Dawn,19.076,72.8777,Night
Mumbai,18-30,Low Risk,Moving Backward,Two-Wheeler,Foggy,Highways,Normal,Dark,19.076,72.8777,Afternoon
Mumbai,31-50,Medium Risk,Changing lane to the right,Pedestrian,Foggy,Highways,Normal,Daylight,19.076,72.8777,Night
Mumbai,31-50,High Risk,Moving Backward,Cycle,Clear,National Highway,Wet,Daylight,19.076,72.8777,Morning
Mumbai,31-50,Low Risk,Changing lane to the right,Cycle,Rainy,Highways,Normal,Dusk,19.076,72.8777,Night
Mumbai,31-50,High Risk,Driving carelessly,Pedestrian,Clear,State Highway,Dry,Daylight,19.076,72.8777,Morning
Mumbai,31-50,Low Risk,Changing lane to the right,Car,Rainy,Highways,Normal,Daylight,19.076,72.8777,Morning
Mumbai,18-30,Low Risk,No distancing,Truck,Clear,Highways,Normal,Daylight,19.076,72.8777,Morning
Mumbai,18-30,Low Risk,Moving Backward,Auto-Rickshaw,Stormy,Highways,Normal,Daylight,19.076,72.8777,Morning
Surat,31-50,Medium Risk,Driving carelessly,Pedestrian,Hazy,Highways,Normal,Daylight,21.1702,72.8311,Afternoon
Mumbai,18-30,High Risk,No distancing,Car,Clear,State Highway,Normal,Daylight,19.076,72.8777,Evening
Mumbai,18-30,High Risk,No priority to vehicle,Car,Clear,National Highway,Damaged,Daylight,19.076,72.8777,Evening
Mumbai,18-30,High Risk,Changing lane to the right,Car,Stormy,State Highway,Dry,Dark,19.076,72.8777,Morning
Rajkot,18-30,Medium Risk,Moving Backward,Car,Rainy,Highways,Normal,Daylight,20.5937,78.9629,Morning
Mumbai,18-30,Medium Risk,Driving under the influence of drugs,Car,Hazy,State Highway,Dry,Dusk,19.076,72.8777,Afternoon
Mumbai,31-50,Medium Risk,Changing lane to the right,Two-Wheeler,Stormy,Village Road,Damaged,Daylight,19.076,72.8777,Night
Mumbai,50+,Medium Risk,No priority to vehicle,Bus,Stormy,National Highway,Dry,Daylight,19.076,72.8777,Morning
Mumbai,18-30,Medium Risk,Changing lane to the left,Auto-Rickshaw,Clear,National Highway,Under Construction,Dawn,19.076,72.8777,Evening
Hyderabad,18-30,Low Risk,Driving carelessly,Two-Wheeler,Clear,Highways,Normal,Daylight,17.385,78.4867,Evening
Mumbai,18-30,Medium Risk,No priority to pedestrian,Car,Clear,Urban Road,Under Construction,Daylight,19.076,72.8777,Evening
Mumbai,31-50,High Risk,No priority to pedestrian,Cycle,Foggy,National Highway,Damaged,Daylight,19.076,72.8777,Morning
Vizaq,50+,Low Risk,Changing lane to the right,Cycle,Stormy,Highways,Normal,Daylight,20.5937,78.9629,Night
Mumbai,18-30,High Risk,Drunk driving,Auto-Rickshaw,Clear,State Highway,Wet,Daylight,19.076,72.8777,Morning
Mumbai,31-50,High Risk,Changing lane to the left,Car,Clear,State Highway,Wet,Daylight,19.076,72.8777,Evening
Mumbai,31-50,High Risk,Changing lane to the left,Truck,Foggy,Highways,Normal,Dusk,19.076,72.8777,Morning
Agra,18-30,Medium Risk,Driving to the left,Car,Clear,Highways,Normal,Dawn,27.1767,78.0081,Night
Mumbai,31-50,Low Risk,Changing lane to the left,Two-Wheeler,Hazy,Highways,Normal,Daylight,19.076,72.8777,Evening
Mumbai,18-30,Low Risk,Driving under the influence of drugs,Car,Clear,Highways,Normal,Daylight,19.076,72.8777,Morning
Nagpur,18-30,High Risk,No priority to pedestrian,Two-Wheeler,Foggy,State Highway,Wet,Dusk,20.5937,78.9629,Afternoon
Nagpur,18-30,Medium Risk,Changing lane to the left,Auto-Rickshaw,Stormy,State Highway,Under Construction,Daylight,20.5937,78.9629,Night
Nagpur,18-30,Medium Risk,Moving Backward,Truck,Clear,National Highway,Wet,Daylight,20.5937,78.9629,Night
Nagpur,18-30,Low Risk,No distancing,Two-Wheeler,Clear,Highways,Normal,Daylight,20.5937,78.9629,Afternoon
Nagpur,31-50,High Risk,Changing lane to the right,Pedestrian,Hazy,Village Road,Damaged,Daylight,20.5937,78.9629,Night
Nagpur,18-30,High Risk,No priority to vehicle,Two-Wheeler,Clear,Highways,Normal,Dusk,20.5937,78.9629,Morning
Nagpur,18-30,High Risk,Moving Backward,Two-Wheeler,Hazy,State Highway,Damaged,Daylight,20.5937,78.9629,Night
Nagpur,18-30,High Risk,Overtaking,Pedestrian,Clear,Urban Road,Dry,Dark,20.5937,78.9629,Afternoon
Kanpur,18-30,Low Risk,Changing lane to the left,Pedestrian,Foggy,Highways,Normal,Daylight,26.4499,80.3319,Evening
Nagpur,18-30,High Risk,Changing lane to the right,Auto-Rickshaw,Stormy,State Highway,Damaged,Dark,20.5937,78.9629,Afternoon
Rajkot,18-30,Medium Risk,Overtaking,Car,Clear,Highways,Normal,Dawn,20.5937,78.9629,Afternoon
Nagpur,18-30,High Risk,Overloading,Car,Clear,Village Road,Dry,Daylight,20.5937,78.9629,Night
Nagpur,18-30,Medium Risk,Other,Car,Rainy,National Highway,Under Construction,Dusk,20.5937,78.9629,Morning
Nagpur,18-30,High Risk,No priority to vehicle,Bus,Clear,National Highway,Wet,Dark,20.5937,78.9629,Evening
Jabalpur,18-30,Low Risk,Changing lane to the right,Auto-Rickshaw,Foggy,Highways,Normal,Dawn,20.5937,78.9629,Night
Nagpur,50+,Medium Risk,Moving Backward,Auto-Rickshaw,Clear,National Highway,Normal,Daylight,20.5937,78.9629,Night
Nagpur,18-30,Medium Risk,Changing lane to the left,Auto-Rickshaw,Hazy,Urban Road,Dry,Daylight,20.5937,78.9629,Morning
Nagpur,18-30,High Risk,No priority to pedestrian,Two-Wheeler,Stormy,National Highway,Normal,Daylight,20.5937,78.9629,Afternoon
Nagpur,18-30,High Risk,No distancing,Pedestrian,Hazy,Urban Road,Wet,Dawn,20.5937,78.9629,Night
Nagpur,18-30,High Risk,No priority to vehicle,Two-Wheeler,Clear,Village Road,Dry,Dark,20.5937,78.9629,Night
Nagpur,18-30,High Risk,No distancing,Car,Hazy,Village Road,Wet,Dusk,20.5937,78.9629,Morning
Nagpur,18-30,High Risk,No distancing,Car,Clear,National Highway,Normal,Dusk,20.5937,78.9629,Night
Nagpur,18-30,High Risk,Moving Backward,Car,Clear,Village Road,Damaged,Daylight,20.5937,78.9629,Afternoon
Nagpur,31-50,Low Risk,Changing lane to the right,Car,Clear,Highways,Normal,Daylight,20.5937,78.9629,Night
Rajkot,18-30,Low Risk,No priority to pedestrian,Cycle,Stormy,Highways,Normal,Dawn,20.5937,78.9629,Morning
Rajkot,18-30,Low Risk,Moving Backward,Two-Wheeler,Clear,Highways,Normal,Daylight,20.5937,78.9629,Night
Nagpur,18-30,High Risk,Getting off the vehicle improperly,Bus,Clear,National Highway,Damaged,Dusk,20.5937,78.9629,Afternoon
Nagpur,18-30,High Risk,Overtaking,Truck,Clear,Highways,Normal,Daylight,20.5937,78.9629,Evening
Nagpur,18-30,High Risk,Overloading,Cycle,Clear,State Highway,Damaged,Daylight,20.5937,78.9629,Morning
Nagpur,18-30,High Risk,Changing lane to the right,Car,Hazy,Urban Road,Wet,Dark,20.5937,78.9629,Night
Nashik,18-30,High Risk,Improper parking,Cycle,Clear,Highways,Normal,Daylight,20.5937,78.9629,Night
Nashik,50+,Medium Risk,Other,Pedestrian,Clear,Highways,Normal,Daylight,20.5937,78.9629,Night
Nashik,18-30,High Risk,Changing lane to the left,Two-Wheeler,Stormy,Urban Road,Wet,Daylight,20.5937,78.9629,Night
Bhopal,31-50,Low Risk,Changing lane to the right,Auto-Rickshaw,Rainy,Highways,Normal,Dusk,20.5937,78.9629,Morning
Nashik,31-50,Low Risk,No priority to pedestrian,Truck,Clear,Highways,Normal,Daylight,20.5937,78.9629,Morning
Nashik,18-30,Medium Risk,Overspeed,Car,Stormy,National Highway,Dry,Daylight,20.5937,78.9629,Night
Nashik,50+,High Risk,Changing lane to the left,Two-Wheeler,Hazy,National Highway,Dry,Dawn,20.5937,78.9629,Morning
Nashik,18-30,High Risk,No priority to vehicle,Cycle,Clear,Village Road,Dry,Daylight,20.5937,78.9629,Evening
Nashik,18-30,High Risk,Changing lane to the right,Cycle,Clear,Urban Road,Wet,Dusk,20.5937,78.9629,Evening
Nashik,50+,Low Risk,No distancing,Truck,Clear,Highways,Normal,Daylight,20.5937,78.9629,Night
Nashik,18-30,High Risk,No priority to pedestrian,Pedestrian,Clear,Urban Road,Under Construction,Daylight,20.5937,78.9629,Morning
Chennai,31-50,Medium Risk,No distancing,Auto-Rickshaw,Clear,Highways,Normal,Dark,13.0827,80.2707,Night
Nashik,18-30,Medium Risk,No priority to vehicle,Pedestrian,Clear,Highways,Normal,Dark,20.5937,78.9629,Morning
Kollam,50+,Low Risk,Other,Bus,Clear,Highways,Normal,Daylight,20.5937,78.9629,Night
Faridabad,18-30,Low Risk,Driving carelessly,Cycle,Clear,Highways,Normal,Daylight,20.5937,78.9629,Evening
Nashik,50+,High Risk,Changing lane to the left,Cycle,Foggy,Village Road,Normal,Daylight,20.5937,78.9629,Afternoon
Nashik,50+,Low Risk,Driving carelessly,Truck,Clear,Highways,Normal,Dusk,20.5937,78.9629,Morning
Nagpur,18-30,Low Risk,Changing lane to the left,Two-Wheeler,Stormy,Highways,Normal,Dark,20.5937,78.9629,Night
Nashik,31-50,Low Risk,No priority to vehicle,Two-Wheeler,Clear,Highways,Normal,Daylight,20.5937,78.9629,Night
Nashik,18-30,Low Risk,No distancing,Two-Wheeler,Hazy,Highways,Normal,Dark,20.5937,78.9629,Night
Meerut,18-30,Low Risk,Changing lane to the right,Bus,Clear,Highways,Normal,Daylight,20.5937,78.9629,Evening
Nashik,18-30,High Risk,Changing lane to the right,Two-Wheeler,Hazy,Village Road,Wet,Daylight,20.5937,78.9629,Morning
Nashik,31-50,High Risk,Driving at high speed,Car,Foggy,Highways,Normal,Daylight,20.5937,78.9629,Evening
Nashik,18-30,High Risk,No distancing,Two-Wheeler,Clear,Urban Road,Wet,Dawn,20.5937,78.9629,Evening
Nagpur,18-30,Low Risk,Changing lane to the right,Cycle,Foggy,Highways,Normal,Dark,20.5937,78.9629,Evening
Nashik,31-50,Low Risk,Changing lane to the left,Auto-Rickshaw,Clear,Highways,Normal,Dark,20.5937,78.9629,Morning
Nashik,18-30,High Risk,Getting off the vehicle improperly,Car,Foggy,Village Road,Damaged,Dark,20.5937,78.9629,Afternoon
Nashik,31-50,High Risk,Other,Car,Clear,Village Road,Dry,Dawn,20.5937,78.9629,Evening
Nashik,18-30,High Risk,Other,Two-Wheeler,Clear,State Highway,Under Construction,Daylight,20.5937,78.9629,Morning
Nashik,31-50,High Risk,No distancing,Car,Clear,Village Road,Wet,Daylight,20.5937,78.9629,Night
Patna,31-50,High Risk,No priority to vehicle,Auto-Rickshaw,Clear,Highways,Normal,Daylight,25.5941,85.1376,Afternoon
Patna,18-30,Medium Risk,Overtaking,Bus,Clear,Highways,Normal,Daylight,25.5941,85.1376,Evening
Patna,31-50,Low Risk,No priority to pedestrian,Cycle,Clear,Highways,Normal,Daylight,25.5941,85.1376,Afternoon
Patna,50+,High Risk,No distancing,Car,Clear,State Highway,Normal,Dusk,25.5941,85.1376,Evening
Patna,50+,High Risk,Changing lane to the right,Two-Wheeler,Clear,State Highway,Dry,Daylight,25.5941,85.1376,Night
Allahabad(Prayagraj),18-30,Low Risk,Driving carelessly,Cycle,Clear,Highways,Normal,Daylight,20.5937,78.9629,Afternoon
Patna,50+,High Risk,Changing lane to the right,Car,Stormy,State Highway,Wet,Dusk,25.5941,85.1376,Night
Patna,18-30,High Risk,Overtaking,Cycle,Foggy,National Highway,Dry,Dusk,25.5941,85.1376,Night
Patna,50+,Low Risk,Other,Bus,Foggy,Highways,Normal,Daylight,25.5941,85.1376,Evening
Patna,18-30,Low Risk,Driving to the left,Auto-Rickshaw,Hazy,Highways,Normal,Daylight,25.5941,85.1376,Afternoon
Patna,18-30,High Risk,Driving at high speed,Car,Rainy,National Highway,Wet,Dusk,25.5941,85.1376,Night
Patna,18-30,High Risk,Unknown,Car,Clear,National Highway,Wet,Daylight,25.5941,85.1376,Morning
Patna,18-30,High Risk,Changing lane to the right,Auto-Rickshaw,Clear,Highways,Normal,Dusk,25.5941,85.1376,Afternoon
Agra,31-50,Low Risk,No distancing,Auto-Rickshaw,Stormy,Highways,Normal,Dawn,27.1767,78.0081,Night
Patna,18-30,High Risk,Other,Bus,Clear,Urban Road,Wet,Daylight,25.5941,85.1376,Night
Patna,50+,High Risk,No priority to vehicle,Two-Wheeler,Foggy,National Highway,Under Construction,Daylight,25.5941,85.1376,Morning
Patna,18-30,High Risk,Changing lane to the left,Car,Clear,Village Road,Under Construction,Daylight,25.5941,85.1376,Morning
Varanasi,18-30,Low Risk,No priority to pedestrian,Truck,Clear,Highways,Normal,Daylight,25.3176,82.9739,Evening
Raipur,18-30,Low Risk,Overtaking,Car,Clear,Highways,Normal,Dark,20.5937,78.9629,Morning
Patna,18-30,High Risk,Driving carelessly,Cycle,Stormy,Highways,Normal,Daylight,25.5941,85.1376,Night
Patna,18-30,High Risk,No priority to vehicle,Bus,Foggy,Village Road,Under Construction,Dark,25.5941,85.1376,Night
Patna,18-30,High Risk,No priority to pedestrian,Car,Clear,State Highway,Wet,Daylight,25.5941,85.1376,Morning
Nashik,18-30,Low Risk,Changing lane to the right,Truck,Stormy,Highways,Normal,Daylight,20.5937,78.9629,Afternoon
Patna,18-30,High Risk,Driving carelessly,Car,Clear,Urban Road,Damaged,Daylight,25.5941,85.1376,Morning
Patna,50+,High Risk,Changing lane to the right,Auto-Rickshaw,Clear,State Highway,Under Construction,Daylight,25.5941,85.1376,Night
Patna,18-30,High Risk,Changing lane to the right,Car,Clear,National Highway,Wet,Daylight,25.5941,85.1376,Afternoon
Patna,18-30,High Risk,Changing lane to the left,Bus,Clear,Village Road,Dry,Daylight,25.5941,85.1376,Night
Patna,18-30,High Risk,Overturning,Car,Clear,State Highway,Dry,Daylight,25.5941,85.1376,Afternoon
Patna,18-30,High Risk,Driving carelessly,Pedestrian,Rainy,National Highway,Dry,Dawn,25.5941,85.1376,Morning
Mumbai,18-30,Low Risk,No distancing,Auto-Rickshaw,Clear,Highways,Normal,Dark,19.076,72.8777,Evening
Pune,18-30,High Risk,Driving carelessly,Pedestrian,Clear,National Highway,Normal,Daylight,18.5204,73.8567,Morning
Pune,18-30,Medium Risk,Changing lane to the left,Car,Stormy,State Highway,Under Construction,Daylight,18.5204,73.8567,Evening
Pune,50+,Medium Risk,No priority to vehicle,Pedestrian,Foggy,Village Road,Under Construction,Daylight,18.5204,73.8567,Morning
Pune,18-30,High Risk,Changing lane to the right,Cycle,Stormy,Urban Road,Dry,Dark,18.5204,73.8567,Morning
Pune,18-30,High Risk,No distancing,Car,Stormy,Urban Road,Dry,Daylight,18.5204,73.8567,Afternoon
Pune,31-50,High Risk,Moving Backward,Auto-Rickshaw,Clear,Urban Road,Damaged,Dark,18.5204,73.8567,Night
Pune,18-30,High Risk,Moving Backward,Pedestrian,Rainy,Village Road,Damaged,Dark,18.5204,73.8567,Morning
Faridabad,18-30,Low Risk,No distancing,Car,Stormy,Highways,Normal,Dusk,20.5937,78.9629,Afternoon
Pune,31-50,Low Risk,No distancing,Car,Clear,Highways,Normal,Dusk,18.5204,73.8567,Morning
Pune,18-30,Low Risk,No distancing,Bus,Clear,Highways,Normal,Daylight,18.5204,73.8567,Night
Pune,18-30,High Risk,No priority to pedestrian,Car,Clear,Urban Road,Damaged,Daylight,18.5204,73.8567,Evening
Pune,18-30,High Risk,Driving carelessly,Auto-Rickshaw,Clear,State Highway,Dry,Daylight,18.5204,73.8567,Morning
Pune,50+,High Risk,Changing lane to the right,Cycle,Clear,State Highway,Dry,Daylight,18.5204,73.8567,Night
Pune,18-30,High Risk,Changing lane to the left,Car,Rainy,National Highway,Wet,Dusk,18.5204,73.8567,Afternoon