Million_Plus_Cities,Age_band_of_driver,Accident_severity,Cause_of_accident,Vehicle Type Involved,Weather Conditions,Road Type,Road Condition,Lighting Conditions,Latitude,Longitude,Time_Block
Pune,50+,High Risk,Driving carelessly,Cycle,Foggy,National Highway,Damaged,Daylight,18.5204,73.8567,Night
Pune,31-50,High Risk,Driving carelessly,Pedestrian,Clear,Urban Road,Wet,Daylight,18.5204,73.8567,Evening
Coimbatore,18-30,Low Risk,No distancing,Truck,Clear,Highways,Normal,Dawn,20.5937,78.9629,Night
Pune,18-30,High Risk,Other,Auto-Rickshaw,Clear,Urban Road,Wet,Dark,18.5204,73.8567,Afternoon
Pune,18-30,High Risk,Changing lane to the right,Car,Clear,State Highway,Dry,Dark,18.5204,73.8567,Night
Pune,18-30,High Risk,Changing lane to the right,Cycle,Clear,Village Road,Wet,Dusk,18.5204,73.8567,Night
Pune,50+,High Risk,No distancing,Cycle,Clear,Village Road,Damaged,Daylight,18.5204,73.8567,Night
Pune,18-30,High Risk,No distancing,Truck,Clear,Urban Road,Normal,Daylight,18.5204,73.8567,Evening
Pune,18-30,Low Risk,Overturning,Two-Wheeler,Hazy,Highways,Normal,Dawn,18.5204,73.8567,Morning
Pune,18-30,High Risk,Driving at high speed,Car,Clear,National Highway,Wet,Daylight,18.5204,73.8567,Morning
Pune,31-50,Medium Risk,No priority to vehicle,Bus,Foggy,National Highway,Dry,Daylight,18.5204,73.8567,Evening
Jamshedpur,18-30,Medium Risk,No priority to pedestrian,Truck,Clear,Highways,Normal,Dark,20.5937,78.9629,Night
Pune,18-30,High Risk,No priority to vehicle,Car,Clear,National Highway,Dry,Dawn,18.5204,73.8567,Afternoon
Pune,31-50,High Risk,Other,Pedestrian,Clear,National Highway,Wet,Dawn,18.5204,73.8567,Afternoon
Bhopal,31-50,Low Risk,Other,Pedestrian,Stormy,Highways,Normal,Dawn,20.5937,78.9629,Night
Pune,31-50,High Risk,Moving Backward,Pedestrian,Rainy,Village Road,Normal,Dark,18.5204,73.8567,Morning
Ludhiana,18-30,Low Risk,No distancing,Car,Clear,Highways,Normal,Daylight,20.5937,78.9629,Evening
Raipur,18-30,High Risk,Moving Backward,Cycle,Hazy,Urban Road,Under Construction,Dawn,20.5937,78.9629,Night
Raipur,18-30,High Risk,No priority to vehicle,Auto-Rickshaw,Stormy,National Highway,Wet,Dusk,20.5937,78.9629,Night
Raipur,31-50,High Risk,Driving carelessly,Auto-Rickshaw,Stormy,Village Road,Under Construction,Dark,20.5937,78.9629,Night
Raipur,18-30,High Risk,No distancing,Pedestrian,Foggy,Village Road,Damaged,Daylight,20.5937,78.9629,Night
Raipur,18-30,High Risk,Other,Bus,Clear,State Highway,Under Construction,Daylight,20.5937,78.9629,Night
Nashik,18-30,Medium Risk,Changing lane to the right,Bus,Clear,Highways,Normal,Daylight,20.5937,78.9629,Night
Raipur,50+,High Risk,No distancing,Cycle,Clear,Urban Road,Damaged,Daylight,20.5937,78.9629,Night
Raipur,18-30,High Risk,Driving carelessly,Pedestrian,Stormy,State Highway,Wet,Daylight,20.5937,78.9629,Night
Raipur,18-30,High Risk,No distancing,Bus,Foggy,State Highway,Dry,Dark,20.5937,78.9629,Evening
Raipur,31-50,High Risk,No priority to vehicle,Two-Wheeler,Clear,National Highway,Dry,Daylight,20.5937,78.9629,Morning
Raipur,31-50,High Risk,Changing lane to the right,Truck,Clear,State Highway,Under Construction,Daylight,20.5937,78.9629,Night
Raipur,18-30,High Risk,No priority to pedestrian,Cycle,Foggy,Village Road,Under Construction,Daylight,20.5937,78.9629,Afternoon
Raipur,31-50,High Risk,No priority to vehicle,Car,Rainy,National Highway,Under Construction,Daylight,20.5937,78.9629,Night
Raipur,31-50,High Risk,Changing lane to the left,Pedestrian,Clear,Highways,Normal,Dark,20.5937,78.9629,Afternoon
Raipur,50+,High Risk,Turnover,Auto-Rickshaw,Clear,State Highway,Dry,Daylight,20.5937,78.9629,Afternoon
Raipur,18-30,High Risk,Driving to the left,Two-Wheeler,Clear,Village Road,Under Construction,Daylight,20.5937,78.9629,Afternoon
Raipur,31-50,High Risk,Driving carelessly,Two-Wheeler,Clear,Urban Road,Damaged,Daylight,20.5937,78.9629,Afternoon
Raipur,18-30,High Risk,Driving to the left,Car,Clear,Urban Road,Dry,Daylight,20.5937,78.9629,Night
Bengaluru,31-50,Low Risk,Driving carelessly,Car,Rainy,Highways,Normal,Daylight,12.9716,77.5946,Morning
Thrissur,18-30,Low Risk,No priority to pedestrian,Pedestrian,Clear,Highways,Normal,Daylight,20.5937,78.9629,Night
Raipur,18-30,Low Risk,Driving carelessly,Auto-Rickshaw,Clear,Highways,Normal,Daylight,20.5937,78.9629,Night
Khozikode,31-50,Medium Risk,Changing lane to the right,Car,Rainy,Highways,Normal,Dusk,20.5937,78.9629,Night
Chandigarh,18-30,Low Risk,Moving Backward,Cycle,Clear,Highways,Normal,Daylight,20.5937,78.9629,Morning
Raipur,31-50,Low Risk,Driving carelessly,Cycle,Foggy,Highways,Normal,Dawn,20.5937,78.9629,Night
Raipur,31-50,High Risk,Changing lane to the right,Pedestrian,Stormy,Urban Road,Damaged,Dawn,20.5937,78.9629,Night
Raipur,50+,High Risk,Driving carelessly,Auto-Rickshaw,Rainy,National Highway,Under Construction,Daylight,20.5937,78.9629,Afternoon
Raipur,18-30,High Risk,Driving carelessly,Car,Foggy,National Highway,Wet,Daylight,20.5937,78.9629,Evening
Raipur,18-30,High Risk,Driving carelessly,Auto-Rickshaw,Clear,Urban Road,Wet,Daylight,20.5937,78.9629,Night
Raipur,18-30,High Risk,Changing lane to the right,Car,Rainy,Village Road,Dry,Daylight,20.5937,78.9629,Evening
Rajkot,18-30,High Risk,Changing lane to the right,Truck,Hazy,Urban Road,Damaged,Dusk,20.5937,78.9629,Morning
Rajkot,18-30,Low Risk,Driving carelessly,Car,Rainy,Highways,Normal,Daylight,20.5937,78.9629,Night
Rajkot,50+,High Risk,Overtaking,Truck,Stormy,Highways,Normal,Daylight,20.5937,78.9629,Night
Rajkot,18-30,High Risk,Changing lane to the right,Truck,Clear,State Highway,Wet,Dark,20.5937,78.9629,Morning
Rajkot,18-30,High Risk,No distancing,Auto-Rickshaw,Foggy,Village Road,Dry,Daylight,20.5937,78.9629,Morning
Varanasi,18-30,Low Risk,Other,Two-Wheeler,Hazy,Highways,Normal,Dark,25.3176,82.9739,Morning
Rajkot,31-50,Medium Risk,Changing lane to the right,Bus,Rainy,National Highway,Dry,Dawn,20.5937,78.9629,Evening
Rajkot,18-30,Medium Risk,Changing lane to the right,Auto-Rickshaw,Rainy,State Highway,Normal,Daylight,20.5937,78.9629,Morning
Rajkot,18-30,Medium Risk,Overtaking,Pedestrian,Stormy,National Highway,Wet,Daylight,20.5937,78.9629,Morning
Rajkot,18-30,Medium Risk,Other,Cycle,Clear,Highways,Normal,Dawn,20.5937,78.9629,Morning
Rajkot,31-50,High Risk,Driving to the left,Pedestrian,Clear,Urban Road,Normal,Daylight,20.5937,78.9629,Night
Rajkot,18-30,High Risk,Overtaking,Auto-Rickshaw,Foggy,Urban Road,Under Construction,Daylight,20.5937,78.9629,Afternoon
Rajkot,18-30,High Risk,No priority to vehicle,Cycle,Hazy,Urban Road,Wet,Dark,20.5937,78.9629,Night
Rajkot,50+,High Risk,Moving Backward,Car,Foggy,Urban Road,Dry,Dusk,20.5937,78.9629,Evening
Rajkot,31-50,High Risk,Other,Bus,Hazy,Urban Road,Under Construction,Daylight,20.5937,78.9629,Morning
Rajkot,18-30,Low Risk,No priority to vehicle,Truck,Clear,Highways,Normal,Daylight,20.5937,78.9629,Evening
Rajkot,18-30,Low Risk,No priority to pedestrian,Pedestrian,Clear,Highways,Normal,Dark,20.5937,78.9629,Morning
Rajkot,18-30,Low Risk,Changing lane to the right,Pedestrian,Hazy,Highways,Normal,Daylight,20.5937,78.9629,Night
Rajkot,18-30,High Risk,Changing lane to the right,Auto-Rickshaw,Rainy,Urban Road,Dry,Daylight,20.5937,78.9629,Night
Rajkot,18-30,Low Risk,Changing lane to the right,Auto-Rickshaw,Clear,Highways,Normal,Dawn,20.5937,78.9629,Evening
Rajkot,18-30,Medium Risk,Driving to the left,Two-Wheeler,Clear,Highways,Normal,Daylight,20.5937,78.9629,Morning
Rajkot,31-50,High Risk,Changing lane to the left,Pedestrian,Hazy,Urban Road,Normal,Dawn,20.5937,78.9629,Afternoon
Rajkot,50+,High Risk,Moving Backward,Two-Wheeler,Clear,Urban Road,Dry,Daylight,20.5937,78.9629,Night
Rajkot,18-30,Medium Risk,Driving at high speed,Auto-Rickshaw,Clear,Village Road,Dry,Dawn,20.5937,78.9629,Morning
Rajkot,18-30,High Risk,Moving Backward,Bus,Clear,Urban Road,Normal,Dark,20.5937,78.9629,Afternoon
Rajkot,31-50,High Risk,No distancing,Bus,Rainy,Village Road,Wet,Dusk,20.5937,78.9629,Morning
Jodhpur,18-30,Medium Risk,Other,Truck,Hazy,Highways,Normal,Dawn,20.5937,78.9629,Night
Rajkot,50+,High Risk,No priority to vehicle,Truck,Stormy,Urban Road,Damaged,Dark,20.5937,78.9629,Night
Rajkot,18-30,High Risk,Changing lane to the right,Two-Wheeler,Clear,State Highway,Normal,Dusk,20.5937,78.9629,Afternoon
Rajkot,18-30,High Risk,Other,Bus,Clear,National Highway,Dry,Daylight,20.5937,78.9629,Night
Srinagar,18-30,High Risk,No distancing,Car,Stormy,State Highway,Under Construction,Daylight,20.5937,78.9629,Night
Srinagar,18-30,High Risk,Driving carelessly,Truck,Clear,Village Road,Wet,Dark,20.5937,78.9629,Morning
Srinagar,18-30,High Risk,No distancing,Auto-Rickshaw,Clear,Urban Road,Damaged,Daylight,20.5937,78.9629,Morning
Nashik,18-30,Medium Risk,Moving Backward,Car,Hazy,Highways,Normal,Dark,20.5937,78.9629,Evening
Srinagar,50+,Medium Risk,No distancing,Car,Rainy,State Highway,Damaged,Dark,20.5937,78.9629,Evening
Srinagar,50+,Medium Risk,Moving Backward,Bus,Clear,Urban Road,Dry,Daylight,20.5937,78.9629,Night
Srinagar,31-50,High Risk,No priority to pedestrian,Pedestrian,Clear,Urban Road,Under Construction,Daylight,20.5937,78.9629,Morning
Srinagar,18-30,Low Risk,Changing lane to the left,Car,Stormy,Highways,Normal,Dawn,20.5937,78.9629,Morning
Lucknow,18-30,Low Risk,No distancing,Truck,Clear,Highways,Normal,Dusk,26.8467,80.9462,Morning
Srinagar,18-30,High Risk,Other,Cycle,Clear,Village Road,Dry,Dark,20.5937,78.9629,Morning
Srinagar,18-30,High Risk,No distancing,Cycle,Stormy,National Highway,Wet,Daylight,20.5937,78.9629,Night
Srinagar,31-50,High Risk,No priority to pedestrian,Cycle,Rainy,Urban Road,Wet,Daylight,20.5937,78.9629,Night
Srinagar,18-30,High Risk,Moving Backward,Auto-Rickshaw,Clear,Village Road,Wet,Daylight,20.5937,78.9629,Afternoon
Srinagar,18-30,High Risk,No priority to pedestrian,Pedestrian,Clear,Village Road,Dry,Dusk,20.5937,78.9629,Afternoon
Srinagar,50+,High Risk,No distancing,Cycle,Clear,Urban Road,Under Construction,Dawn,20.5937,78.9629,Night
Vijaywada city,18-30,Low Risk,No priority to pedestrian,Car,Clear,Highways,Normal,Daylight,20.5937,78.9629,Night
Lucknow,18-30,Low Risk,Driving carelessly,Car,Stormy,Highways,Normal,Dawn,26.8467,80.9462,Morning
Srinagar,31-50,High Risk,Getting off the vehicle improperly,Car,Clear,National Highway,Wet,Dawn,20.5937,78.9629,Evening
Srinagar,31-50,High Risk,Driving carelessly,Car,Clear,Urban Road,Wet,Dark,20.5937,78.9629,Night
Srinagar,18-30,High Risk,Changing lane to the left,Two-Wheeler,Clear,Village Road,Under Construction,Dark,20.5937,78.9629,Night
Srinagar,18-30,Medium Risk,No priority to vehicle,Two-Wheeler,Hazy,Highways,Normal,Daylight,20.5937,78.9629,Evening
Srinagar,18-30,High Risk,Changing lane to the right,Cycle,Stormy,State Highway,Dry,Dusk,20.5937,78.9629,Afternoon
Srinagar,18-30,Medium Risk,Changing lane to the right,Auto-Rickshaw,Rainy,Urban Road,Dry,Dark,20.5937,78.9629,Morning
Indore,50+,Medium Risk,No distancing,Car,Clear,Highways,Normal,Daylight,20.5937,78.9629,Evening
Srinagar,18-30,High Risk,No distancing,Car,Clear,Village Road,Normal,Dawn,20.5937,78.9629,Afternoon
Srinagar,18-30,High Risk,Changing lane to the left,Two-Wheeler,Rainy,Urban Road,Wet,Daylight,20.5937,78.9629,Afternoon
Rajkot,18-30,Low Risk,Changing lane to the right,Two-Wheeler,Stormy,Highways,Normal,Dusk,20.5937,78.9629,Morning
Srinagar,50+,Low Risk,No priority to vehicle,Bus,Stormy,Highways,Normal,Daylight,20.5937,78.9629,Morning
Srinagar,18-30,High Risk,Changing lane to the left,Pedestrian,Hazy,Urban Road,Wet,Dark,20.5937,78.9629,Morning
Srinagar,18-30,High Risk,No priority to vehicle,Car,Clear,State Highway,Wet,Dusk,20.5937,78.9629,Night
Surat,18-30,High Risk,Moving Backward,Car,Clear,State Highway,Under Construction,Daylight,21.1702,72.8311,Evening
Surat,18-30,High Risk,Turnover,Cycle,Clear,National Highway,Dry,Dusk,21.1702,72.8311,Night
Surat,18-30,High Risk,No distancing,Bus,Clear,State Highway,Normal,Dusk,21.1702,72.8311,Morning
Surat,18-30,High Risk,No distancing,Auto-Rickshaw,Clear,National Highway,Dry,Dark,21.1702,72.8311,Night
Surat,50+,High Risk,No distancing,Car,Clear,Urban Road,Normal,Dark,21.1702,72.8311,Evening
Madurai,31-50,Low Risk,Changing lane to the left,Cycle,Hazy,Highways,Normal,Dawn,20.5937,78.9629,Evening
Surat,31-50,High Risk,No priority to vehicle,Cycle,Foggy,Urban Road,Wet,Dark,21.1702,72.8311,Morning
Surat,31-50,High Risk,Driving at high speed,Two-Wheeler,Stormy,State Highway,Damaged,Dawn,21.1702,72.8311,Afternoon
Surat,31-50,High Risk,Overtaking,Truck,Rainy,National Highway,Wet,Daylight,21.1702,72.8311,Night
Jaipur,18-30,Low Risk,Other,Car,Clear,Highways,Normal,Daylight,26.9124,75.7873,Afternoon
Surat,18-30,High Risk,Changing lane to the left,Car,Clear,State Highway,Damaged,Daylight,21.1702,72.8311,Evening
Surat,18-30,High Risk,No priority to pedestrian,Bus,Clear,National Highway,Normal,Dark,21.1702,72.8311,Night
Surat,50+,High Risk,Changing lane to the left,Car,Clear,Urban Road,Under Construction,Dark,21.1702,72.8311,Morning
Surat,18-30,High Risk,No distancing,Car,Hazy,Urban Road,Normal,Dark,21.1702,72.8311,Afternoon
Surat,31-50,High Risk,Moving Backward,Auto-Rickshaw,Hazy,National Highway,Damaged,Daylight,21.1702,72.8311,Night
Surat,18-30,High Risk,Changing lane to the left,Auto-Rickshaw,Clear,Urban Road,Under Construction,Dusk,21.1702,72.8311,Night
Surat,18-30,Medium Risk,Other,Pedestrian,Hazy,Urban Road,Under Construction,Dusk,21.1702,72.8311,Night
Surat,18-30,Medium Risk,No distancing,Two-Wheeler,Clear,State Highway,Wet,Daylight,21.1702,72.8311,Night
Surat,18-30,High Risk,Moving Backward,Truck,Clear,Village Road,Wet,Daylight,21.1702,72.8311,Afternoon
Surat,18-30,Low Risk,No distancing,Cycle,Stormy,Highways,Normal,Dark,21.1702,72.8311,Afternoon
Surat,50+,Medium Risk,Changing lane to the left,Two-Wheeler,Clear,State Highway,Under Construction,Dawn,21.1702,72.8311,Afternoon
Indore,18-30,Medium Risk,Changing lane to the left,Car,Rainy,Highways,Normal,Dawn,20.5937,78.9629,Night
Surat,18-30,High Risk,No priority to pedestrian,Two-Wheeler,Rainy,National Highway,Dry,Dark,21.1702,72.8311,Night
Surat,18-30,High Risk,Changing lane to the left,Car,Rainy,Urban Road,Damaged,Daylight,21.1702,72.8311,Afternoon
Surat,18-30,High Risk,Driving carelessly,Truck,Clear,National Highway,Damaged,Dusk,21.1702,72.8311,Afternoon
Surat,31-50,High Risk,Driving carelessly,Car,Clear,Urban Road,Wet,Daylight,21.1702,72.8311,Night
Surat,18-30,High Risk,No priority to pedestrian,Auto-Rickshaw,Clear,Village Road,Wet,Dawn,21.1702,72.8311,Afternoon
Surat,18-30,High Risk,Getting off the vehicle improperly,Car,Foggy,Village Road,Damaged,Dusk,21.1702,72.8311,Afternoon
Hyderabad,18-30,Low Risk,No distancing,Two-Wheeler,Stormy,Highways,Normal,Daylight,17.385,78.4867,Morning
Surat,18-30,High Risk,Changing lane to the left,Car,Foggy,Village Road,Under Construction,Daylight,21.1702,72.8311,Afternoon
Thiruvanthapuram,18-30,High Risk,No priority to vehicle,Car,Clear,State Highway,Damaged,Dawn,20.5937,78.9629,Evening
Jodhpur,18-30,Low Risk,No distancing,Pedestrian,Clear,Highways,Normal,Daylight,20.5937,78.9629,Night
Thiruvanthapuram,50+,High Risk,No priority to pedestrian,Truck,Clear,Highways,Normal,Daylight,20.5937,78.9629,Evening
Thiruvanthapuram,50+,High Risk,No priority to pedestrian,Bus,Clear,Urban Road,Wet,Daylight,20.5937,78.9629,Afternoon
Thiruvanthapuram,18-30,High Risk,No priority to vehicle,Auto-Rickshaw,Stormy,National Highway,Under Construction,Daylight,20.5937,78.9629,Evening
Kota,18-30,Low Risk,Driving carelessly,Pedestrian,Clear,Highways,Normal,Dark,20.5937,78.9629,Morning
Thiruvanthapuram,18-30,High Risk,Changing lane to the right,Truck,Foggy,Village Road,Under Construction,Daylight,20.5937,78.9629,Morning
Thiruvanthapuram,18-30,High Risk,Changing lane to the left,Two-Wheeler,Clear,State Highway,Wet,Daylight,20.5937,78.9629,Afternoon
Thiruvanthapuram,50+,High Risk,Moving Backward,Bus,Clear,National Highway,Dry,Daylight,20.5937,78.9629,Evening
Thiruvanthapuram,31-50,Low Risk,Driving carelessly,Car,Rainy,Highways,Normal,Dusk,20.5937,78.9629,Morning
Thiruvanthapuram,50+,High Risk,Driving to the left,Bus,Stormy,Village Road,Damaged,Dusk,20.5937,78.9629,Night
Thiruvanthapuram,18-30,Medium Risk,Driving to the left,Cycle,Clear,Highways,Normal,Dark,20.5937,78.9629,Evening
Thiruvanthapuram,50+,High Risk,No priority to pedestrian,Pedestrian,Foggy,State Highway,Wet,Dawn,20.5937,78.9629,Afternoon
Jodhpur,18-30,Medium Risk,Changing lane to the left,Cycle,Clear,Highways,Normal,Dark,20.5937,78.9629,Morning
Thiruvanthapuram,31-50,High Risk,Changing lane to the right,Cycle,Hazy,Urban Road,Damaged,Dark,20.5937,78.9629,Night
Thiruvanthapuram,18-30,High Risk,Driving carelessly,Two-Wheeler,Clear,Village Road,Dry,Dawn,20.5937,78.9629,Morning
Thiruvanthapuram,18-30,High Risk,No distancing,Car,Stormy,National Highway,Under Construction,Daylight,20.5937,78.9629,Morning
Thiruvanthapuram,18-30,High Risk,Getting off the vehicle improperly,Cycle,Clear,National Highway,Damaged,Dusk,20.5937,78.9629,Morning
Tiruchirapalli,31-50,Low Risk,Driving under the influence of drugs,Two-Wheeler,Rainy,Highways,Normal,Daylight,20.5937,78.9629,Morning
Thiruvanthapuram,18-30,High Risk,Changing lane to the right,Car,Clear,State Highway,Damaged,Daylight,20.5937,78.9629,Night
Thiruvanthapuram,18-30,High Risk,Driving carelessly,Pedestrian,Clear,Urban Road,Dry,Dawn,20.5937,78.9629,Night
Thiruvanthapuram,18-30,High Risk,Moving Backward,Auto-Rickshaw,Foggy,State Highway,Wet,Daylight,20.5937,78.9629,Evening
Thiruvanthapuram,31-50,High Risk,Turnover,Car,Hazy,Urban Road,Damaged,Daylight,20.5937,78.9629,Evening
Thiruvanthapuram,18-30,Low Risk,Changing lane to the right,Bus,Rainy,Highways,Normal,Dusk,20.5937,78.9629,Night
Thiruvanthapuram,50+,High Risk,Driving carelessly,Car,Hazy,National Highway,Dry,Dusk,20.5937,78.9629,Night
Jabalpur,18-30,Low Risk,No priority to vehicle,Truck,Stormy,Highways,Normal,Dark,20.5937,78.9629,Afternoon
Thiruvanthapuram,31-50,High Risk,Moving Backward,Car,Clear,State Highway,Damaged,Daylight,20.5937,78.9629,Morning
Thiruvanthapuram,50+,High Risk,Changing lane to the left,Cycle,Clear,Highways,Normal,Daylight,20.5937,78.9629,Morning
Thiruvanthapuram,18-30,High Risk,Overturning,Truck,Clear,Urban Road,Under Construction,Dusk,20.5937,78.9629,Night
Thiruvanthapuram,18-30,High Risk,No distancing,Car,Stormy,Urban Road,Dry,Dusk,20.5937,78.9629,Morning
Thrissur,31-50,Low Risk,Driving carelessly,Truck,Clear,Highways,Normal,Daylight,20.5937,78.9629,Afternoon
Thrissur,50+,High Risk,No distancing,Car,Clear,National Highway,Dry,Daylight,20.5937,78.9629,Morning
Thrissur,18-30,High Risk,Changing lane to the left,Auto-Rickshaw,Clear,National Highway,Under Construction,Dusk,20.5937,78.9629,Evening
Thrissur,31-50,High Risk,No priority to pedestrian,Bus,Clear,State Highway,Dry,Dark,20.5937,78.9629,Afternoon
Thrissur,31-50,High Risk,No distancing,Two-Wheeler,Clear,Village Road,Wet,Daylight,20.5937,78.9629,Night
Thrissur,31-50,High Risk,No distancing,Pedestrian,Hazy,Village Road,Dry,Dark,20.5937,78.9629,Night
Thrissur,18-30,High Risk,Changing lane to the left,Auto-Rickshaw,Clear,Village Road,Dry,Dusk,20.5937,78.9629,Morning
Thrissur,18-30,High Risk,No distancing,Bus,Clear,Village Road,Dry,Dawn,20.5937,78.9629,Morning
Thrissur,18-30,High Risk,Changing lane to the left,Bus,Clear,Highways,Normal,Dusk,20.5937,78.9629,Morning
Coimbatore,18-30,Low Risk,No distancing,Truck,Hazy,Highways,Normal,Dark,20.5937,78.9629,Morning
Thrissur,18-30,High Risk,No distancing,Cycle,Clear,State Highway,Dry,Daylight,20.5937,78.9629,Morning
Thrissur,18-30,High Risk,No distancing,Cycle,Hazy,Village Road,Damaged,Dawn,20.5937,78.9629,Morning
Thrissur,18-30,High Risk,Changing lane to the left,Cycle,Clear,National Highway,Dry,Dark,20.5937,78.9629,Morning
Thrissur,18-30,Low Risk,Changing lane to the right,Two-Wheeler,Clear,Highways,Normal,Daylight,20.5937,78.9629,Evening
Thrissur,50+,High Risk,Moving Backward,Cycle,Clear,State Highway,Under Construction,Dark,20.5937,78.9629,Night
Bengaluru,18-30,Medium Risk,Changing lane to the right,Car,Clear,Highways,Normal,Daylight,12.9716,77.5946,Afternoon
Thrissur,18-30,High Risk,No distancing,Cycle,Foggy,Highways,Normal,Dusk,20.5937,78.9629,Night
Vijaywada city,18-30,Low Risk,Overtaking,Auto-Rickshaw,Stormy,Highways,Normal,Daylight,20.5937,78.9629,Morning
Thrissur,50+,Medium Risk,Other,Bus,Clear,Highways,Normal,Dawn,20.5937,78.9629,Morning
Kolkata,50+,Medium Risk,Other,Bus,Stormy,Highways,Normal,Dawn,22.5726,88.3639,Night
Thrissur,18-30,High Risk,Changing lane to the right,Pedestrian,Stormy,National Highway,Dry,Daylight,20.5937,78.9629,Night
Thrissur,18-30,Low Risk,No priority to pedestrian,Car,Foggy,Highways,Normal,Daylight,20.5937,78.9629,Morning
Varanasi,18-30,Medium Risk,No priority to vehicle,Cycle,Hazy,Highways,Normal,Dusk,25.3176,82.9739,Night
Thrissur,18-30,High Risk,Changing lane to the left,Truck,Foggy,National Highway,Normal,Daylight,20.5937,78.9629,Night
Thrissur,31-50,Medium Risk,Changing lane to the left,Pedestrian,Hazy,Highways,Normal,Dark,20.5937,78.9629,Afternoon
Faridabad,50+,Low Risk,Overtaking,Cycle,Foggy,Highways,Normal,Dawn,20.5937,78.9629,Afternoon
Thrissur,18-30,High Risk,No distancing,Two-Wheeler,Clear,National Highway,Damaged,Dark,20.5937,78.9629,Night
Thrissur,31-50,Low Risk,No priority to vehicle,Car,Clear,Highways,Normal,Dawn,20.5937,78.9629,Afternoon
Thrissur,18-30,High Risk,Changing lane to the right,Car,Clear,State Highway,Wet,Daylight,20.5937,78.9629,Night
Thrissur,18-30,High Risk,Changing lane to the left,Truck,Clear,State Highway,Under Construction,Daylight,20.5937,78.9629,Afternoon
Tiruchirapalli,18-30,High Risk,No distancing,Bus,Stormy,Urban Road,Wet,Dusk,20.5937,78.9629,Morning
Tiruchirapalli,18-30,Medium Risk,Driving carelessly,Car,Hazy,Highways,Normal,Dusk,20.5937,78.9629,Night
Tiruchirapalli,18-30,Low Risk,No priority to pedestrian,Car,Clear,Highways,Normal,Daylight,20.5937,78.9629,Morning
Tiruchirapalli,50+,Low Risk,Driving carelessly,Car,Hazy,Highways,Normal,Dawn,20.5937,78.9629,Morning
Tiruchirapalli,31-50,High Risk,Moving Backward,Two-Wheeler,Clear,Village Road,Normal,Dark,20.5937,78.9629,Evening
Tiruchirapalli,18-30,High Risk,No distancing,Auto-Rickshaw,Hazy,Village Road,Wet,Dusk,20.5937,78.9629,Afternoon
Tiruchirapalli,18-30,High Risk,No distancing,Car,Rainy,Urban Road,Dry,Dusk,20.5937,78.9629,Afternoon
Tiruchirapalli,31-50,High Risk,No distancing,Pedestrian,Rainy,Urban Road,Damaged,Daylight,20.5937,78.9629,Morning
Tiruchirapalli,31-50,High Risk,Changing lane to the left,Car,Clear,Village Road,Wet,Dawn,20.5937,78.9629,Afternoon
Tiruchirapalli,18-30,High Risk,Changing lane to the left,Car,Clear,Highways,Normal,Daylight,20.5937,78.9629,Morning
Tiruchirapalli,18-30,High Risk,Moving Backward,Truck,Rainy,State Highway,Under Construction,Daylight,20.5937,78.9629,Morning
Tiruchirapalli,18-30,High Risk,Changing lane to the right,Cycle,Clear,Urban Road,Damaged,Daylight,20.5937,78.9629,Morning
Tiruchirapalli,18-30,High Risk,No priority to vehicle,Bus,Foggy,State Highway,Under Construction,Dusk,20.5937,78.9629,Night
Tiruchirapalli,18-30,Medium Risk,Moving Backward,Truck,Foggy,Urban Road,Under Construction,Daylight,20.5937,78.9629,Morning
Tiruchirapalli,18-30,Medium Risk,Driving carelessly,Truck,Stormy,Village Road,Under Construction,Daylight,20.5937,78.9629,Night
Tiruchirapalli,18-30,High Risk,Driving carelessly,Auto-Rickshaw,Clear,Highways,Normal,Daylight,20.5937,78.9629,Morning
Tiruchirapalli,50+,High Risk,Driving under the influence of drugs,Truck,Stormy,Village Road,Normal,Dawn,20.5937,78.9629,Afternoon
Asansol Durgapur,18-30,Low Risk,No priority to pedestrian,Pedestrian,Clear,Highways,Normal,Dusk,20.5937,78.9629,Evening
Tiruchirapalli,31-50,High Risk,No priority to vehicle,Car,Hazy,Urban Road,Dry,Daylight,20.5937,78.9629,Afternoon
Tiruchirapalli,18-30,High Risk,Driving carelessly,Auto-Rickshaw,Stormy,State Highway,Under Construction,Dawn,20.5937,78.9629,Night
Tiruchirapalli,18-30,Medium Risk,Moving Backward,Bus,Stormy,National Highway,Wet,Dusk,20.5937,78.9629,Afternoon
Tiruchirapalli,31-50,Medium Risk,Driving carelessly,Bus,Clear,Urban Road,Under Construction,Daylight,20.5937,78.9629,Morning
Tiruchirapalli,18-30,High Risk,No priority to vehicle,Auto-Rickshaw,Clear,National Highway,Wet,Daylight,20.5937,78.9629,Night
Tiruchirapalli,18-30,High Risk,Changing lane to the right,Car,Clear,Urban Road,Normal,Dark,20.5937,78.9629,Afternoon
Jaipur,18-30,Low Risk,Changing lane to the left,Bus,Rainy,Highways,Normal,Daylight,26.9124,75.7873,Night
Indore,18-30,Low Risk,No priority to vehicle,Auto-Rickshaw,Foggy,Highways,Normal,Dawn,20.5937,78.9629,Night