Million_Plus_Cities,Age_band_of_driver,Accident_severity,Cause_of_accident,Vehicle Type Involved,Weather Conditions,Road Type,Road Condition,Lighting Conditions,Latitude,Longitude,Time_Block
Tiruchirapalli,18-30,High Risk,Driving carelessly,Truck,Foggy,Urban Road,Normal,Dawn,20.5937,78.9629,Afternoon
Tiruchirapalli,18-30,High Risk,Moving Backward,Truck,Rainy,Village Road,Damaged,Daylight,20.5937,78.9629,Evening
Tiruchirapalli,31-50,High Risk,No distancing,Auto-Rickshaw,Stormy,Village Road,Under Construction,Dawn,20.5937,78.9629,Night
Tiruchirapalli,18-30,Medium Risk,Changing lane to the left,Pedestrian,Clear,National Highway,Damaged,Dark,20.5937,78.9629,Night
Vadodra,50+,Medium Risk,Changing lane to the left,Two-Wheeler,Clear,Urban Road,Dry,Daylight,20.5937,78.9629,Morning
Chennai,18-30,Medium Risk,No distancing,Cycle,Clear,Highways,Normal,Dusk,13.0827,80.2707,Evening
Faridabad,18-30,Low Risk,Changing lane to the left,Truck,Clear,Highways,Normal,Dusk,20.5937,78.9629,Afternoon
Vadodra,18-30,High Risk,Driving carelessly,Two-Wheeler,Foggy,Village Road,Damaged,Dawn,20.5937,78.9629,Afternoon
Vadodra,18-30,High Risk,Changing lane to the left,Bus,Clear,State Highway,Under Construction,Dawn,20.5937,78.9629,Night
Amritsar,31-50,Low Risk,No distancing,Bus,Stormy,Highways,Normal,Daylight,20.5937,78.9629,Night
Vadodra,18-30,High Risk,Changing lane to the right,Pedestrian,Rainy,Urban Road,Damaged,Dark,20.5937,78.9629,Night
Srinagar,18-30,Low Risk,No distancing,Two-Wheeler,Hazy,Highways,Normal,Daylight,20.5937,78.9629,Afternoon
Vadodra,31-50,High Risk,Driving to the left,Truck,Rainy,National Highway,Wet,Daylight,20.5937,78.9629,Afternoon
Vadodra,18-30,High Risk,No distancing,Pedestrian,Clear,Village Road,Dry,Daylight,20.5937,78.9629,Afternoon
Vadodra,18-30,Medium Risk,Overtaking,Auto-Rickshaw,Clear,State Highway,Under Construction,Dawn,20.5937,78.9629,Night
Vadodra,18-30,Medium Risk,Driving under the influence of drugs,Truck,Stormy,Village Road,Dry,Daylight,20.5937,78.9629,Evening
Chandigarh,18-30,Low Risk,No priority to pedestrian,Pedestrian,Clear,Highways,Normal,Dusk,20.5937,78.9629,Evening
Vadodra,31-50,Low Risk,Moving Backward,Auto-Rickshaw,Hazy,Highways,Normal,Dark,20.5937,78.9629,Night
Kolkata,18-30,Medium Risk,Changing lane to the right,Two-Wheeler,Foggy,Highways,Normal,Daylight,22.5726,88.3639,Morning
Ludhiana,18-30,Low Risk,Changing lane to the left,Car,Clear,Highways,Normal,Daylight,20.5937,78.9629,Morning
Vadodra,18-30,High Risk,Changing lane to the right,Truck,Clear,National Highway,Damaged,Daylight,20.5937,78.9629,Night
Lucknow,50+,Medium Risk,Driving under the influence of drugs,Pedestrian,Clear,Highways,Normal,Dark,26.8467,80.9462,Night
Ahmedabad,18-30,Low Risk,No priority to vehicle,Bus,Clear,Highways,Normal,Daylight,23.0225,72.5714,Morning
Vadodra,18-30,High Risk,No priority to vehicle,Car,Hazy,National Highway,Damaged,Daylight,20.5937,78.9629,Morning
Vadodra,18-30,High Risk,Changing lane to the left,Pedestrian,Clear,Highways,Normal,Dawn,20.5937,78.9629,Afternoon
Vadodra,18-30,Low Risk,Changing lane to the right,Two-Wheeler,Rainy,Highways,Normal,Daylight,20.5937,78.9629,Evening
Vadodra,18-30,High Risk,Changing lane to the right,Bus,Rainy,State Highway,Dry,Dark,20.5937,78.9629,Morning
Vadodra,18-30,High Risk,Changing lane to the left,Pedestrian,Stormy,Highways,Normal,Daylight,20.5937,78.9629,Evening
Kollam,50+,Low Risk,Changing lane to the left,Auto-Rickshaw,Clear,Highways,Normal,Dawn,20.5937,78.9629,Night
Vadodra,18-30,Medium Risk,Getting off the vehicle improperly,Car,Clear,Urban Road,Under Construction,Dark,20.5937,78.9629,Afternoon
Vadodra,31-50,Medium Risk,Overtaking,Auto-Rickshaw,Clear,National Highway,Damaged,Dusk,20.5937,78.9629,Night
Vadodra,18-30,Low Risk,Changing lane to the left,Pedestrian,Clear,Highways,Normal,Dusk,20.5937,78.9629,Evening
Vadodra,31-50,High Risk,Driving under the influence of drugs,Auto-Rickshaw,Foggy,National Highway,Damaged,Dawn,20.5937,78.9629,Night
Vadodra,18-30,Medium Risk,Driving carelessly,Car,Clear,National Highway,Normal,Dawn,20.5937,78.9629,Morning
Varanasi,50+,Medium Risk,Moving Backward,Two-Wheeler,Hazy,Highways,Normal,Daylight,25.3176,82.9739,Afternoon
Varanasi,18-30,Low Risk,No distancing,Cycle,Clear,Highways,Normal,Dusk,25.3176,82.9739,Evening
Varanasi,18-30,Low Risk,No priority to vehicle,Pedestrian,Clear,Highways,Normal,Daylight,25.3176,82.9739,Afternoon
Varanasi,18-30,High Risk,Overturning,Auto-Rickshaw,Clear,National Highway,Damaged,Dark,25.3176,82.9739,Afternoon
Varanasi,50+,Low Risk,Changing lane to the left,Car,Clear,Highways,Normal,Daylight,25.3176,82.9739,Morning
Varanasi,18-30,Low Risk,No distancing,Truck,Clear,Highways,Normal,Dusk,25.3176,82.9739,Night
Varanasi,18-30,Medium Risk,Moving Backward,Auto-Rickshaw,Clear,Village Road,Dry,Daylight,25.3176,82.9739,Night
Chandigarh,50+,Low Risk,No priority to vehicle,Cycle,Foggy,Highways,Normal,Daylight,20.5937,78.9629,Afternoon
Varanasi,18-30,Low Risk,No priority to vehicle,Cycle,Foggy,Highways,Normal,Dark,25.3176,82.9739,Night
Pune,18-30,Low Risk,No distancing,Bus,Clear,Highways,Normal,Daylight,18.5204,73.8567,Night
Varanasi,18-30,Low Risk,No distancing,Bus,Clear,Highways,Normal,Dawn,25.3176,82.9739,Morning
Varanasi,50+,High Risk,Overtaking,Car,Clear,Village Road,Normal,Dark,25.3176,82.9739,Night
Varanasi,18-30,High Risk,Driving under the influence of drugs,Pedestrian,Rainy,Village Road,Under Construction,Dawn,25.3176,82.9739,Night
Varanasi,18-30,High Risk,Changing lane to the right,Truck,Clear,National Highway,Wet,Dawn,25.3176,82.9739,Evening
Varanasi,18-30,High Risk,Changing lane to the left,Two-Wheeler,Clear,Village Road,Under Construction,Dark,25.3176,82.9739,Night
Varanasi,50+,Medium Risk,Driving carelessly,Pedestrian,Clear,Urban Road,Damaged,Dusk,25.3176,82.9739,Afternoon
Varanasi,31-50,High Risk,Moving Backward,Car,Clear,Village Road,Damaged,Daylight,25.3176,82.9739,Night
Varanasi,31-50,High Risk,Moving Backward,Car,Clear,State Highway,Dry,Daylight,25.3176,82.9739,Morning
Varanasi,31-50,High Risk,Changing lane to the right,Bus,Clear,National Highway,Wet,Dawn,25.3176,82.9739,Afternoon
Varanasi,18-30,Low Risk,No priority to vehicle,Car,Clear,Highways,Normal,Daylight,25.3176,82.9739,Morning
Varanasi,18-30,High Risk,Driving at high speed,Cycle,Hazy,Urban Road,Wet,Dusk,25.3176,82.9739,Evening
Varanasi,18-30,High Risk,Driving under the influence of drugs,Car,Foggy,Village Road,Wet,Dusk,25.3176,82.9739,Afternoon
Varanasi,18-30,High Risk,Changing lane to the right,Two-Wheeler,Hazy,National Highway,Wet,Daylight,25.3176,82.9739,Night
Varanasi,50+,High Risk,Driving carelessly,Cycle,Clear,Urban Road,Damaged,Dawn,25.3176,82.9739,Night
Varanasi,18-30,High Risk,No distancing,Bus,Hazy,Village Road,Wet,Dark,25.3176,82.9739,Morning
Varanasi,50+,High Risk,Changing lane to the left,Cycle,Clear,Village Road,Dry,Daylight,25.3176,82.9739,Afternoon
Nashik,18-30,Low Risk,No distancing,Car,Hazy,Highways,Normal,Daylight,20.5937,78.9629,Night
Varanasi,31-50,High Risk,No distancing,Car,Hazy,Village Road,Wet,Daylight,25.3176,82.9739,Morning
Varanasi,18-30,Low Risk,Getting off the vehicle improperly,Bus,Stormy,Highways,Normal,Dusk,25.3176,82.9739,Night
Varanasi,18-30,Medium Risk,Overtaking,Cycle,Hazy,Highways,Normal,Dusk,25.3176,82.9739,Morning
Vijaywada city,18-30,High Risk,Driving carelessly,Truck,Clear,State Highway,Wet,Daylight,20.5937,78.9629,Afternoon
Aurangabad,31-50,Low Risk,Driving under the influence of drugs,Car,Clear,Highways,Normal,Daylight,20.5937,78.9629,Afternoon
Vijaywada city,18-30,High Risk,Moving Backward,Bus,Foggy,National Highway,Normal,Daylight,20.5937,78.9629,Evening
Vijaywada city,50+,High Risk,Overturning,Pedestrian,Foggy,Urban Road,Under Construction,Daylight,20.5937,78.9629,Evening
Vijaywada city,31-50,High Risk,Driving under the influence of drugs,Car,Foggy,National Highway,Wet,Dawn,20.5937,78.9629,Night
Vijaywada city,18-30,High Risk,Changing lane to the right,Pedestrian,Rainy,Urban Road,Wet,Daylight,20.5937,78.9629,Afternoon
Vijaywada city,31-50,High Risk,Changing lane to the left,Truck,Clear,National Highway,Under Construction,Daylight,20.5937,78.9629,Afternoon
Vijaywada city,31-50,High Risk,No distancing,Auto-Rickshaw,Stormy,Highways,Normal,Daylight,20.5937,78.9629,Morning
Nashik,31-50,Medium Risk,No distancing,Cycle,Rainy,Highways,Normal,Dusk,20.5937,78.9629,Night
Thiruvanthapuram,31-50,Low Risk,No priority to vehicle,Pedestrian,Stormy,Highways,Normal,Dark,20.5937,78.9629,Morning
Vijaywada city,18-30,High Risk,Moving Backward,Pedestrian,Hazy,Highways,Normal,Daylight,20.5937,78.9629,Night
Vijaywada city,31-50,High Risk,Moving Backward,Pedestrian,Foggy,Village Road,Wet,Dawn,20.5937,78.9629,Afternoon
Vijaywada city,18-30,Medium Risk,Getting off the vehicle improperly,Bus,Rainy,Village Road,Damaged,Daylight,20.5937,78.9629,Afternoon
Vijaywada city,31-50,Medium Risk,Changing lane to the left,Pedestrian,Clear,Urban Road,Normal,Dusk,20.5937,78.9629,Night
Vijaywada city,18-30,Low Risk,Changing lane to the left,Auto-Rickshaw,Foggy,Highways,Normal,Dusk,20.5937,78.9629,Afternoon
Vijaywada city,18-30,Medium Risk,No priority to vehicle,Bus,Clear,Urban Road,Dry,Daylight,20.5937,78.9629,Morning
Vijaywada city,18-30,Medium Risk,Changing lane to the right,Two-Wheeler,Hazy,Village Road,Wet,Daylight,20.5937,78.9629,Evening
Vijaywada city,18-30,Low Risk,Changing lane to the right,Car,Foggy,Highways,Normal,Dawn,20.5937,78.9629,Afternoon
Vijaywada city,31-50,High Risk,Driving carelessly,Pedestrian,Clear,Urban Road,Damaged,Dawn,20.5937,78.9629,Afternoon
Vijaywada city,31-50,Low Risk,Changing lane to the left,Pedestrian,Foggy,Highways,Normal,Dark,20.5937,78.9629,Night
Vijaywada city,18-30,High Risk,Changing lane to the right,Cycle,Stormy,State Highway,Dry,Daylight,20.5937,78.9629,Evening
Vijaywada city,18-30,Medium Risk,Driving under the influence of drugs,Truck,Clear,State Highway,Under Construction,Daylight,20.5937,78.9629,Evening
Vijaywada city,18-30,Medium Risk,Driving carelessly,Auto-Rickshaw,Clear,National Highway,Wet,Daylight,20.5937,78.9629,Morning
Vijaywada city,18-30,Low Risk,No distancing,Two-Wheeler,Rainy,Highways,Normal,Daylight,20.5937,78.9629,Afternoon
Vijaywada city,18-30,Low Risk,No priority to vehicle,Two-Wheeler,Rainy,Highways,Normal,Dusk,20.5937,78.9629,Afternoon
Vijaywada city,18-30,High Risk,No priority to vehicle,Pedestrian,Clear,National Highway,Damaged,Dusk,20.5937,78.9629,Night
Vijaywada city,31-50,High Risk,No priority to vehicle,Cycle,Clear,Urban Road,Normal,Dark,20.5937,78.9629,Afternoon
Ahmedabad,18-30,Medium Risk,Changing lane to the left,Truck,Clear,Highways,Normal,Daylight,23.0225,72.5714,Night
Vijaywada city,31-50,High Risk,Moving Backward,Cycle,Clear,State Highway,Dry,Dawn,20.5937,78.9629,Afternoon
Vijaywada city,31-50,High Risk,Driving carelessly,Car,Hazy,Urban Road,Under Construction,Dusk,20.5937,78.9629,Morning
Vizaq,18-30,High Risk,Driving under the influence of drugs,Two-Wheeler,Rainy,Urban Road,Wet,Dawn,20.5937,78.9629,Night
Vizaq,50+,High Risk,Changing lane to the right,Auto-Rickshaw,Rainy,State Highway,Damaged,Dawn,20.5937,78.9629,Evening
Vizaq,18-30,High Risk,No priority to vehicle,Truck,Clear,Village Road,Under Construction,Daylight,20.5937,78.9629,Morning
Vizaq,31-50,High Risk,Changing lane to the right,Cycle,Stormy,Urban Road,Wet,Dark,20.5937,78.9629,Evening
Vizaq,18-30,Medium Risk,Driving to the left,Two-Wheeler,Rainy,Highways,Normal,Dusk,20.5937,78.9629,Morning
Vizaq,18-30,Low Risk,Moving Backward,Car,Rainy,Highways,Normal,Dawn,20.5937,78.9629,Morning
Vizaq,18-30,High Risk,No priority to vehicle,Pedestrian,Stormy,Urban Road,Damaged,Daylight,20.5937,78.9629,Night
Chennai,18-30,Low Risk,No distancing,Bus,Foggy,Highways,Normal,Daylight,13.0827,80.2707,Night
Vizaq,18-30,High Risk,Driving carelessly,Car,Foggy,National Highway,Damaged,Daylight,20.5937,78.9629,Night
Vizaq,31-50,High Risk,Changing lane to the left,Car,Rainy,Urban Road,Under Construction,Dark,20.5937,78.9629,Night
Jamshedpur,31-50,Low Risk,No priority to vehicle,Auto-Rickshaw,Stormy,Highways,Normal,Daylight,20.5937,78.9629,Evening
Vizaq,18-30,High Risk,No priority to vehicle,Two-Wheeler,Foggy,Village Road,Dry,Daylight,20.5937,78.9629,Night
Vizaq,50+,High Risk,No distancing,Truck,Clear,National Highway,Damaged,Dawn,20.5937,78.9629,Morning
Vizaq,18-30,High Risk,Driving to the left,Car,Clear,Highways,Normal,Dawn,20.5937,78.9629,Morning
Vizaq,18-30,Low Risk,Driving carelessly,Cycle,Clear,Highways,Normal,Daylight,20.5937,78.9629,Morning
Vizaq,18-30,High Risk,Driving carelessly,Cycle,Clear,National Highway,Under Construction,Daylight,20.5937,78.9629,Night
Vizaq,31-50,High Risk,Changing lane to the right,Pedestrian,Stormy,National Highway,Dry,Daylight,20.5937,78.9629,Night
Vizaq,50+,High Risk,Driving carelessly,Auto-Rickshaw,Clear,Village Road,Under Construction,Daylight,20.5937,78.9629,Evening
Vizaq,18-30,High Risk,Changing lane to the left,Car,Foggy,State Highway,Dry,Dusk,20.5937,78.9629,Morning
Vizaq,18-30,Low Risk,Driving carelessly,Cycle,Clear,Highways,Normal,Daylight,20.5937,78.9629,Evening
Vizaq,18-30,Medium Risk,Driving carelessly,Two-Wheeler,Rainy,National Highway,Damaged,Dusk,20.5937,78.9629,Night
Vizaq,31-50,Medium Risk,Driving under the influence of drugs,Car,Clear,Village Road,Dry,Dawn,20.5937,78.9629,Evening
Vizaq,18-30,High Risk,Driving carelessly,Cycle,Rainy,State Highway,Dry,Daylight,20.5937,78.9629,Evening
Vizaq,50+,High Risk,No distancing,Pedestrian,Stormy,Village Road,Dry,Dusk,20.5937,78.9629,Night
Vizaq,31-50,High Risk,Driving carelessly,Car,Clear,State Highway,Under Construction,Dark,20.5937,78.9629,Afternoon
Vizaq,31-50,High Risk,Driving to the left,Car,Hazy,Urban Road,Wet,Dawn,20.5937,78.9629,Night
Vizaq,31-50,High Risk,Overtaking,Cycle,Stormy,State Highway,Dry,Daylight,20.5937,78.9629,Night
Vizaq,31-50,High Risk,No distancing,Car,Clear,State Highway,Under Construction,Daylight,20.5937,78.9629,Afternoon
Vizaq,31-50,Low Risk,Driving carelessly,Pedestrian,Foggy,Highways,Normal,Daylight,20.5937,78.9629,Afternoon
Vizaq,50+,High Risk,No priority to vehicle,Car,Clear,State Highway,Wet,Daylight,20.5937,78.9629,Evening
Agra,50+,High Risk,No priority to vehicle,Cycle,Clear,National Highway,Dry,Dark,27.1767,78.0081,Morning
Agra,18-30,High Risk,No priority to vehicle,Pedestrian,Hazy,National Highway,Wet,Dark,27.1767,78.0081,Morning
Agra,31-50,High Risk,No priority to vehicle,Pedestrian,Stormy,Urban Road,Normal,Daylight,27.1767,78.0081,Afternoon
Agra,50+,Medium Risk,No distancing,Truck,Clear,Village Road,Dry,Dark,27.1767,78.0081,Morning
Asansol Durgapur,31-50,Low Risk,Moving Backward,Auto-Rickshaw,Clear,Highways,Normal,Dawn,20.5937,78.9629,Afternoon
Agra,31-50,Medium Risk,No distancing,Pedestrian,Clear,Village Road,Damaged,Dusk,27.1767,78.0081,Morning
Agra,18-30,Medium Risk,Changing lane to the left,Two-Wheeler,Stormy,Village Road,Wet,Dusk,27.1767,78.0081,Night
Agra,18-30,Medium Risk,Changing lane to the left,Car,Hazy,Urban Road,Damaged,Daylight,27.1767,78.0081,Afternoon
Agra,31-50,High Risk,No priority to pedestrian,Auto-Rickshaw,Rainy,Highways,Normal,Dawn,27.1767,78.0081,Afternoon
Khozikode,31-50,Low Risk,Moving Backward,Car,Stormy,Highways,Normal,Dark,20.5937,78.9629,Evening
Agra,18-30,High Risk,Changing lane to the left,Car,Clear,Village Road,Damaged,Dark,27.1767,78.0081,Afternoon
Agra,31-50,High Risk,No distancing,Pedestrian,Clear,Village Road,Under Construction,Daylight,27.1767,78.0081,Evening
Agra,31-50,Medium Risk,No priority to vehicle,Auto-Rickshaw,Clear,Village Road,Wet,Dark,27.1767,78.0081,Night
Agra,18-30,Low Risk,Changing lane to the right,Cycle,Clear,Highways,Normal,Dark,27.1767,78.0081,Night
Agra,18-30,Medium Risk,No distancing,Car,Clear,National Highway,Dry,Daylight,27.1767,78.0081,Afternoon
Agra,18-30,Low Risk,No distancing,Pedestrian,Clear,Highways,Normal,Dusk,27.1767,78.0081,Evening
Agra,18-30,High Risk,Getting off the vehicle improperly,Truck,Clear,National Highway,Under Construction,Dawn,27.1767,78.0081,Afternoon
Agra,18-30,High Risk,No priority to pedestrian,Car,Clear,Urban Road,Damaged,Dark,27.1767,78.0081,Afternoon
Agra,18-30,High Risk,Changing lane to the left,Auto-Rickshaw,Clear,National Highway,Under Construction,Daylight,27.1767,78.0081,Morning
Jaipur,18-30,Low Risk,No distancing,Car,Clear,Highways,Normal,Daylight,26.9124,75.7873,Morning
Agra,18-30,Low Risk,Driving carelessly,Bus,Foggy,Highways,Normal,Dawn,27.1767,78.0081,Morning
Agra,50+,Medium Risk,No distancing,Pedestrian,Stormy,Highways,Normal,Daylight,27.1767,78.0081,Night
Agra,31-50,Medium Risk,Changing lane to the right,Two-Wheeler,Clear,State Highway,Wet,Daylight,27.1767,78.0081,Evening
Agra,31-50,High Risk,Overtaking,Pedestrian,Clear,National Highway,Under Construction,Dusk,27.1767,78.0081,Night
Agra,18-30,High Risk,Driving carelessly,Cycle,Foggy,Village Road,Dry,Dark,27.1767,78.0081,Afternoon
Agra,18-30,High Risk,Moving Backward,Pedestrian,Hazy,Urban Road,Normal,Dark,27.1767,78.0081,Night
Agra,18-30,Medium Risk,No distancing,Bus,Clear,Village Road,Normal,Daylight,27.1767,78.0081,Morning
Agra,18-30,High Risk,Overtaking,Truck,Clear,Village Road,Damaged,Dusk,27.1767,78.0081,Evening
Agra,50+,High Risk,Driving carelessly,Cycle,Hazy,National Highway,Damaged,Daylight,27.1767,78.0081,Night
Agra,18-30,High Risk,Driving carelessly,Auto-Rickshaw,Clear,State Highway,Wet,Dawn,27.1767,78.0081,Morning
Agra,18-30,High Risk,Moving Backward,Auto-Rickshaw,Stormy,National Highway,Dry,Dawn,27.1767,78.0081,Afternoon
Agra,31-50,High Risk,Driving carelessly,Cycle,Rainy,Village Road,Under Construction,Daylight,27.1767,78.0081,Evening
Agra,31-50,High Risk,Driving to the left,Cycle,Foggy,Highways,Normal,Dark,27.1767,78.0081,Evening
Vijaywada city,31-50,Low Risk,Changing lane to the left,Pedestrian,Rainy,Highways,Normal,Dawn,20.5937,78.9629,Morning
Agra,18-30,High Risk,No distancing,Auto-Rickshaw,Rainy,State Highway,Under Construction,Dusk,27.1767,78.0081,Night
Agra,50+,High Risk,No distancing,Cycle,Stormy,National Highway,Dry,Dark,27.1767,78.0081,Morning
Agra,18-30,Medium Risk,Changing lane to the right,Auto-Rickshaw,Clear,Highways,Normal,Daylight,27.1767,78.0081,Afternoon
Agra,18-30,High Risk,Driving under the influence of drugs,Cycle,Clear,National Highway,Normal,Dawn,27.1767,78.0081,Evening
Agra,18-30,High Risk,Changing lane to the right,Pedestrian,Hazy,Urban Road,Dry,Dawn,27.1767,78.0081,Evening
Agra,31-50,High Risk,Changing lane to the left,Pedestrian,Foggy,Village Road,Damaged,Daylight,27.1767,78.0081,Morning
Ahmedabad,50+,Medium Risk,Moving Backward,Cycle,Foggy,Highways,Normal,Dawn,23.0225,72.5714,Evening
Kannur,31-50,Low Risk,No distancing,Car,Hazy,Highways,Normal,Daylight,20.5937,78.9629,Afternoon
Ahmedabad,18-30,High Risk,Changing lane to the right,Bus,Stormy,Urban Road,Under Construction,Dawn,23.0225,72.5714,Morning
Ahmedabad,18-30,High Risk,Moving Backward,Auto-Rickshaw,Rainy,National Highway,Damaged,Daylight,23.0225,72.5714,Evening
Ahmedabad,50+,High Risk,No distancing,Car,Clear,Village Road,Damaged,Dawn,23.0225,72.5714,Morning
Ahmedabad,18-30,Medium Risk,Driving to the left,Pedestrian,Hazy,Urban Road,Damaged,Dawn,23.0225,72.5714,Morning
Ahmedabad,18-30,High Risk,Driving to the left,Cycle,Clear,Urban Road,Damaged,Daylight,23.0225,72.5714,Morning
Ahmedabad,31-50,High Risk,Moving Backward,Cycle,Rainy,State Highway,Dry,Daylight,23.0225,72.5714,Night
Ahmedabad,18-30,High Risk,Moving Backward,Pedestrian,Foggy,Village Road,Under Construction,Dark,23.0225,72.5714,Afternoon
Ahmedabad,31-50,Low Risk,Overtaking,Two-Wheeler,Clear,Highways,Normal,Dawn,23.0225,72.5714,Morning
Ahmedabad,31-50,High Risk,Driving carelessly,Two-Wheeler,Rainy,National Highway,Wet,Daylight,23.0225,72.5714,Evening
Ahmedabad,31-50,High Risk,Changing lane to the left,Auto-Rickshaw,Rainy,Village Road,Normal,Daylight,23.0225,72.5714,Morning
Ahmedabad,31-50,High Risk,Driving under the influence of drugs,Truck,Clear,Village Road,Wet,Dawn,23.0225,72.5714,Morning
Ahmedabad,18-30,High Risk,No distancing,Two-Wheeler,Clear,Highways,Normal,Dark,23.0225,72.5714,Morning
Ahmedabad,18-30,High Risk,Moving Backward,Cycle,Hazy,Village Road,Damaged,Dusk,23.0225,72.5714,Evening
Ahmedabad,18-30,High Risk,Changing lane to the left,Cycle,Clear,Village Road,Dry,Daylight,23.0225,72.5714,Night
Ahmedabad,18-30,High Risk,Changing lane to the right,Truck,Clear,Urban Road,Under Construction,Daylight,23.0225,72.5714,Night
Ahmedabad,18-30,Medium Risk,No distancing,Cycle,Rainy,Urban Road,Wet,Daylight,23.0225,72.5714,Morning
Ahmedabad,18-30,Medium Risk,Driving at high speed,Cycle,Clear,State Highway,Under Construction,Dawn,23.0225,72.5714,Afternoon
Ahmedabad,18-30,Medium Risk,Changing lane to the right,Two-Wheeler,Rainy,Urban Road,Damaged,Dusk,23.0225,72.5714,Night
Ahmedabad,31-50,Medium Risk,No priority to vehicle,Auto-Rickshaw,Clear,Highways,Normal,Dark,23.0225,72.5714,Morning
Ahmedabad,18-30,Low Risk,No distancing,Pedestrian,Stormy,Highways,Normal,Dark,23.0225,72.5714,Afternoon
Kollam,18-30,Low Risk,Turnover,Pedestrian,Stormy,Highways,Normal,Daylight,20.5937,78.9629,Night
Ahmedabad,18-30,High Risk,No distancing,Auto-Rickshaw,Clear,State Highway,Wet,Daylight,23.0225,72.5714,Morning
Ahmedabad,31-50,High Risk,Changing lane to the right,Cycle,Hazy,Urban Road,Damaged,Daylight,23.0225,72.5714,Night
Ahmedabad,50+,High Risk,No distancing,Car,Clear,Village Road,Under Construction,Daylight,23.0225,72.5714,Morning
Ahmedabad,31-50,High Risk,Changing lane to the left,Auto-Rickshaw,Stormy,Urban Road,Under Construction,Daylight,23.0225,72.5714,Afternoon
Ahmedabad,31-50,High Risk,Driving carelessly,Bus,Clear,National Highway,Wet,Daylight,23.0225,72.5714,Afternoon
Ahmedabad,18-30,High Risk,Changing lane to the right,Auto-Rickshaw,Clear,National Highway,Normal,Daylight,23.0225,72.5714,Evening
Ahmedabad,18-30,High Risk,No priority to vehicle,Cycle,Clear,State Highway,Damaged,Daylight,23.0225,72.5714,Night
Ahmedabad,18-30,High Risk,No distancing,Auto-Rickshaw,Foggy,National Highway,Under Construction,Dusk,23.0225,72.5714,Night
Ahmedabad,18-30,High Risk,No priority to pedestrian,Two-Wheeler,Clear,Village Road,Dry,Dawn,23.0225,72.5714,Night
Ahmedabad,18-30,High Risk,No priority to pedestrian,Auto-Rickshaw,Clear,Urban Road,Dry,Dark,23.0225,72.5714,Night
Ahmedabad,18-30,High Risk,No priority to vehicle,Auto-Rickshaw,Clear,Village Road,Dry,Dark,23.0225,72.5714,Morning
Ahmedabad,18-30,High Risk,Changing lane to the left,Bus,Clear,National Highway,Normal,Daylight,23.0225,72.5714,Evening
Ahmedabad,18-30,High Risk,Changing lane to the left,Car,Clear,State Highway,Wet,Daylight,23.0225,72.5714,Night
Ahmedabad,31-50,High Risk,No distancing,Car,Foggy,Urban Road,Wet,Dark,23.0225,72.5714,Afternoon
Ahmedabad,31-50,High Risk,No priority to vehicle,Two-Wheeler,Hazy,Urban Road,Under Construction,Daylight,23.0225,72.5714,Morning
Ahmedabad,31-50,High Risk,No distancing,Cycle,Clear,State Highway,Wet,Dusk,23.0225,72.5714,Afternoon
Ahmedabad,18-30,High Risk,No distancing,Car,Hazy,Village Road,Damaged,Daylight,23.0225,72.5714,Morning
Allahabad(Prayagraj),18-30,Medium Risk,Changing lane to the right,Auto-Rickshaw,Clear,Highways,Normal,Dark,20.5937,78.9629,Afternoon
Allahabad(Prayagraj),18-30,High Risk,Changing lane to the left,Car,Hazy,National Highway,Wet,Dusk,20.5937,78.9629,Night
Allahabad(Prayagraj),18-30,High Risk,No distancing,Pedestrian,Stormy,National Highway,Dry,Dark,20.5937,78.9629,Night
Allahabad(Prayagraj),31-50,High Risk,Overturning,Pedestrian,Rainy,National Highway,Damaged,Dusk,20.5937,78.9629,Afternoon
Allahabad(Prayagraj),18-30,Low Risk,No priority to vehicle,Car,Stormy,Highways,Normal,Dark,20.5937,78.9629,Morning
Allahabad(Prayagraj),18-30,High Risk,Moving Backward,Auto-Rickshaw,Clear,State Highway,Damaged,Dusk,20.5937,78.9629,Morning
Allahabad(Prayagraj),31-50,High Risk,Driving under the influence of drugs,Car,Clear,State Highway,Under Construction,Dawn,20.5937,78.9629,Night
Allahabad(Prayagraj),18-30,High Risk,Moving Backward,Bus,Clear,State Highway,Normal,Dark,20.5937,78.9629,Afternoon
Allahabad(Prayagraj),18-30,High Risk,Changing lane to the right,Pedestrian,Clear,Village Road,Damaged,Daylight,20.5937,78.9629,Evening
Allahabad(Prayagraj),18-30,High Risk,Overspeed,Bus,Foggy,National Highway,Damaged,Daylight,20.5937,78.9629,Night
Allahabad(Prayagraj),31-50,High Risk,Driving under the influence of drugs,Truck,Stormy,Urban Road,Under Construction,Dawn,20.5937,78.9629,Afternoon