Million_Plus_Cities,Age_band_of_driver,Accident_severity,Cause_of_accident,Vehicle Type Involved,Weather Conditions,Road Type,Road Condition,Lighting Conditions,Latitude,Longitude,Time_Block
Faridabad,18-30,High Risk,No distancing,Pedestrian,Foggy,State Highway,Normal,Dark,20.5937,78.9629,Morning
Faridabad,31-50,Low Risk,No priority to vehicle,Two-Wheeler,Rainy,Highways,Normal,Dusk,20.5937,78.9629,Evening
Faridabad,31-50,High Risk,Changing lane to the right,Car,Stormy,National Highway,Dry,Daylight,20.5937,78.9629,Evening
Faridabad,31-50,Low Risk,No priority to pedestrian,Car,Clear,Highways,Normal,Dawn,20.5937,78.9629,Morning
Faridabad,18-30,High Risk,No priority to vehicle,Two-Wheeler,Clear,Urban Road,Under Construction,Dusk,20.5937,78.9629,Night
Bengaluru,31-50,Low Risk,Changing lane to the left,Cycle,Clear,Highways,Normal,Dawn,12.9716,77.5946,Night
Faridabad,50+,High Risk,Turnover,Pedestrian,Clear,State Highway,Wet,Daylight,20.5937,78.9629,Evening
Hyderabad,18-30,Low Risk,Driving to the left,Bus,Clear,Highways,Normal,Daylight,17.385,78.4867,Afternoon
Rajkot,18-30,Low Risk,Driving carelessly,Car,Clear,Highways,Normal,Dawn,20.5937,78.9629,Afternoon
Faridabad,18-30,High Risk,Driving to the left,Car,Clear,Village Road,Wet,Daylight,20.5937,78.9629,Night
Faridabad,31-50,High Risk,Driving carelessly,Car,Foggy,State Highway,Under Construction,Daylight,20.5937,78.9629,Morning
Faridabad,31-50,Low Risk,No priority to pedestrian,Auto-Rickshaw,Clear,Highways,Normal,Dawn,20.5937,78.9629,Evening
Faridabad,18-30,High Risk,Driving carelessly,Car,Stormy,National Highway,Damaged,Dawn,20.5937,78.9629,Night
Faridabad,18-30,High Risk,Changing lane to the right,Bus,Clear,Urban Road,Wet,Daylight,20.5937,78.9629,Evening
Faridabad,31-50,High Risk,Moving Backward,Auto-Rickshaw,Clear,State Highway,Under Construction,Daylight,20.5937,78.9629,Evening
Faridabad,31-50,Low Risk,Driving carelessly,Cycle,Stormy,Highways,Normal,Dark,20.5937,78.9629,Evening
Faridabad,18-30,High Risk,Changing lane to the right,Car,Stormy,Village Road,Under Construction,Dusk,20.5937,78.9629,Morning
Faridabad,31-50,Low Risk,Driving carelessly,Pedestrian,Clear,Highways,Normal,Daylight,20.5937,78.9629,Afternoon
Faridabad,18-30,Low Risk,Driving carelessly,Cycle,Stormy,Highways,Normal,Dark,20.5937,78.9629,Afternoon
Faridabad,31-50,High Risk,Driving carelessly,Truck,Foggy,Village Road,Normal,Daylight,20.5937,78.9629,Afternoon
Faridabad,50+,Medium Risk,Changing lane to the right,Cycle,Clear,Village Road,Dry,Daylight,20.5937,78.9629,Afternoon
Faridabad,18-30,Medium Risk,Changing lane to the right,Cycle,Stormy,State Highway,Damaged,Daylight,20.5937,78.9629,Night
Faridabad,18-30,Low Risk,Driving carelessly,Car,Clear,Highways,Normal,Daylight,20.5937,78.9629,Morning
Varanasi,18-30,Low Risk,Overtaking,Pedestrian,Rainy,Highways,Normal,Dawn,25.3176,82.9739,Night
Faridabad,31-50,Medium Risk,Changing lane to the right,Bus,Stormy,Village Road,Dry,Daylight,20.5937,78.9629,Night
Faridabad,18-30,Medium Risk,No distancing,Auto-Rickshaw,Clear,State Highway,Damaged,Daylight,20.5937,78.9629,Morning
Faridabad,50+,Low Risk,Other,Pedestrian,Clear,Highways,Normal,Dawn,20.5937,78.9629,Night
Faridabad,18-30,High Risk,Changing lane to the right,Car,Clear,Village Road,Wet,Daylight,20.5937,78.9629,Morning
Faridabad,18-30,High Risk,Changing lane to the right,Pedestrian,Clear,Urban Road,Wet,Dusk,20.5937,78.9629,Night
Faridabad,18-30,High Risk,Overtaking,Bus,Clear,State Highway,Wet,Dark,20.5937,78.9629,Night
Faridabad,18-30,High Risk,Other,Auto-Rickshaw,Hazy,State Highway,Wet,Daylight,20.5937,78.9629,Evening
Meerut,31-50,Low Risk,Driving to the left,Car,Rainy,Highways,Normal,Dawn,20.5937,78.9629,Morning
Faridabad,31-50,High Risk,Overtaking,Pedestrian,Clear,State Highway,Under Construction,Daylight,20.5937,78.9629,Morning
Ghaziabad,18-30,High Risk,No priority to vehicle,Car,Clear,State Highway,Damaged,Dusk,20.5937,78.9629,Night
Nagpur,18-30,Medium Risk,Moving Backward,Bus,Clear,Highways,Normal,Dusk,20.5937,78.9629,Morning
Ghaziabad,18-30,Low Risk,Other,Auto-Rickshaw,Clear,Highways,Normal,Daylight,20.5937,78.9629,Night
Ghaziabad,18-30,High Risk,No priority to vehicle,Cycle,Rainy,Village Road,Under Construction,Daylight,20.5937,78.9629,Afternoon
Ghaziabad,18-30,High Risk,No priority to pedestrian,Two-Wheeler,Clear,Village Road,Under Construction,Dusk,20.5937,78.9629,Morning
Ghaziabad,50+,Low Risk,Changing lane to the right,Pedestrian,Clear,Highways,Normal,Dark,20.5937,78.9629,Morning
Ghaziabad,31-50,Medium Risk,Changing lane to the right,Bus,Stormy,Highways,Normal,Daylight,20.5937,78.9629,Morning
Ghaziabad,31-50,High Risk,Changing lane to the right,Two-Wheeler,Clear,Urban Road,Under Construction,Daylight,20.5937,78.9629,Night
Ghaziabad,31-50,High Risk,Driving to the left,Auto-Rickshaw,Hazy,National Highway,Dry,Dusk,20.5937,78.9629,Morning
Ghaziabad,31-50,High Risk,Changing lane to the left,Car,Clear,National Highway,Dry,Daylight,20.5937,78.9629,Morning
Ghaziabad,31-50,High Risk,Moving Backward,Auto-Rickshaw,Clear,National Highway,Under Construction,Dusk,20.5937,78.9629,Night
Ghaziabad,18-30,Low Risk,Driving at high speed,Pedestrian,Rainy,Highways,Normal,Dark,20.5937,78.9629,Morning
Ghaziabad,18-30,Medium Risk,Moving Backward,Truck,Rainy,State Highway,Dry,Dusk,20.5937,78.9629,Night
Ghaziabad,18-30,Medium Risk,No distancing,Two-Wheeler,Hazy,Urban Road,Wet,Daylight,20.5937,78.9629,Morning
Ghaziabad,18-30,High Risk,Other,Cycle,Clear,National Highway,Under Construction,Dark,20.5937,78.9629,Evening
Ghaziabad,18-30,High Risk,No priority to vehicle,Auto-Rickshaw,Clear,Urban Road,Damaged,Dark,20.5937,78.9629,Evening
Ghaziabad,31-50,Low Risk,Changing lane to the right,Car,Rainy,Highways,Normal,Dawn,20.5937,78.9629,Night
Ghaziabad,31-50,High Risk,Other,Auto-Rickshaw,Clear,Urban Road,Damaged,Dark,20.5937,78.9629,Afternoon
Ghaziabad,31-50,High Risk,No distancing,Car,Stormy,State Highway,Under Construction,Dusk,20.5937,78.9629,Afternoon
Vijaywada city,18-30,Low Risk,Driving carelessly,Pedestrian,Stormy,Highways,Normal,Dawn,20.5937,78.9629,Morning
Ghaziabad,31-50,Medium Risk,No distancing,Pedestrian,Stormy,National Highway,Dry,Dawn,20.5937,78.9629,Afternoon
Ghaziabad,18-30,Medium Risk,Moving Backward,Two-Wheeler,Clear,Village Road,Wet,Dusk,20.5937,78.9629,Evening
Ghaziabad,31-50,Low Risk,No distancing,Cycle,Clear,Highways,Normal,Dark,20.5937,78.9629,Night
Ghaziabad,18-30,High Risk,Moving Backward,Pedestrian,Hazy,Village Road,Dry,Daylight,20.5937,78.9629,Night
Ghaziabad,18-30,High Risk,No priority to pedestrian,Pedestrian,Clear,Urban Road,Damaged,Daylight,20.5937,78.9629,Morning
Ghaziabad,18-30,High Risk,Changing lane to the left,Car,Clear,State Highway,Under Construction,Daylight,20.5937,78.9629,Morning
Ghaziabad,18-30,High Risk,No distancing,Car,Foggy,Village Road,Under Construction,Daylight,20.5937,78.9629,Morning
Vizaq,31-50,Low Risk,Other,Car,Clear,Highways,Normal,Daylight,20.5937,78.9629,Night
Ghaziabad,18-30,Medium Risk,No distancing,Truck,Clear,National Highway,Under Construction,Dark,20.5937,78.9629,Evening
Ghaziabad,18-30,High Risk,No priority to pedestrian,Truck,Clear,National Highway,Wet,Daylight,20.5937,78.9629,Evening
Faridabad,18-30,Low Risk,Moving Backward,Car,Clear,Highways,Normal,Dusk,20.5937,78.9629,Afternoon
Ghaziabad,50+,High Risk,No priority to pedestrian,Car,Stormy,Urban Road,Under Construction,Daylight,20.5937,78.9629,Afternoon
Ghaziabad,18-30,High Risk,No distancing,Cycle,Rainy,State Highway,Dry,Dark,20.5937,78.9629,Night
Ghaziabad,18-30,High Risk,No priority to pedestrian,Car,Clear,Urban Road,Dry,Daylight,20.5937,78.9629,Morning
Ghaziabad,50+,High Risk,Driving carelessly,Two-Wheeler,Clear,National Highway,Damaged,Dusk,20.5937,78.9629,Night
Ghaziabad,31-50,Low Risk,Getting off the vehicle improperly,Pedestrian,Hazy,Highways,Normal,Daylight,20.5937,78.9629,Evening
Ghaziabad,31-50,High Risk,Driving carelessly,Truck,Foggy,National Highway,Under Construction,Daylight,20.5937,78.9629,Morning
Ghaziabad,18-30,High Risk,Changing lane to the left,Cycle,Clear,Urban Road,Dry,Daylight,20.5937,78.9629,Afternoon
Vadodra,50+,Low Risk,No priority to vehicle,Bus,Clear,Highways,Normal,Dusk,20.5937,78.9629,Morning
Jabalpur,50+,Medium Risk,Changing lane to the right,Pedestrian,Stormy,Highways,Normal,Daylight,20.5937,78.9629,Morning
Gwalior,31-50,Low Risk,Changing lane to the right,Car,Hazy,Highways,Normal,Daylight,20.5937,78.9629,Morning
Gwalior,31-50,High Risk,No distancing,Auto-Rickshaw,Clear,Village Road,Dry,Dark,20.5937,78.9629,Morning
Gwalior,18-30,High Risk,No distancing,Cycle,Clear,Urban Road,Damaged,Daylight,20.5937,78.9629,Night
Gwalior,18-30,Medium Risk,Changing lane to the left,Pedestrian,Rainy,Village Road,Under Construction,Dark,20.5937,78.9629,Morning
Gwalior,18-30,Medium Risk,Changing lane to the right,Auto-Rickshaw,Clear,Urban Road,Under Construction,Dusk,20.5937,78.9629,Morning
Gwalior,31-50,Medium Risk,No priority to vehicle,Car,Foggy,National Highway,Under Construction,Dawn,20.5937,78.9629,Afternoon
Srinagar,31-50,Low Risk,Changing lane to the left,Auto-Rickshaw,Clear,Highways,Normal,Daylight,20.5937,78.9629,Morning
Gwalior,31-50,Medium Risk,No priority to vehicle,Truck,Clear,State Highway,Damaged,Daylight,20.5937,78.9629,Morning
Gwalior,31-50,Medium Risk,Moving Backward,Auto-Rickshaw,Foggy,National Highway,Damaged,Daylight,20.5937,78.9629,Night
Gwalior,18-30,High Risk,Turnover,Car,Clear,State Highway,Wet,Dark,20.5937,78.9629,Morning
Gwalior,18-30,High Risk,No distancing,Pedestrian,Hazy,State Highway,Wet,Dark,20.5937,78.9629,Evening
Gwalior,18-30,High Risk,No distancing,Cycle,Rainy,Highways,Normal,Daylight,20.5937,78.9629,Night
Gwalior,18-30,High Risk,No distancing,Pedestrian,Stormy,National Highway,Dry,Daylight,20.5937,78.9629,Afternoon
Gwalior,18-30,Medium Risk,Changing lane to the left,Cycle,Clear,Highways,Normal,Daylight,20.5937,78.9629,Morning
Gwalior,18-30,High Risk,No priority to vehicle,Pedestrian,Clear,Highways,Normal,Dark,20.5937,78.9629,Morning
Gwalior,50+,High Risk,Driving at high speed,Car,Clear,State Highway,Under Construction,Dawn,20.5937,78.9629,Morning
Gwalior,18-30,High Risk,Overtaking,Bus,Clear,Urban Road,Damaged,Dusk,20.5937,78.9629,Afternoon
Gwalior,18-30,High Risk,Other,Auto-Rickshaw,Clear,National Highway,Normal,Dawn,20.5937,78.9629,Morning
Vadodra,18-30,Low Risk,Changing lane to the left,Truck,Hazy,Highways,Normal,Dark,20.5937,78.9629,Morning
Gwalior,18-30,High Risk,No priority to pedestrian,Cycle,Clear,State Highway,Wet,Daylight,20.5937,78.9629,Morning
Pune,18-30,Low Risk,Changing lane to the left,Cycle,Stormy,Highways,Normal,Daylight,18.5204,73.8567,Night
Gwalior,31-50,High Risk,No distancing,Two-Wheeler,Rainy,National Highway,Under Construction,Daylight,20.5937,78.9629,Morning
Gwalior,31-50,High Risk,Moving Backward,Auto-Rickshaw,Stormy,National Highway,Dry,Daylight,20.5937,78.9629,Afternoon
Gwalior,18-30,Low Risk,Changing lane to the left,Car,Hazy,Highways,Normal,Dawn,20.5937,78.9629,Night
Gwalior,18-30,High Risk,Other,Pedestrian,Stormy,Urban Road,Wet,Dusk,20.5937,78.9629,Evening
Jaipur,18-30,Low Risk,No distancing,Cycle,Hazy,Highways,Normal,Daylight,26.9124,75.7873,Night
Gwalior,31-50,High Risk,Moving Backward,Pedestrian,Rainy,Village Road,Under Construction,Dawn,20.5937,78.9629,Morning
Gwalior,31-50,High Risk,No distancing,Cycle,Clear,Village Road,Wet,Daylight,20.5937,78.9629,Morning
Gwalior,18-30,High Risk,Changing lane to the left,Cycle,Clear,Highways,Normal,Daylight,20.5937,78.9629,Evening
Mumbai,18-30,Medium Risk,Changing lane to the left,Cycle,Clear,Highways,Normal,Dusk,19.076,72.8777,Afternoon
Gwalior,18-30,High Risk,No priority to pedestrian,Two-Wheeler,Clear,Urban Road,Normal,Dark,20.5937,78.9629,Night
Gwalior,31-50,High Risk,Changing lane to the left,Two-Wheeler,Clear,Urban Road,Wet,Dusk,20.5937,78.9629,Morning
Gwalior,18-30,High Risk,Driving carelessly,Two-Wheeler,Clear,State Highway,Under Construction,Daylight,20.5937,78.9629,Night
Gwalior,18-30,High Risk,Driving carelessly,Two-Wheeler,Clear,Village Road,Under Construction,Dusk,20.5937,78.9629,Night
Gwalior,18-30,High Risk,No priority to pedestrian,Cycle,Hazy,State Highway,Wet,Daylight,20.5937,78.9629,Afternoon
Gwalior,18-30,High Risk,Getting off the vehicle improperly,Auto-Rickshaw,Clear,Urban Road,Damaged,Dawn,20.5937,78.9629,Afternoon
Gwalior,18-30,High Risk,No distancing,Auto-Rickshaw,Foggy,Urban Road,Under Construction,Daylight,20.5937,78.9629,Morning
Gwalior,18-30,High Risk,Changing lane to the left,Cycle,Foggy,Urban Road,Damaged,Daylight,20.5937,78.9629,Night
Gwalior,18-30,High Risk,No priority to vehicle,Pedestrian,Stormy,Highways,Normal,Dark,20.5937,78.9629,Morning
Gwalior,18-30,High Risk,No distancing,Car,Clear,Village Road,Wet,Daylight,20.5937,78.9629,Night
Kota,31-50,Low Risk,No priority to pedestrian,Auto-Rickshaw,Hazy,Highways,Normal,Daylight,20.5937,78.9629,Afternoon
Hyderabad,18-30,High Risk,No priority to pedestrian,Two-Wheeler,Clear,National Highway,Dry,Daylight,17.385,78.4867,Evening
Hyderabad,50+,High Risk,No priority to vehicle,Two-Wheeler,Clear,Urban Road,Dry,Dark,17.385,78.4867,Night
Hyderabad,31-50,High Risk,Driving carelessly,Pedestrian,Clear,Village Road,Wet,Dark,17.385,78.4867,Afternoon
Hyderabad,18-30,Medium Risk,Changing lane to the right,Two-Wheeler,Clear,Highways,Normal,Dusk,17.385,78.4867,Night
Hyderabad,31-50,Low Risk,Changing lane to the left,Pedestrian,Hazy,Highways,Normal,Daylight,17.385,78.4867,Morning
Hyderabad,18-30,Low Risk,Moving Backward,Cycle,Stormy,Highways,Normal,Dawn,17.385,78.4867,Morning
Hyderabad,31-50,Low Risk,Driving carelessly,Pedestrian,Clear,Highways,Normal,Dark,17.385,78.4867,Night
Hyderabad,18-30,Medium Risk,Driving to the left,Pedestrian,Foggy,State Highway,Dry,Dark,17.385,78.4867,Morning
Tiruchirapalli,18-30,Medium Risk,Driving to the left,Two-Wheeler,Clear,Highways,Normal,Dark,20.5937,78.9629,Night
Hyderabad,18-30,High Risk,No priority to pedestrian,Car,Clear,Village Road,Wet,Daylight,17.385,78.4867,Evening
Hyderabad,18-30,Low Risk,Changing lane to the left,Auto-Rickshaw,Clear,Highways,Normal,Dusk,17.385,78.4867,Evening
Hyderabad,18-30,High Risk,Changing lane to the right,Two-Wheeler,Clear,Urban Road,Under Construction,Daylight,17.385,78.4867,Night
Jodhpur,18-30,Medium Risk,Driving carelessly,Pedestrian,Clear,Highways,Normal,Dawn,20.5937,78.9629,Morning
Hyderabad,31-50,High Risk,No distancing,Car,Clear,Urban Road,Under Construction,Dark,17.385,78.4867,Night
Hyderabad,31-50,High Risk,Getting off the vehicle improperly,Cycle,Clear,State Highway,Normal,Daylight,17.385,78.4867,Evening
Hyderabad,31-50,High Risk,Driving under the influence of drugs,Two-Wheeler,Clear,National Highway,Normal,Daylight,17.385,78.4867,Morning
Hyderabad,18-30,Medium Risk,Changing lane to the right,Car,Clear,Highways,Normal,Dusk,17.385,78.4867,Night
Hyderabad,18-30,Medium Risk,Driving carelessly,Truck,Hazy,Village Road,Damaged,Daylight,17.385,78.4867,Afternoon
Hyderabad,31-50,High Risk,Moving Backward,Auto-Rickshaw,Clear,National Highway,Under Construction,Daylight,17.385,78.4867,Evening
Hyderabad,31-50,High Risk,Turnover,Bus,Hazy,State Highway,Wet,Daylight,17.385,78.4867,Afternoon
Hyderabad,18-30,High Risk,Changing lane to the right,Car,Clear,Village Road,Wet,Daylight,17.385,78.4867,Evening
Hyderabad,18-30,High Risk,Driving carelessly,Car,Hazy,Urban Road,Dry,Dawn,17.385,78.4867,Morning
Chennai,18-30,Low Risk,No priority to vehicle,Two-Wheeler,Foggy,Highways,Normal,Dawn,13.0827,80.2707,Morning
Hyderabad,18-30,Medium Risk,Moving Backward,Car,Hazy,State Highway,Under Construction,Dusk,17.385,78.4867,Morning
Hyderabad,31-50,Medium Risk,Changing lane to the left,Pedestrian,Foggy,Highways,Normal,Dusk,17.385,78.4867,Night
Hyderabad,31-50,Medium Risk,Overturning,Two-Wheeler,Hazy,Village Road,Wet,Dawn,17.385,78.4867,Evening
Hyderabad,18-30,Medium Risk,No distancing,Auto-Rickshaw,Clear,State Highway,Under Construction,Dusk,17.385,78.4867,Evening
Kolkata,18-30,Low Risk,Driving carelessly,Truck,Clear,Highways,Normal,Dark,22.5726,88.3639,Evening
Hyderabad,18-30,High Risk,No distancing,Car,Clear,Highways,Normal,Daylight,17.385,78.4867,Night
Hyderabad,31-50,High Risk,Changing lane to the left,Pedestrian,Rainy,Urban Road,Under Construction,Daylight,17.385,78.4867,Night
Hyderabad,50+,High Risk,No priority to pedestrian,Auto-Rickshaw,Hazy,Highways,Normal,Daylight,17.385,78.4867,Afternoon
Hyderabad,18-30,High Risk,No distancing,Car,Hazy,Urban Road,Dry,Dark,17.385,78.4867,Night
Hyderabad,18-30,High Risk,No distancing,Bus,Hazy,National Highway,Normal,Daylight,17.385,78.4867,Afternoon
Thrissur,31-50,Medium Risk,Changing lane to the left,Two-Wheeler,Stormy,Highways,Normal,Dusk,20.5937,78.9629,Night
Hyderabad,31-50,High Risk,No distancing,Car,Foggy,National Highway,Wet,Dusk,17.385,78.4867,Night
Hyderabad,18-30,High Risk,Changing lane to the left,Pedestrian,Clear,National Highway,Normal,Dark,17.385,78.4867,Morning
Hyderabad,18-30,High Risk,No distancing,Auto-Rickshaw,Clear,National Highway,Dry,Dark,17.385,78.4867,Afternoon
Hyderabad,18-30,High Risk,No distancing,Car,Clear,Urban Road,Damaged,Dusk,17.385,78.4867,Afternoon
Hyderabad,18-30,High Risk,No distancing,Auto-Rickshaw,Clear,National Highway,Dry,Dusk,17.385,78.4867,Evening
Srinagar,31-50,Low Risk,Changing lane to the left,Cycle,Foggy,Highways,Normal,Daylight,20.5937,78.9629,Night
Indore,18-30,Medium Risk,Changing lane to the right,Two-Wheeler,Clear,Highways,Normal,Daylight,20.5937,78.9629,Night
Indore,31-50,High Risk,Moving Backward,Cycle,Hazy,National Highway,Dry,Daylight,20.5937,78.9629,Morning
Kochi,31-50,Low Risk,Changing lane to the right,Car,Foggy,Highways,Normal,Daylight,20.5937,78.9629,Night
Indore,18-30,High Risk,No distancing,Auto-Rickshaw,Foggy,State Highway,Dry,Daylight,20.5937,78.9629,Morning
Indore,18-30,High Risk,Overtaking,Truck,Hazy,National Highway,Under Construction,Dusk,20.5937,78.9629,Night
Indore,31-50,Medium Risk,Other,Cycle,Clear,Highways,Normal,Dark,20.5937,78.9629,Afternoon
Indore,18-30,High Risk,Other,Cycle,Clear,State Highway,Under Construction,Daylight,20.5937,78.9629,Afternoon
Indore,31-50,High Risk,Changing lane to the right,Auto-Rickshaw,Clear,National Highway,Under Construction,Daylight,20.5937,78.9629,Morning
Indore,50+,High Risk,No priority to pedestrian,Cycle,Clear,National Highway,Wet,Daylight,20.5937,78.9629,Night
Indore,18-30,High Risk,No priority to vehicle,Cycle,Rainy,Village Road,Dry,Daylight,20.5937,78.9629,Afternoon
Indore,31-50,High Risk,Changing lane to the left,Pedestrian,Rainy,Village Road,Dry,Daylight,20.5937,78.9629,Afternoon
Indore,18-30,High Risk,Changing lane to the left,Car,Hazy,Urban Road,Dry,Dusk,20.5937,78.9629,Afternoon
Indore,31-50,High Risk,Overtaking,Pedestrian,Clear,National Highway,Wet,Dark,20.5937,78.9629,Night
Indore,18-30,High Risk,No distancing,Car,Rainy,National Highway,Damaged,Dark,20.5937,78.9629,Night
Indore,18-30,Low Risk,No priority to vehicle,Two-Wheeler,Clear,Highways,Normal,Daylight,20.5937,78.9629,Afternoon
Indore,31-50,High Risk,Changing lane to the right,Two-Wheeler,Clear,Highways,Normal,Daylight,20.5937,78.9629,Night
Indore,50+,High Risk,Changing lane to the left,Car,Stormy,National Highway,Wet,Dusk,20.5937,78.9629,Morning
Indore,18-30,Medium Risk,No distancing,Pedestrian,Clear,State Highway,Under Construction,Daylight,20.5937,78.9629,Morning
Indore,31-50,Low Risk,Driving carelessly,Car,Foggy,Highways,Normal,Dark,20.5937,78.9629,Morning
Indore,18-30,High Risk,No priority to pedestrian,Pedestrian,Clear,Village Road,Damaged,Daylight,20.5937,78.9629,Morning
Indore,18-30,High Risk,Driving carelessly,Car,Rainy,State Highway,Under Construction,Dusk,20.5937,78.9629,Night
Mumbai,50+,Low Risk,Moving Backward,Car,Rainy,Highways,Normal,Dawn,19.076,72.8777,Night
Indore,18-30,High Risk,No distancing,Car,Stormy,National Highway,Damaged,Dawn,20.5937,78.9629,Night
Indore,18-30,High Risk,No distancing,Auto-Rickshaw,Clear,Urban Road,Dry,Daylight,20.5937,78.9629,Morning
Indore,18-30,High Risk,No distancing,Car,Clear,State Highway,Dry,Dusk,20.5937,78.9629,Morning
Jamshedpur,50+,Low Risk,Changing lane to the left,Truck,Hazy,Highways,Normal,Dawn,20.5937,78.9629,Evening
Indore,18-30,High Risk,Changing lane to the left,Bus,Hazy,National Highway,Wet,Dark,20.5937,78.9629,Afternoon
Indore,18-30,High Risk,Moving Backward,Cycle,Clear,Urban Road,Under Construction,Dark,20.5937,78.9629,Afternoon
Indore,31-50,High Risk,Changing lane to the right,Auto-Rickshaw,Clear,Village Road,Damaged,Daylight,20.5937,78.9629,Afternoon
Allahabad(Prayagraj),31-50,Medium Risk,No priority to vehicle,Cycle,Hazy,Highways,Normal,Daylight,20.5937,78.9629,Night
Kochi,18-30,Low Risk,Moving Backward,Two-Wheeler,Clear,Highways,Normal,Dawn,20.5937,78.9629,Afternoon
Indore,18-30,High Risk,Overtaking,Cycle,Hazy,Urban Road,Wet,Daylight,20.5937,78.9629,Night
Indore,50+,High Risk,Changing lane to the left,Cycle,Clear,Village Road,Damaged,Dark,20.5937,78.9629,Morning
Indore,31-50,High Risk,Changing lane to the right,Car,Rainy,Urban Road,Damaged,Daylight,20.5937,78.9629,Night
Indore,18-30,High Risk,Overtaking,Cycle,Foggy,Village Road,Damaged,Dawn,20.5937,78.9629,Morning
Chandigarh,18-30,Medium Risk,Overloading,Two-Wheeler,Rainy,Highways,Normal,Dusk,20.5937,78.9629,Morning
Indore,18-30,Medium Risk,Other,Pedestrian,Clear,Village Road,Wet,Daylight,20.5937,78.9629,Afternoon
Vijaywada city,18-30,Low Risk,No priority to vehicle,Auto-Rickshaw,Clear,Highways,Normal,Daylight,20.5937,78.9629,Night
Indore,18-30,Low Risk,Changing lane to the right,Truck,Clear,Highways,Normal,Daylight,20.5937,78.9629,Night
Jabalpur,18-30,Low Risk,Moving Backward,Truck,Rainy,Highways,Normal,Dark,20.5937,78.9629,Morning
Jabalpur,18-30,Medium Risk,Changing lane to the left,Car,Foggy,Highways,Normal,Dark,20.5937,78.9629,Morning
Jabalpur,18-30,Medium Risk,No priority to pedestrian,Bus,Clear,State Highway,Wet,Dawn,20.5937,78.9629,Afternoon
Jabalpur,18-30,High Risk,No distancing,Two-Wheeler,Clear,State Highway,Damaged,Daylight,20.5937,78.9629,Night
Jabalpur,18-30,High Risk,No priority to vehicle,Pedestrian,Stormy,Highways,Normal,Dusk,20.5937,78.9629,Evening
Mallapuram,18-30,Low Risk,No distancing,Truck,Foggy,Highways,Normal,Dark,20.5937,78.9629,Night
Jabalpur,50+,High Risk,No distancing,Bus,Foggy,Urban Road,Normal,Dusk,20.5937,78.9629,Morning
Jabalpur,31-50,High Risk,Moving Backward,Two-Wheeler,Clear,Highways,Normal,Dark,20.5937,78.9629,Afternoon
Jabalpur,18-30,Low Risk,Changing lane to the right,Pedestrian,Clear,Highways,Normal,Dawn,20.5937,78.9629,Afternoon
Jabalpur,31-50,High Risk,No priority to pedestrian,Pedestrian,Clear,Urban Road,Dry,Daylight,20.5937,78.9629,Night
Jabalpur,18-30,Low Risk,Moving Backward,Bus,Clear,Highways,Normal,Dark,20.5937,78.9629,Morning
Jabalpur,18-30,High Risk,Getting off the vehicle improperly,Cycle,Clear,National Highway,Dry,Daylight,20.5937,78.9629,Afternoon
Jabalpur,18-30,High Risk,Overtaking,Cycle,Clear,State Highway,Damaged,Daylight,20.5937,78.9629,Morning
Jabalpur,18-30,High Risk,Overloading,Cycle,Clear,Urban Road,Under Construction,Dawn,20.5937,78.9629,Morning
Gwalior,31-50,Low Risk,Changing lane to the right,Two-Wheeler,Clear,Highways,Normal,Dusk,20.5937,78.9629,Morning
Jabalpur,31-50,Medium Risk,Improper parking,Two-Wheeler,Clear,Highways,Normal,Dusk,20.5937,78.9629,Morning
Jabalpur,31-50,High Risk,Other,Two-Wheeler,Clear,State Highway,Damaged,Dawn,20.5937,78.9629,Afternoon
Jabalpur,18-30,High Risk,Changing lane to the left,Bus,Stormy,State Highway,Damaged,Dark,20.5937,78.9629,Night
Jabalpur,31-50,High Risk,Changing lane to the right,Auto-Rickshaw,Clear,Urban Road,Wet,Dark,20.5937,78.9629,Night
Jabalpur,18-30,High Risk,No priority to pedestrian,Pedestrian,Clear,Highways,Normal,Daylight,20.5937,78.9629,Night
Jabalpur,31-50,High Risk,Overspeed,Truck,Stormy,Village Road,Dry,Dusk,20.5937,78.9629,Morning
Jabalpur,50+,High Risk,Changing lane to the left,Bus,Foggy,State Highway,Dry,Dark,20.5937,78.9629,Morning
Jabalpur,18-30,High Risk,No priority to vehicle,Car,Stormy,State Highway,Under Construction,Dusk,20.5937,78.9629,Night
Jabalpur,18-30,Medium Risk,Changing lane to the right,Two-Wheeler,Rainy,Village Road,Dry,Dusk,20.5937,78.9629,Evening
Jabalpur,18-30,Medium Risk,No distancing,Two-Wheeler,Clear,National Highway,Wet,Dusk,20.5937,78.9629,Night
Jabalpur,18-30,Medium Risk,No priority to pedestrian,Bus,Clear,Highways,Normal,Dark,20.5937,78.9629,Night
Jabalpur,18-30,High Risk,No distancing,Car,Clear,Village Road,Under Construction,Daylight,20.5937,78.9629,Night