Million_Plus_Cities,Age_band_of_driver,Accident_severity,Cause_of_accident,Vehicle Type Involved,Weather Conditions,Road Type,Road Condition,Lighting Conditions,Latitude,Longitude,Time_Block
Jabalpur,31-50,High Risk,No priority to vehicle,Car,Foggy,Urban Road,Damaged,Dusk,20.5937,78.9629,Night
Jabalpur,31-50,High Risk,Other,Car,Foggy,National Highway,Wet,Dawn,20.5937,78.9629,Night
Jabalpur,31-50,High Risk,Driving carelessly,Truck,Clear,State Highway,Wet,Dusk,20.5937,78.9629,Afternoon
Jabalpur,31-50,Medium Risk,Changing lane to the left,Car,Rainy,State Highway,Normal,Daylight,20.5937,78.9629,Night
Jabalpur,18-30,Medium Risk,Driving carelessly,Truck,Stormy,State Highway,Damaged,Dusk,20.5937,78.9629,Afternoon
Jabalpur,18-30,High Risk,Changing lane to the left,Car,Rainy,State Highway,Dry,Daylight,20.5937,78.9629,Afternoon
Jabalpur,18-30,High Risk,No priority to vehicle,Car,Clear,Village Road,Wet,Daylight,20.5937,78.9629,Night
Jabalpur,18-30,High Risk,No distancing,Pedestrian,Clear,State Highway,Damaged,Daylight,20.5937,78.9629,Night
Jabalpur,18-30,High Risk,Changing lane to the right,Cycle,Clear,National Highway,Wet,Dawn,20.5937,78.9629,Night
Jabalpur,18-30,High Risk,Changing lane to the right,Bus,Foggy,State Highway,Wet,Daylight,20.5937,78.9629,Morning
Khozikode,31-50,Low Risk,Driving at high speed,Auto-Rickshaw,Hazy,Highways,Normal,Daylight,20.5937,78.9629,Morning
Jabalpur,18-30,High Risk,No distancing,Cycle,Hazy,Village Road,Wet,Dark,20.5937,78.9629,Evening
Jabalpur,31-50,High Risk,Changing lane to the right,Pedestrian,Hazy,State Highway,Normal,Dusk,20.5937,78.9629,Night
Jaipur,18-30,High Risk,Changing lane to the left,Cycle,Clear,National Highway,Dry,Daylight,26.9124,75.7873,Night
Kolkata,18-30,Medium Risk,Getting off the vehicle improperly,Car,Clear,Highways,Normal,Daylight,22.5726,88.3639,Morning
Jaipur,18-30,Low Risk,Other,Car,Clear,Highways,Normal,Daylight,26.9124,75.7873,Night
Jaipur,50+,High Risk,Other,Truck,Clear,Village Road,Dry,Daylight,26.9124,75.7873,Morning
Ludhiana,18-30,Low Risk,No distancing,Truck,Hazy,Highways,Normal,Dawn,20.5937,78.9629,Morning
Ludhiana,50+,Medium Risk,No priority to vehicle,Truck,Clear,Highways,Normal,Daylight,20.5937,78.9629,Night
Jaipur,18-30,High Risk,Overtaking,Cycle,Rainy,National Highway,Damaged,Daylight,26.9124,75.7873,Morning
Agra,50+,Low Risk,No priority to pedestrian,Pedestrian,Clear,Highways,Normal,Daylight,27.1767,78.0081,Night
Thiruvanthapuram,18-30,Low Risk,No distancing,Auto-Rickshaw,Foggy,Highways,Normal,Daylight,20.5937,78.9629,Night
Jaipur,18-30,High Risk,Changing lane to the right,Car,Clear,Village Road,Damaged,Daylight,26.9124,75.7873,Morning
Jaipur,50+,High Risk,Driving carelessly,Car,Clear,Highways,Normal,Daylight,26.9124,75.7873,Afternoon
Vizaq,18-30,Low Risk,Changing lane to the right,Bus,Hazy,Highways,Normal,Dark,20.5937,78.9629,Evening
Ghaziabad,18-30,Low Risk,Overtaking,Truck,Clear,Highways,Normal,Dark,20.5937,78.9629,Night
Jaipur,50+,High Risk,Other,Two-Wheeler,Clear,Village Road,Damaged,Dark,26.9124,75.7873,Morning
Jaipur,18-30,Medium Risk,Driving to the left,Truck,Rainy,Urban Road,Wet,Daylight,26.9124,75.7873,Morning
Jaipur,31-50,Medium Risk,Driving at high speed,Car,Clear,National Highway,Damaged,Dark,26.9124,75.7873,Night
Jaipur,31-50,High Risk,Unknown,Pedestrian,Clear,State Highway,Damaged,Daylight,26.9124,75.7873,Night
Jaipur,18-30,Medium Risk,Changing lane to the right,Car,Foggy,Highways,Normal,Daylight,26.9124,75.7873,Morning
Pune,18-30,Low Risk,No distancing,Truck,Clear,Highways,Normal,Daylight,18.5204,73.8567,Evening
Lucknow,18-30,Medium Risk,Other,Car,Clear,Highways,Normal,Dawn,26.8467,80.9462,Afternoon
Jaipur,18-30,High Risk,No priority to vehicle,Truck,Clear,National Highway,Damaged,Dark,26.9124,75.7873,Morning
Varanasi,31-50,Low Risk,Changing lane to the left,Truck,Clear,Highways,Normal,Dusk,25.3176,82.9739,Afternoon
Khozikode,31-50,Low Risk,No priority to pedestrian,Bus,Clear,Highways,Normal,Daylight,20.5937,78.9629,Night
Jaipur,50+,High Risk,Overtaking,Two-Wheeler,Stormy,Village Road,Under Construction,Dusk,26.9124,75.7873,Night
Jaipur,18-30,Low Risk,Driving carelessly,Auto-Rickshaw,Clear,Highways,Normal,Daylight,26.9124,75.7873,Evening
Jaipur,31-50,High Risk,No priority to vehicle,Pedestrian,Stormy,State Highway,Under Construction,Daylight,26.9124,75.7873,Afternoon
Jaipur,18-30,Medium Risk,No priority to pedestrian,Cycle,Clear,Highways,Normal,Dawn,26.9124,75.7873,Night
Jaipur,31-50,High Risk,Changing lane to the right,Car,Clear,State Highway,Dry,Dusk,26.9124,75.7873,Afternoon
Chandigarh,18-30,Medium Risk,Driving carelessly,Pedestrian,Hazy,Highways,Normal,Dawn,20.5937,78.9629,Night
Mallapuram,18-30,Low Risk,Changing lane to the right,Car,Stormy,Highways,Normal,Dusk,20.5937,78.9629,Night
Jaipur,50+,High Risk,Changing lane to the right,Pedestrian,Foggy,Urban Road,Dry,Dawn,26.9124,75.7873,Evening
Jaipur,18-30,High Risk,Changing lane to the left,Auto-Rickshaw,Clear,State Highway,Dry,Dark,26.9124,75.7873,Night
Jaipur,18-30,High Risk,Overturning,Auto-Rickshaw,Clear,Village Road,Normal,Dusk,26.9124,75.7873,Morning
Jaipur,18-30,Medium Risk,Driving carelessly,Cycle,Clear,State Highway,Damaged,Dawn,26.9124,75.7873,Morning
Jaipur,50+,Low Risk,No distancing,Two-Wheeler,Clear,Highways,Normal,Dawn,26.9124,75.7873,Evening
Jaipur,50+,Medium Risk,Driving carelessly,Pedestrian,Rainy,Urban Road,Under Construction,Dawn,26.9124,75.7873,Morning
Jaipur,18-30,High Risk,Changing lane to the left,Two-Wheeler,Clear,Urban Road,Wet,Dark,26.9124,75.7873,Evening
Jodhpur,18-30,Medium Risk,No priority to vehicle,Auto-Rickshaw,Clear,Highways,Normal,Dawn,20.5937,78.9629,Night
Ahmedabad,18-30,Medium Risk,Changing lane to the right,Two-Wheeler,Rainy,Highways,Normal,Dusk,23.0225,72.5714,Afternoon
Jaipur,31-50,High Risk,No distancing,Pedestrian,Stormy,Village Road,Dry,Dark,26.9124,75.7873,Night
Jamshedpur,18-30,High Risk,Moving Backward,Bus,Stormy,National Highway,Dry,Daylight,20.5937,78.9629,Afternoon
Jamshedpur,50+,High Risk,Moving Backward,Pedestrian,Clear,Village Road,Wet,Daylight,20.5937,78.9629,Afternoon
Jamshedpur,18-30,High Risk,No distancing,Truck,Clear,Village Road,Damaged,Dusk,20.5937,78.9629,Evening
Vizaq,31-50,Medium Risk,No distancing,Car,Hazy,Highways,Normal,Dusk,20.5937,78.9629,Night
Jaipur,50+,Low Risk,No distancing,Two-Wheeler,Clear,Highways,Normal,Daylight,26.9124,75.7873,Morning
Jamshedpur,31-50,High Risk,No priority to pedestrian,Two-Wheeler,Hazy,Village Road,Wet,Daylight,20.5937,78.9629,Afternoon
Surat,18-30,Low Risk,Driving carelessly,Two-Wheeler,Clear,Highways,Normal,Dusk,21.1702,72.8311,Morning
Jamshedpur,18-30,High Risk,Changing lane to the right,Pedestrian,Stormy,Urban Road,Damaged,Dawn,20.5937,78.9629,Evening
Jamshedpur,18-30,High Risk,Changing lane to the left,Pedestrian,Clear,State Highway,Under Construction,Daylight,20.5937,78.9629,Morning
Jamshedpur,18-30,High Risk,Driving carelessly,Cycle,Clear,Urban Road,Dry,Daylight,20.5937,78.9629,Afternoon
Jamshedpur,18-30,High Risk,Driving carelessly,Car,Clear,National Highway,Under Construction,Dusk,20.5937,78.9629,Night
Jamshedpur,18-30,High Risk,No distancing,Car,Foggy,National Highway,Damaged,Dawn,20.5937,78.9629,Afternoon
Thiruvanthapuram,18-30,Medium Risk,Other,Cycle,Clear,Highways,Normal,Dusk,20.5937,78.9629,Night
Jamshedpur,31-50,High Risk,Changing lane to the right,Car,Foggy,State Highway,Damaged,Daylight,20.5937,78.9629,Night
Jamshedpur,31-50,High Risk,Changing lane to the right,Car,Clear,Urban Road,Wet,Dawn,20.5937,78.9629,Morning
Jamshedpur,18-30,High Risk,No distancing,Car,Foggy,Urban Road,Dry,Daylight,20.5937,78.9629,Evening
Jamshedpur,31-50,High Risk,No distancing,Car,Foggy,Urban Road,Under Construction,Dark,20.5937,78.9629,Morning
Jamshedpur,31-50,Low Risk,Overturning,Bus,Stormy,Highways,Normal,Dawn,20.5937,78.9629,Evening
Jamshedpur,31-50,High Risk,Driving at high speed,Bus,Hazy,Highways,Normal,Daylight,20.5937,78.9629,Morning
Jamshedpur,50+,High Risk,No priority to vehicle,Cycle,Clear,Village Road,Under Construction,Daylight,20.5937,78.9629,Night
Jamshedpur,31-50,High Risk,No priority to pedestrian,Cycle,Hazy,National Highway,Dry,Daylight,20.5937,78.9629,Morning
Kollam,18-30,Medium Risk,No priority to vehicle,Auto-Rickshaw,Clear,Highways,Normal,Daylight,20.5937,78.9629,Night
Jamshedpur,31-50,Medium Risk,Other,Bus,Clear,Highways,Normal,Dark,20.5937,78.9629,Morning
Faridabad,18-30,Low Risk,Other,Cycle,Hazy,Highways,Normal,Dawn,20.5937,78.9629,Afternoon
Jamshedpur,18-30,Medium Risk,Moving Backward,Bus,Clear,Highways,Normal,Dusk,20.5937,78.9629,Evening
Jamshedpur,18-30,High Risk,No distancing,Auto-Rickshaw,Clear,National Highway,Dry,Dusk,20.5937,78.9629,Morning
Jamshedpur,18-30,High Risk,Moving Backward,Car,Foggy,National Highway,Dry,Dark,20.5937,78.9629,Night
Jamshedpur,18-30,High Risk,No priority to vehicle,Two-Wheeler,Clear,Urban Road,Under Construction,Daylight,20.5937,78.9629,Night
Amritsar,18-30,Low Risk,Driving carelessly,Pedestrian,Foggy,Highways,Normal,Dark,20.5937,78.9629,Afternoon
Jamshedpur,18-30,Low Risk,No distancing,Car,Clear,Highways,Normal,Dawn,20.5937,78.9629,Morning
Jamshedpur,18-30,Medium Risk,Other,Car,Clear,National Highway,Under Construction,Dusk,20.5937,78.9629,Morning
Jamshedpur,18-30,Medium Risk,Changing lane to the right,Car,Clear,State Highway,Dry,Daylight,20.5937,78.9629,Afternoon
Faridabad,50+,Low Risk,No distancing,Pedestrian,Clear,Highways,Normal,Daylight,20.5937,78.9629,Afternoon
Chandigarh,50+,Low Risk,Driving carelessly,Pedestrian,Hazy,Highways,Normal,Daylight,20.5937,78.9629,Morning
Jamshedpur,31-50,High Risk,No distancing,Car,Clear,National Highway,Dry,Daylight,20.5937,78.9629,Afternoon
Jamshedpur,50+,Low Risk,No priority to vehicle,Car,Foggy,Highways,Normal,Daylight,20.5937,78.9629,Afternoon
Jamshedpur,18-30,High Risk,Changing lane to the right,Pedestrian,Clear,National Highway,Wet,Daylight,20.5937,78.9629,Night
Jamshedpur,18-30,High Risk,No priority to pedestrian,Truck,Rainy,Village Road,Under Construction,Dusk,20.5937,78.9629,Morning
Jamshedpur,18-30,High Risk,No priority to vehicle,Auto-Rickshaw,Clear,State Highway,Under Construction,Daylight,20.5937,78.9629,Morning
Jamshedpur,18-30,Low Risk,Changing lane to the left,Two-Wheeler,Foggy,Highways,Normal,Dark,20.5937,78.9629,Evening
Kota,18-30,Low Risk,Turnover,Pedestrian,Clear,Highways,Normal,Dark,20.5937,78.9629,Night
Jodhpur,18-30,High Risk,Driving to the left,Two-Wheeler,Clear,Urban Road,Wet,Daylight,20.5937,78.9629,Afternoon
Jodhpur,18-30,High Risk,Driving carelessly,Truck,Clear,State Highway,Damaged,Daylight,20.5937,78.9629,Evening
Jodhpur,18-30,High Risk,Driving to the left,Car,Clear,National Highway,Dry,Dawn,20.5937,78.9629,Evening
Chandigarh,50+,Low Risk,Driving carelessly,Auto-Rickshaw,Hazy,Highways,Normal,Dawn,20.5937,78.9629,Afternoon
Jodhpur,18-30,Medium Risk,No priority to pedestrian,Car,Hazy,State Highway,Damaged,Dark,20.5937,78.9629,Morning
Jodhpur,18-30,High Risk,Driving carelessly,Truck,Clear,State Highway,Dry,Daylight,20.5937,78.9629,Morning
Jodhpur,31-50,Medium Risk,Changing lane to the right,Car,Hazy,Village Road,Damaged,Daylight,20.5937,78.9629,Morning
Jodhpur,18-30,High Risk,Moving Backward,Cycle,Foggy,Village Road,Wet,Daylight,20.5937,78.9629,Evening
Jodhpur,18-30,Low Risk,Driving carelessly,Two-Wheeler,Hazy,Highways,Normal,Daylight,20.5937,78.9629,Night
Lucknow,18-30,Low Risk,Changing lane to the right,Truck,Hazy,Highways,Normal,Daylight,26.8467,80.9462,Evening
Jodhpur,18-30,High Risk,Driving carelessly,Truck,Rainy,State Highway,Damaged,Dark,20.5937,78.9629,Morning
Jodhpur,18-30,High Risk,Driving carelessly,Pedestrian,Clear,State Highway,Damaged,Daylight,20.5937,78.9629,Morning
Jodhpur,31-50,High Risk,Driving carelessly,Pedestrian,Hazy,Village Road,Normal,Dark,20.5937,78.9629,Morning
Ludhiana,31-50,Medium Risk,Changing lane to the right,Bus,Clear,Highways,Normal,Daylight,20.5937,78.9629,Morning
Jodhpur,18-30,High Risk,Changing lane to the right,Cycle,Clear,Urban Road,Dry,Daylight,20.5937,78.9629,Evening
Jodhpur,18-30,High Risk,Driving carelessly,Two-Wheeler,Clear,Urban Road,Dry,Dusk,20.5937,78.9629,Morning
Agra,31-50,Medium Risk,Overtaking,Two-Wheeler,Foggy,Highways,Normal,Dark,27.1767,78.0081,Evening
Kolkata,18-30,Low Risk,Changing lane to the right,Cycle,Clear,Highways,Normal,Dawn,22.5726,88.3639,Morning
Jodhpur,50+,High Risk,No distancing,Two-Wheeler,Clear,Highways,Normal,Daylight,20.5937,78.9629,Night
Jodhpur,18-30,High Risk,Other,Cycle,Foggy,State Highway,Normal,Daylight,20.5937,78.9629,Evening
Dhanbad,18-30,Medium Risk,Changing lane to the right,Truck,Foggy,Highways,Normal,Dark,20.5937,78.9629,Morning
Gwalior,31-50,Low Risk,Changing lane to the right,Auto-Rickshaw,Hazy,Highways,Normal,Dark,20.5937,78.9629,Night
Jodhpur,18-30,Low Risk,Overtaking,Car,Clear,Highways,Normal,Daylight,20.5937,78.9629,Evening
Jodhpur,18-30,High Risk,Other,Car,Foggy,Village Road,Under Construction,Dawn,20.5937,78.9629,Afternoon
Jodhpur,18-30,Medium Risk,Driving to the left,Car,Clear,Village Road,Wet,Daylight,20.5937,78.9629,Evening
Jodhpur,18-30,High Risk,Overtaking,Bus,Clear,State Highway,Under Construction,Dawn,20.5937,78.9629,Afternoon
Jodhpur,18-30,Medium Risk,No priority to vehicle,Cycle,Clear,Highways,Normal,Dark,20.5937,78.9629,Evening
Jodhpur,18-30,High Risk,Moving Backward,Car,Clear,State Highway,Dry,Dark,20.5937,78.9629,Morning
Jodhpur,31-50,Medium Risk,Other,Bus,Clear,Highways,Normal,Daylight,20.5937,78.9629,Night
Jodhpur,18-30,High Risk,No priority to vehicle,Auto-Rickshaw,Clear,State Highway,Wet,Dawn,20.5937,78.9629,Afternoon
Jodhpur,31-50,Medium Risk,No priority to pedestrian,Auto-Rickshaw,Clear,Highways,Normal,Daylight,20.5937,78.9629,Night
Delhi,31-50,Low Risk,Changing lane to the right,Auto-Rickshaw,Clear,Highways,Normal,Dawn,28.6139,77.209,Night
Jodhpur,18-30,High Risk,Changing lane to the right,Car,Hazy,State Highway,Damaged,Daylight,20.5937,78.9629,Night
Jodhpur,18-30,High Risk,Changing lane to the right,Auto-Rickshaw,Clear,National Highway,Under Construction,Daylight,20.5937,78.9629,Afternoon
Jodhpur,18-30,Medium Risk,Driving to the left,Bus,Clear,State Highway,Damaged,Dawn,20.5937,78.9629,Afternoon
Mallapuram,50+,Low Risk,Changing lane to the left,Two-Wheeler,Clear,Highways,Normal,Daylight,20.5937,78.9629,Morning
Jodhpur,18-30,Low Risk,Moving Backward,Auto-Rickshaw,Hazy,Highways,Normal,Dark,20.5937,78.9629,Night
Jodhpur,18-30,High Risk,Driving at high speed,Truck,Rainy,Village Road,Dry,Dusk,20.5937,78.9629,Night
Jodhpur,18-30,Low Risk,Moving Backward,Two-Wheeler,Clear,Highways,Normal,Dark,20.5937,78.9629,Night
Bhopal,18-30,Low Risk,No distancing,Auto-Rickshaw,Hazy,Highways,Normal,Dark,20.5937,78.9629,Morning
Kannur,18-30,High Risk,Other,Auto-Rickshaw,Stormy,Highways,Normal,Daylight,20.5937,78.9629,Morning
Kanpur,18-30,Low Risk,No priority to vehicle,Truck,Clear,Highways,Normal,Dawn,26.4499,80.3319,Evening
Kannur,18-30,High Risk,Changing lane to the right,Car,Foggy,Village Road,Under Construction,Daylight,20.5937,78.9629,Night
Patna,18-30,Low Risk,Other,Two-Wheeler,Clear,Highways,Normal,Dusk,25.5941,85.1376,Night
Kannur,18-30,High Risk,No distancing,Car,Rainy,Highways,Normal,Dark,20.5937,78.9629,Evening
Kannur,18-30,High Risk,Driving carelessly,Auto-Rickshaw,Clear,National Highway,Under Construction,Daylight,20.5937,78.9629,Evening
Kannur,18-30,High Risk,No distancing,Cycle,Clear,State Highway,Dry,Daylight,20.5937,78.9629,Morning
Kannur,18-30,High Risk,Moving Backward,Pedestrian,Clear,Urban Road,Dry,Dark,20.5937,78.9629,Night
Kannur,18-30,High Risk,No distancing,Pedestrian,Hazy,Village Road,Under Construction,Dark,20.5937,78.9629,Afternoon
Kannur,31-50,High Risk,Moving Backward,Auto-Rickshaw,Hazy,National Highway,Damaged,Dawn,20.5937,78.9629,Evening
Ahmedabad,18-30,Medium Risk,No priority to pedestrian,Truck,Hazy,Highways,Normal,Dusk,23.0225,72.5714,Afternoon
Kannur,18-30,High Risk,Changing lane to the left,Two-Wheeler,Stormy,State Highway,Dry,Dark,20.5937,78.9629,Night
Kannur,31-50,High Risk,No distancing,Auto-Rickshaw,Clear,Urban Road,Damaged,Dusk,20.5937,78.9629,Morning
Kannur,31-50,High Risk,Other,Cycle,Clear,National Highway,Under Construction,Dawn,20.5937,78.9629,Night
Kannur,31-50,High Risk,No distancing,Cycle,Stormy,State Highway,Wet,Daylight,20.5937,78.9629,Night
Kannur,18-30,Low Risk,No priority to pedestrian,Two-Wheeler,Clear,Highways,Normal,Dawn,20.5937,78.9629,Night
Hyderabad,18-30,Low Risk,Moving Backward,Bus,Rainy,Highways,Normal,Daylight,17.385,78.4867,Night
Kannur,50+,High Risk,No priority to pedestrian,Pedestrian,Foggy,National Highway,Under Construction,Dawn,20.5937,78.9629,Afternoon
Kannur,31-50,Low Risk,No distancing,Pedestrian,Stormy,Highways,Normal,Daylight,20.5937,78.9629,Morning
Jodhpur,18-30,Low Risk,No priority to pedestrian,Pedestrian,Rainy,Highways,Normal,Daylight,20.5937,78.9629,Afternoon
Kannur,18-30,Medium Risk,Driving carelessly,Car,Clear,Village Road,Wet,Daylight,20.5937,78.9629,Morning
Kannur,18-30,High Risk,Getting off the vehicle improperly,Car,Stormy,National Highway,Under Construction,Daylight,20.5937,78.9629,Morning
Kannur,18-30,High Risk,Driving carelessly,Auto-Rickshaw,Clear,Highways,Normal,Daylight,20.5937,78.9629,Night
Jabalpur,50+,Low Risk,Changing lane to the left,Truck,Clear,Highways,Normal,Dusk,20.5937,78.9629,Morning
Kannur,31-50,Medium Risk,No priority to vehicle,Pedestrian,Clear,Highways,Normal,Daylight,20.5937,78.9629,Night
Kannur,18-30,High Risk,Changing lane to the right,Two-Wheeler,Foggy,Urban Road,Damaged,Dark,20.5937,78.9629,Night
Ludhiana,18-30,Medium Risk,Changing lane to the right,Truck,Hazy,Highways,Normal,Daylight,20.5937,78.9629,Evening
Kannur,18-30,High Risk,No distancing,Pedestrian,Clear,Urban Road,Under Construction,Dawn,20.5937,78.9629,Night
Kannur,18-30,Medium Risk,No distancing,Pedestrian,Clear,Urban Road,Damaged,Dawn,20.5937,78.9629,Morning
Kannur,18-30,High Risk,Changing lane to the left,Truck,Foggy,National Highway,Damaged,Daylight,20.5937,78.9629,Night
Kannur,18-30,Medium Risk,Changing lane to the right,Auto-Rickshaw,Clear,Highways,Normal,Daylight,20.5937,78.9629,Night
Kannur,18-30,Low Risk,No priority to vehicle,Two-Wheeler,Clear,Highways,Normal,Daylight,20.5937,78.9629,Afternoon
Kannur,50+,High Risk,Changing lane to the left,Truck,Clear,Urban Road,Dry,Daylight,20.5937,78.9629,Night
Kannur,31-50,High Risk,No priority to vehicle,Two-Wheeler,Foggy,State Highway,Normal,Daylight,20.5937,78.9629,Morning
Kannur,18-30,High Risk,Moving Backward,Pedestrian,Clear,Village Road,Damaged,Dark,20.5937,78.9629,Morning
Kannur,18-30,High Risk,Turnover,Auto-Rickshaw,Clear,State Highway,Wet,Daylight,20.5937,78.9629,Night
Kannur,18-30,High Risk,No distancing,Car,Foggy,State Highway,Dry,Dawn,20.5937,78.9629,Night
Tiruchirapalli,18-30,Medium Risk,No distancing,Car,Clear,Highways,Normal,Daylight,20.5937,78.9629,Morning
Kanpur,18-30,Medium Risk,No distancing,Car,Clear,Highways,Normal,Dusk,26.4499,80.3319,Morning
Kanpur,31-50,High Risk,Changing lane to the left,Pedestrian,Clear,Village Road,Dry,Dawn,26.4499,80.3319,Morning
Kanpur,18-30,High Risk,No priority to vehicle,Cycle,Rainy,State Highway,Normal,Dusk,26.4499,80.3319,Afternoon
Kanpur,50+,High Risk,Driving at high speed,Pedestrian,Clear,National Highway,Under Construction,Dawn,26.4499,80.3319,Evening
Kanpur,31-50,High Risk,Overtaking,Truck,Clear,Urban Road,Damaged,Dawn,26.4499,80.3319,Morning
Kanpur,18-30,High Risk,Other,Car,Clear,Highways,Normal,Dusk,26.4499,80.3319,Night
Lucknow,18-30,Low Risk,Changing lane to the left,Bus,Clear,Highways,Normal,Dusk,26.8467,80.9462,Night
Kolkata,18-30,Low Risk,No priority to pedestrian,Truck,Rainy,Highways,Normal,Daylight,22.5726,88.3639,Afternoon
Kanpur,31-50,High Risk,Changing lane to the left,Pedestrian,Clear,Urban Road,Damaged,Daylight,26.4499,80.3319,Morning
Kanpur,18-30,High Risk,No distancing,Bus,Hazy,National Highway,Dry,Daylight,26.4499,80.3319,Afternoon
Kanpur,18-30,High Risk,Moving Backward,Car,Clear,State Highway,Under Construction,Dawn,26.4499,80.3319,Night
Kanpur,50+,High Risk,Changing lane to the left,Auto-Rickshaw,Clear,Urban Road,Under Construction,Daylight,26.4499,80.3319,Morning
Kanpur,50+,Medium Risk,Other,Two-Wheeler,Foggy,Highways,Normal,Dark,26.4499,80.3319,Evening
Kanpur,18-30,High Risk,No distancing,Two-Wheeler,Stormy,Urban Road,Under Construction,Dark,26.4499,80.3319,Night
Kanpur,18-30,High Risk,Moving Backward,Pedestrian,Stormy,State Highway,Wet,Dusk,26.4499,80.3319,Morning
Kanpur,18-30,Low Risk,No distancing,Bus,Foggy,Highways,Normal,Daylight,26.4499,80.3319,Evening
Kanpur,18-30,High Risk,Changing lane to the left,Car,Clear,Village Road,Under Construction,Dark,26.4499,80.3319,Morning
Kanpur,31-50,High Risk,Changing lane to the left,Bus,Clear,National Highway,Damaged,Dawn,26.4499,80.3319,Evening
Kanpur,31-50,Low Risk,No priority to pedestrian,Car,Clear,Highways,Normal,Daylight,26.4499,80.3319,Morning
Bhopal,31-50,Low Risk,Changing lane to the left,Truck,Clear,Highways,Normal,Daylight,20.5937,78.9629,Night
Kanpur,31-50,High Risk,Driving carelessly,Auto-Rickshaw,Clear,National Highway,Dry,Daylight,26.4499,80.3319,Morning
Gwalior,31-50,Medium Risk,Driving carelessly,Car,Stormy,Highways,Normal,Dusk,20.5937,78.9629,Evening
Kanpur,50+,High Risk,No priority to pedestrian,Two-Wheeler,Clear,Village Road,Normal,Daylight,26.4499,80.3319,Afternoon
Kanpur,18-30,High Risk,Getting off the vehicle improperly,Truck,Foggy,Urban Road,Damaged,Daylight,26.4499,80.3319,Morning
Kanpur,31-50,High Risk,No distancing,Truck,Hazy,Urban Road,Damaged,Daylight,26.4499,80.3319,Night
Kanpur,18-30,Low Risk,Changing lane to the left,Car,Clear,Highways,Normal,Dusk,26.4499,80.3319,Morning
Kanpur,18-30,High Risk,No priority to vehicle,Auto-Rickshaw,Stormy,State Highway,Wet,Dawn,26.4499,80.3319,Evening
Kanpur,18-30,High Risk,No distancing,Cycle,Stormy,State Highway,Wet,Dusk,26.4499,80.3319,Afternoon
Kanpur,50+,High Risk,No priority to pedestrian,Cycle,Clear,Urban Road,Under Construction,Daylight,26.4499,80.3319,Night
Kanpur,18-30,High Risk,No priority to pedestrian,Auto-Rickshaw,Clear,Urban Road,Under Construction,Daylight,26.4499,80.3319,Afternoon
Kanpur,31-50,Medium Risk,No priority to vehicle,Two-Wheeler,Clear,Village Road,Damaged,Daylight,26.4499,80.3319,Morning
Kanpur,18-30,Medium Risk,Driving carelessly,Pedestrian,Rainy,State Highway,Wet,Daylight,26.4499,80.3319,Afternoon
Kanpur,18-30,Medium Risk,Changing lane to the right,Auto-Rickshaw,Rainy,Urban Road,Dry,Dawn,26.4499,80.3319,Evening
Kanpur,18-30,Medium Risk,Changing lane to the left,Pedestrian,Foggy,State Highway,Dry,Daylight,26.4499,80.3319,Afternoon
Kanpur,18-30,Low Risk,Moving Backward,Cycle,Clear,Highways,Normal,Dawn,26.4499,80.3319,Evening
Kanpur,31-50,High Risk,Driving carelessly,Bus,Foggy,National Highway,Damaged,Daylight,26.4499,80.3319,Afternoon
Kanpur,18-30,High Risk,Driving to the left,Truck,Clear,Village Road,Under Construction,Daylight,26.4499,80.3319,Night
Kanpur,18-30,High Risk,Driving to the left,Car,Hazy,Urban Road,Under Construction,Dark,26.4499,80.3319,Night
Kanpur,31-50,High Risk,No priority to pedestrian,Car,Foggy,National Highway,Damaged,Daylight,26.4499,80.3319,Afternoon
Kanpur,31-50,High Risk,Changing lane to the left,Bus,Clear,Urban Road,Under Construction,Daylight,26.4499,80.3319,Morning
Kanpur,31-50,High Risk,Changing lane to the right,Truck,Clear,Highways,Normal,Dark,26.4499,80.3319,Night
Khozikode,18-30,High Risk,Driving carelessly,Two-Wheeler,Clear,Highways,Normal,Daylight,20.5937,78.9629,Night
Khozikode,18-30,Low Risk,No distancing,Auto-Rickshaw,Clear,Highways,Normal,Dawn,20.5937,78.9629,Night
Khozikode,18-30,High Risk,Getting off the vehicle improperly,Bus,Clear,National Highway,Under Construction,Daylight,20.5937,78.9629,Morning
Khozikode,18-30,High Risk,Driving under the influence of drugs,Bus,Clear,State Highway,Damaged,Daylight,20.5937,78.9629,Afternoon
Khozikode,31-50,High Risk,Changing lane to the right,Car,Clear,Urban Road,Dry,Daylight,20.5937,78.9629,Afternoon
Khozikode,18-30,High Risk,Driving carelessly,Auto-Rickshaw,Clear,National Highway,Normal,Daylight,20.5937,78.9629,Evening
Khozikode,50+,High Risk,Moving Backward,Bus,Clear,Village Road,Dry,Daylight,20.5937,78.9629,Night
Kollam,18-30,Low Risk,Turnover,Pedestrian,Clear,Highways,Normal,Daylight,20.5937,78.9629,Night
Khozikode,18-30,High Risk,Changing lane to the right,Pedestrian,Clear,State Highway,Under Construction,Dawn,20.5937,78.9629,Night
Khozikode,18-30,High Risk,Driving carelessly,Cycle,Clear,Village Road,Under Construction,Dawn,20.5937,78.9629,Morning