Million_Plus_Cities,Age_band_of_driver,Accident_severity,Cause_of_accident,Vehicle Type Involved,Weather Conditions,Road Type,Road Condition,Lighting Conditions,Latitude,Longitude,Time_Block
Kota,18-30,Low Risk,No priority to vehicle,Car,Clear,Highways,Normal,Dawn,20.5937,78.9629,Morning
Khozikode,31-50,High Risk,Moving Backward,Two-Wheeler,Foggy,National Highway,Damaged,Dusk,20.5937,78.9629,Morning
Khozikode,18-30,High Risk,Changing lane to the left,Auto-Rickshaw,Clear,Village Road,Dry,Dark,20.5937,78.9629,Night
Khozikode,31-50,Low Risk,Overturning,Cycle,Hazy,Highways,Normal,Daylight,20.5937,78.9629,Morning
Khozikode,31-50,High Risk,No distancing,Auto-Rickshaw,Clear,Urban Road,Under Construction,Dark,20.5937,78.9629,Morning
Khozikode,18-30,High Risk,Driving carelessly,Pedestrian,Clear,State Highway,Damaged,Daylight,20.5937,78.9629,Night
Khozikode,18-30,High Risk,No distancing,Pedestrian,Clear,Urban Road,Under Construction,Dusk,20.5937,78.9629,Morning
Pune,18-30,Medium Risk,Changing lane to the left,Two-Wheeler,Hazy,Highways,Normal,Dawn,18.5204,73.8567,Night
Khozikode,18-30,Medium Risk,No priority to pedestrian,Car,Clear,Highways,Normal,Daylight,20.5937,78.9629,Afternoon
Kota,18-30,Low Risk,No distancing,Cycle,Clear,Highways,Normal,Daylight,20.5937,78.9629,Morning
Khozikode,18-30,High Risk,No distancing,Car,Rainy,National Highway,Under Construction,Dark,20.5937,78.9629,Night
Mallapuram,18-30,Low Risk,Changing lane to the left,Cycle,Clear,Highways,Normal,Dark,20.5937,78.9629,Night
Khozikode,18-30,High Risk,No distancing,Truck,Clear,Village Road,Under Construction,Daylight,20.5937,78.9629,Night
Khozikode,18-30,High Risk,Changing lane to the left,Truck,Clear,Urban Road,Dry,Daylight,20.5937,78.9629,Morning
Kollam,18-30,Low Risk,No distancing,Cycle,Clear,Highways,Normal,Dawn,20.5937,78.9629,Night
Khozikode,18-30,High Risk,No distancing,Truck,Clear,Urban Road,Under Construction,Daylight,20.5937,78.9629,Morning
Khozikode,18-30,High Risk,No distancing,Cycle,Clear,State Highway,Wet,Dawn,20.5937,78.9629,Evening
Khozikode,18-30,High Risk,Changing lane to the left,Car,Foggy,Urban Road,Damaged,Daylight,20.5937,78.9629,Night
Khozikode,31-50,High Risk,Changing lane to the right,Pedestrian,Clear,State Highway,Under Construction,Daylight,20.5937,78.9629,Night
Khozikode,18-30,Low Risk,Moving Backward,Pedestrian,Stormy,Highways,Normal,Dawn,20.5937,78.9629,Morning
Khozikode,31-50,High Risk,Changing lane to the right,Car,Foggy,National Highway,Wet,Daylight,20.5937,78.9629,Night
Khozikode,31-50,High Risk,No distancing,Bus,Clear,Highways,Normal,Daylight,20.5937,78.9629,Night
Khozikode,18-30,Medium Risk,Overtaking,Auto-Rickshaw,Hazy,Highways,Normal,Daylight,20.5937,78.9629,Night
Khozikode,18-30,Low Risk,Other,Car,Clear,Highways,Normal,Daylight,20.5937,78.9629,Morning
Khozikode,18-30,High Risk,Other,Pedestrian,Clear,State Highway,Wet,Daylight,20.5937,78.9629,Morning
Khozikode,31-50,High Risk,Changing lane to the right,Car,Clear,Village Road,Dry,Daylight,20.5937,78.9629,Evening
Khozikode,31-50,High Risk,No priority to pedestrian,Truck,Clear,State Highway,Normal,Dawn,20.5937,78.9629,Night
Pune,18-30,Medium Risk,No priority to vehicle,Two-Wheeler,Clear,Highways,Normal,Daylight,18.5204,73.8567,Night
Khozikode,18-30,High Risk,Changing lane to the left,Car,Clear,State Highway,Damaged,Daylight,20.5937,78.9629,Afternoon
Jodhpur,50+,Medium Risk,Changing lane to the left,Pedestrian,Rainy,Highways,Normal,Daylight,20.5937,78.9629,Night
Kochi,18-30,High Risk,Overtaking,Bus,Clear,Highways,Normal,Dark,20.5937,78.9629,Night
Kochi,18-30,Low Risk,No distancing,Pedestrian,Clear,Highways,Normal,Daylight,20.5937,78.9629,Morning
Kochi,18-30,Low Risk,No priority to vehicle,Truck,Rainy,Highways,Normal,Daylight,20.5937,78.9629,Night
Hyderabad,31-50,Low Risk,Changing lane to the right,Car,Stormy,Highways,Normal,Daylight,17.385,78.4867,Morning
Kochi,18-30,Low Risk,Changing lane to the left,Car,Clear,Highways,Normal,Daylight,20.5937,78.9629,Morning
Kochi,18-30,High Risk,No distancing,Car,Stormy,Urban Road,Wet,Dawn,20.5937,78.9629,Afternoon
Kochi,18-30,High Risk,Driving carelessly,Cycle,Clear,Urban Road,Dry,Daylight,20.5937,78.9629,Evening
Kochi,50+,High Risk,No priority to pedestrian,Auto-Rickshaw,Clear,State Highway,Wet,Daylight,20.5937,78.9629,Morning
Kochi,50+,Low Risk,Driving carelessly,Car,Clear,Highways,Normal,Daylight,20.5937,78.9629,Afternoon
Kochi,31-50,High Risk,Moving Backward,Cycle,Clear,Village Road,Damaged,Daylight,20.5937,78.9629,Afternoon
Kochi,18-30,High Risk,No distancing,Car,Clear,Urban Road,Dry,Daylight,20.5937,78.9629,Afternoon
Kochi,50+,Low Risk,No distancing,Cycle,Stormy,Highways,Normal,Dark,20.5937,78.9629,Morning
Kochi,18-30,High Risk,No distancing,Pedestrian,Foggy,Urban Road,Dry,Dusk,20.5937,78.9629,Night
Kochi,18-30,High Risk,Changing lane to the left,Car,Clear,Urban Road,Dry,Dark,20.5937,78.9629,Morning
Kochi,18-30,High Risk,Changing lane to the left,Car,Stormy,Village Road,Normal,Daylight,20.5937,78.9629,Morning
Kochi,18-30,High Risk,Moving Backward,Bus,Clear,Urban Road,Dry,Dawn,20.5937,78.9629,Night
Kochi,18-30,Low Risk,Changing lane to the right,Car,Clear,Highways,Normal,Daylight,20.5937,78.9629,Morning
Kochi,18-30,High Risk,No priority to vehicle,Two-Wheeler,Clear,State Highway,Normal,Daylight,20.5937,78.9629,Evening
Kochi,18-30,High Risk,Moving Backward,Car,Rainy,Village Road,Under Construction,Dawn,20.5937,78.9629,Night
Kochi,31-50,Low Risk,Driving carelessly,Bus,Hazy,Highways,Normal,Dawn,20.5937,78.9629,Night
Kochi,31-50,High Risk,Driving carelessly,Cycle,Clear,Village Road,Wet,Dark,20.5937,78.9629,Afternoon
Kochi,31-50,High Risk,Driving under the influence of drugs,Pedestrian,Clear,National Highway,Dry,Daylight,20.5937,78.9629,Morning
Ahmedabad,31-50,Low Risk,No priority to pedestrian,Auto-Rickshaw,Rainy,Highways,Normal,Dark,23.0225,72.5714,Morning
Kochi,31-50,High Risk,No priority to vehicle,Cycle,Clear,State Highway,Wet,Dusk,20.5937,78.9629,Afternoon
Kochi,31-50,High Risk,Driving carelessly,Car,Clear,National Highway,Normal,Dawn,20.5937,78.9629,Afternoon
Kochi,31-50,High Risk,Moving Backward,Car,Clear,National Highway,Damaged,Daylight,20.5937,78.9629,Afternoon
Kochi,50+,High Risk,Driving carelessly,Cycle,Clear,Village Road,Under Construction,Daylight,20.5937,78.9629,Night
Kota,31-50,Medium Risk,No priority to vehicle,Auto-Rickshaw,Rainy,Highways,Normal,Dark,20.5937,78.9629,Evening
Ahmedabad,18-30,Low Risk,Changing lane to the right,Car,Stormy,Highways,Normal,Daylight,23.0225,72.5714,Night
Kochi,31-50,High Risk,Changing lane to the left,Pedestrian,Clear,Urban Road,Under Construction,Dawn,20.5937,78.9629,Evening
Kochi,18-30,High Risk,No priority to vehicle,Truck,Clear,Urban Road,Dry,Dusk,20.5937,78.9629,Afternoon
Kochi,31-50,Medium Risk,Driving carelessly,Truck,Stormy,Highways,Normal,Dusk,20.5937,78.9629,Morning
Kochi,31-50,Low Risk,Moving Backward,Auto-Rickshaw,Clear,Highways,Normal,Dusk,20.5937,78.9629,Morning
Aurangabad,18-30,Medium Risk,Overtaking,Car,Foggy,Highways,Normal,Dark,20.5937,78.9629,Morning
Kochi,18-30,High Risk,Changing lane to the left,Pedestrian,Rainy,State Highway,Dry,Daylight,20.5937,78.9629,Evening
Kochi,50+,High Risk,Changing lane to the right,Two-Wheeler,Rainy,Urban Road,Under Construction,Daylight,20.5937,78.9629,Morning
Kochi,18-30,High Risk,Overtaking,Two-Wheeler,Clear,National Highway,Damaged,Daylight,20.5937,78.9629,Night
Kochi,18-30,Medium Risk,Overloading,Bus,Clear,National Highway,Normal,Dusk,20.5937,78.9629,Night
Kochi,18-30,Medium Risk,Other,Cycle,Clear,Highways,Normal,Daylight,20.5937,78.9629,Night
Kochi,18-30,High Risk,No priority to vehicle,Two-Wheeler,Foggy,National Highway,Wet,Dawn,20.5937,78.9629,Night
Kolkata,18-30,High Risk,Changing lane to the right,Pedestrian,Hazy,Village Road,Dry,Daylight,22.5726,88.3639,Morning
Kolkata,18-30,High Risk,Moving Backward,Car,Stormy,National Highway,Dry,Dawn,22.5726,88.3639,Morning
Kolkata,18-30,High Risk,Changing lane to the left,Auto-Rickshaw,Foggy,State Highway,Dry,Dusk,22.5726,88.3639,Morning
Kolkata,18-30,High Risk,No priority to pedestrian,Car,Clear,Village Road,Wet,Dusk,22.5726,88.3639,Afternoon
Kolkata,18-30,High Risk,No distancing,Truck,Foggy,Village Road,Damaged,Dawn,22.5726,88.3639,Morning
Kolkata,50+,Low Risk,No priority to vehicle,Auto-Rickshaw,Stormy,Highways,Normal,Daylight,22.5726,88.3639,Evening
Kolkata,31-50,High Risk,No distancing,Two-Wheeler,Clear,Village Road,Under Construction,Dawn,22.5726,88.3639,Afternoon
Nashik,18-30,Low Risk,No distancing,Pedestrian,Hazy,Highways,Normal,Daylight,20.5937,78.9629,Night
Kolkata,50+,High Risk,Moving Backward,Cycle,Clear,State Highway,Under Construction,Daylight,22.5726,88.3639,Morning
Kolkata,31-50,High Risk,Changing lane to the right,Truck,Clear,Highways,Normal,Dawn,22.5726,88.3639,Evening
Kolkata,31-50,High Risk,No priority to pedestrian,Auto-Rickshaw,Clear,Urban Road,Dry,Daylight,22.5726,88.3639,Morning
Kolkata,18-30,High Risk,Moving Backward,Car,Rainy,Urban Road,Wet,Daylight,22.5726,88.3639,Afternoon
Kolkata,18-30,High Risk,Getting off the vehicle improperly,Car,Clear,Urban Road,Dry,Daylight,22.5726,88.3639,Night
Kolkata,18-30,High Risk,Overtaking,Bus,Hazy,National Highway,Normal,Dusk,22.5726,88.3639,Afternoon
Kolkata,18-30,High Risk,Overloading,Truck,Foggy,State Highway,Wet,Dawn,22.5726,88.3639,Afternoon
Kolkata,31-50,High Risk,Changing lane to the right,Car,Hazy,Urban Road,Dry,Dark,22.5726,88.3639,Afternoon
Ludhiana,31-50,Low Risk,Improper parking,Cycle,Foggy,Highways,Normal,Dusk,20.5937,78.9629,Evening
Kolkata,31-50,High Risk,Other,Bus,Rainy,Urban Road,Wet,Daylight,22.5726,88.3639,Morning
Kolkata,31-50,High Risk,Changing lane to the left,Cycle,Clear,National Highway,Damaged,Dawn,22.5726,88.3639,Night
Kolkata,50+,Medium Risk,Changing lane to the right,Auto-Rickshaw,Rainy,Highways,Normal,Dawn,22.5726,88.3639,Night
Kolkata,18-30,High Risk,No priority to pedestrian,Truck,Foggy,Village Road,Dry,Daylight,22.5726,88.3639,Night
Ahmedabad,50+,Low Risk,Overspeed,Auto-Rickshaw,Clear,Highways,Normal,Daylight,23.0225,72.5714,Morning
Kolkata,31-50,Medium Risk,Changing lane to the left,Truck,Foggy,Village Road,Under Construction,Daylight,22.5726,88.3639,Night
Kolkata,18-30,Medium Risk,No priority to vehicle,Auto-Rickshaw,Hazy,Urban Road,Normal,Dark,22.5726,88.3639,Morning
Kolkata,18-30,High Risk,Changing lane to the right,Pedestrian,Clear,Urban Road,Dry,Daylight,22.5726,88.3639,Night
Kolkata,18-30,High Risk,No distancing,Car,Clear,Urban Road,Dry,Dark,22.5726,88.3639,Night
Kolkata,18-30,High Risk,No priority to pedestrian,Auto-Rickshaw,Clear,National Highway,Normal,Dawn,22.5726,88.3639,Morning
Kolkata,18-30,High Risk,No distancing,Auto-Rickshaw,Clear,Urban Road,Under Construction,Daylight,22.5726,88.3639,Evening
Kochi,18-30,Low Risk,No priority to vehicle,Cycle,Clear,Highways,Normal,Daylight,20.5937,78.9629,Morning
Kolkata,18-30,High Risk,Other,Car,Foggy,Village Road,Dry,Dark,22.5726,88.3639,Afternoon
Kolkata,18-30,High Risk,Driving carelessly,Cycle,Hazy,National Highway,Dry,Daylight,22.5726,88.3639,Morning
Kolkata,31-50,High Risk,Changing lane to the left,Auto-Rickshaw,Foggy,State Highway,Damaged,Dawn,22.5726,88.3639,Night
Kolkata,31-50,High Risk,Driving carelessly,Cycle,Hazy,Urban Road,Wet,Dawn,22.5726,88.3639,Afternoon
Kolkata,31-50,High Risk,Changing lane to the left,Two-Wheeler,Clear,Urban Road,Dry,Dark,22.5726,88.3639,Evening
Kolkata,18-30,High Risk,No priority to vehicle,Car,Rainy,Urban Road,Wet,Daylight,22.5726,88.3639,Afternoon
Kolkata,18-30,High Risk,No distancing,Cycle,Clear,Urban Road,Under Construction,Dusk,22.5726,88.3639,Evening
Ghaziabad,31-50,Low Risk,Changing lane to the right,Auto-Rickshaw,Stormy,Highways,Normal,Dusk,20.5937,78.9629,Night
Kolkata,18-30,High Risk,Changing lane to the right,Auto-Rickshaw,Clear,State Highway,Damaged,Dark,22.5726,88.3639,Afternoon
Kolkata,18-30,High Risk,Driving at high speed,Car,Clear,Village Road,Damaged,Daylight,22.5726,88.3639,Afternoon
Lucknow,18-30,Low Risk,No distancing,Car,Foggy,Highways,Normal,Dusk,26.8467,80.9462,Night
Kollam,50+,High Risk,Changing lane to the right,Cycle,Clear,Highways,Normal,Dark,20.5937,78.9629,Evening
Kollam,18-30,High Risk,Changing lane to the left,Truck,Rainy,State Highway,Wet,Daylight,20.5937,78.9629,Morning
Kollam,50+,Low Risk,Getting off the vehicle improperly,Car,Stormy,Highways,Normal,Dark,20.5937,78.9629,Morning
Kollam,18-30,High Risk,Other,Car,Clear,National Highway,Wet,Dark,20.5937,78.9629,Night
Kollam,18-30,High Risk,Other,Cycle,Clear,Village Road,Damaged,Daylight,20.5937,78.9629,Afternoon
Kollam,18-30,High Risk,No distancing,Bus,Hazy,Urban Road,Wet,Daylight,20.5937,78.9629,Night
Kollam,18-30,High Risk,No priority to vehicle,Truck,Clear,Village Road,Wet,Dark,20.5937,78.9629,Morning
Kollam,18-30,High Risk,Overtaking,Two-Wheeler,Clear,Highways,Normal,Daylight,20.5937,78.9629,Morning
Kollam,31-50,Medium Risk,No priority to pedestrian,Auto-Rickshaw,Rainy,Village Road,Damaged,Daylight,20.5937,78.9629,Afternoon
Kollam,18-30,High Risk,No distancing,Cycle,Clear,State Highway,Normal,Dark,20.5937,78.9629,Morning
Kollam,31-50,High Risk,Changing lane to the right,Two-Wheeler,Clear,National Highway,Under Construction,Dark,20.5937,78.9629,Morning
Kollam,50+,High Risk,Driving carelessly,Two-Wheeler,Clear,Urban Road,Damaged,Daylight,20.5937,78.9629,Afternoon
Kollam,18-30,High Risk,Changing lane to the right,Car,Clear,Urban Road,Under Construction,Dark,20.5937,78.9629,Morning
Kollam,31-50,Medium Risk,Overtaking,Pedestrian,Clear,Village Road,Under Construction,Daylight,20.5937,78.9629,Night
Kollam,50+,High Risk,Other,Car,Stormy,National Highway,Wet,Dark,20.5937,78.9629,Evening
Kollam,31-50,Medium Risk,Driving to the left,Auto-Rickshaw,Hazy,Highways,Normal,Daylight,20.5937,78.9629,Afternoon
Kollam,18-30,High Risk,Driving at high speed,Bus,Stormy,State Highway,Under Construction,Dusk,20.5937,78.9629,Night
Kollam,18-30,Low Risk,Unknown,Pedestrian,Clear,Highways,Normal,Dark,20.5937,78.9629,Night
Kollam,18-30,Low Risk,Changing lane to the right,Pedestrian,Clear,Highways,Normal,Dusk,20.5937,78.9629,Night
Kollam,18-30,High Risk,No distancing,Car,Rainy,Village Road,Wet,Daylight,20.5937,78.9629,Morning
Kollam,31-50,High Risk,Other,Bus,Hazy,Urban Road,Under Construction,Dusk,20.5937,78.9629,Night
Kollam,18-30,High Risk,No priority to vehicle,Truck,Clear,National Highway,Dry,Dawn,20.5937,78.9629,Morning
Kollam,31-50,High Risk,Changing lane to the left,Truck,Clear,Village Road,Wet,Daylight,20.5937,78.9629,Night
Kollam,18-30,High Risk,No priority to pedestrian,Truck,Rainy,Village Road,Under Construction,Dusk,20.5937,78.9629,Evening
Kollam,18-30,High Risk,Overtaking,Cycle,Clear,National Highway,Wet,Dusk,20.5937,78.9629,Morning
Kollam,31-50,Low Risk,Driving carelessly,Cycle,Stormy,Highways,Normal,Daylight,20.5937,78.9629,Afternoon
Kollam,18-30,High Risk,No priority to vehicle,Auto-Rickshaw,Stormy,State Highway,Under Construction,Dusk,20.5937,78.9629,Evening
Kollam,31-50,High Risk,No priority to pedestrian,Pedestrian,Clear,Urban Road,Under Construction,Daylight,20.5937,78.9629,Morning
Kollam,18-30,High Risk,Changing lane to the right,Cycle,Hazy,Urban Road,Wet,Dark,20.5937,78.9629,Morning
Lucknow,18-30,Low Risk,Driving carelessly,Two-Wheeler,Stormy,Highways,Normal,Daylight,26.8467,80.9462,Morning
Kollam,18-30,Low Risk,Changing lane to the right,Car,Foggy,Highways,Normal,Daylight,20.5937,78.9629,Morning
Kollam,18-30,Low Risk,Changing lane to the right,Pedestrian,Foggy,Highways,Normal,Dawn,20.5937,78.9629,Afternoon
Amritsar,18-30,Medium Risk,Changing lane to the left,Car,Hazy,Highways,Normal,Daylight,20.5937,78.9629,Evening
Kollam,50+,High Risk,Overturning,Two-Wheeler,Clear,National Highway,Normal,Dark,20.5937,78.9629,Afternoon
Vijaywada city,18-30,Medium Risk,Driving carelessly,Car,Stormy,Highways,Normal,Daylight,20.5937,78.9629,Evening
Kollam,50+,High Risk,No distancing,Auto-Rickshaw,Clear,Urban Road,Dry,Daylight,20.5937,78.9629,Afternoon
Kollam,18-30,High Risk,Driving carelessly,Pedestrian,Clear,Highways,Normal,Dawn,20.5937,78.9629,Morning
Meerut,18-30,Medium Risk,Changing lane to the left,Cycle,Rainy,Highways,Normal,Dark,20.5937,78.9629,Morning
Kollam,31-50,High Risk,No priority to vehicle,Cycle,Clear,National Highway,Dry,Daylight,20.5937,78.9629,Afternoon
Kollam,31-50,High Risk,Changing lane to the right,Cycle,Stormy,State Highway,Dry,Dawn,20.5937,78.9629,Afternoon
Kota,18-30,Low Risk,No distancing,Auto-Rickshaw,Foggy,Highways,Normal,Daylight,20.5937,78.9629,Morning
Kota,50+,High Risk,Moving Backward,Bus,Stormy,National Highway,Wet,Daylight,20.5937,78.9629,Evening
Kota,18-30,High Risk,Overtaking,Car,Stormy,Village Road,Wet,Daylight,20.5937,78.9629,Evening
Kota,18-30,Low Risk,Changing lane to the left,Pedestrian,Foggy,Highways,Normal,Daylight,20.5937,78.9629,Afternoon
Kota,18-30,High Risk,Changing lane to the right,Auto-Rickshaw,Rainy,State Highway,Wet,Dark,20.5937,78.9629,Evening
Kota,31-50,High Risk,Overtaking,Cycle,Clear,Urban Road,Wet,Dusk,20.5937,78.9629,Morning
Kota,18-30,High Risk,Overloading,Car,Clear,State Highway,Dry,Dark,20.5937,78.9629,Evening
Kota,18-30,High Risk,Other,Car,Clear,State Highway,Under Construction,Daylight,20.5937,78.9629,Night
Kota,18-30,High Risk,No priority to vehicle,Pedestrian,Clear,National Highway,Wet,Dusk,20.5937,78.9629,Afternoon
Kota,18-30,High Risk,Changing lane to the right,Bus,Stormy,State Highway,Wet,Daylight,20.5937,78.9629,Morning
Kota,18-30,High Risk,Moving Backward,Two-Wheeler,Clear,Village Road,Wet,Daylight,20.5937,78.9629,Afternoon
Kota,18-30,High Risk,Changing lane to the left,Bus,Clear,Village Road,Wet,Daylight,20.5937,78.9629,Afternoon
Kota,18-30,High Risk,No priority to pedestrian,Auto-Rickshaw,Clear,Village Road,Normal,Dark,20.5937,78.9629,Night
Kota,18-30,High Risk,No distancing,Auto-Rickshaw,Foggy,Urban Road,Dry,Dawn,20.5937,78.9629,Morning
Kota,18-30,High Risk,No priority to vehicle,Car,Clear,Urban Road,Under Construction,Dusk,20.5937,78.9629,Night
Vijaywada city,18-30,Low Risk,No distancing,Car,Clear,Highways,Normal,Dusk,20.5937,78.9629,Night
Kollam,18-30,Low Risk,No distancing,Pedestrian,Clear,Highways,Normal,Daylight,20.5937,78.9629,Morning
Kota,18-30,High Risk,Moving Backward,Car,Clear,Village Road,Damaged,Dusk,20.5937,78.9629,Afternoon
Kota,18-30,High Risk,Changing lane to the right,Car,Clear,Urban Road,Damaged,Daylight,20.5937,78.9629,Afternoon
Chandigarh,18-30,Low Risk,No priority to pedestrian,Auto-Rickshaw,Rainy,Highways,Normal,Daylight,20.5937,78.9629,Afternoon
Kota,31-50,Medium Risk,Moving Backward,Two-Wheeler,Clear,State Highway,Under Construction,Daylight,20.5937,78.9629,Afternoon
Raipur,50+,Low Risk,Getting off the vehicle improperly,Bus,Clear,Highways,Normal,Daylight,20.5937,78.9629,Evening
Kota,18-30,High Risk,Overtaking,Car,Clear,Urban Road,Dry,Daylight,20.5937,78.9629,Morning
Kota,18-30,High Risk,Overloading,Two-Wheeler,Clear,Village Road,Normal,Daylight,20.5937,78.9629,Evening
Kota,31-50,High Risk,Changing lane to the right,Cycle,Clear,National Highway,Wet,Daylight,20.5937,78.9629,Night
Kota,18-30,High Risk,Improper parking,Pedestrian,Foggy,Urban Road,Dry,Dusk,20.5937,78.9629,Afternoon
Jaipur,18-30,Low Risk,Other,Truck,Clear,Highways,Normal,Daylight,26.9124,75.7873,Night
Kota,18-30,Medium Risk,Changing lane to the left,Auto-Rickshaw,Clear,State Highway,Damaged,Daylight,20.5937,78.9629,Night
Kota,18-30,Medium Risk,Changing lane to the right,Car,Clear,State Highway,Wet,Daylight,20.5937,78.9629,Evening
Kota,50+,Medium Risk,No priority to pedestrian,Auto-Rickshaw,Hazy,Urban Road,Wet,Daylight,20.5937,78.9629,Evening
Kota,18-30,Medium Risk,Overspeed,Car,Clear,Village Road,Wet,Dark,20.5937,78.9629,Morning
Kota,18-30,Medium Risk,Changing lane to the left,Pedestrian,Foggy,Highways,Normal,Daylight,20.5937,78.9629,Afternoon
Kota,18-30,Low Risk,No priority to vehicle,Two-Wheeler,Rainy,Highways,Normal,Daylight,20.5937,78.9629,Night
Kota,18-30,High Risk,Changing lane to the right,Auto-Rickshaw,Clear,State Highway,Wet,Dark,20.5937,78.9629,Night
Kota,18-30,Medium Risk,No distancing,Pedestrian,Clear,Highways,Normal,Daylight,20.5937,78.9629,Afternoon
Kota,18-30,High Risk,No priority to pedestrian,Pedestrian,Rainy,National Highway,Damaged,Daylight,20.5937,78.9629,Morning
Kota,31-50,High Risk,No distancing,Pedestrian,Stormy,Urban Road,Under Construction,Daylight,20.5937,78.9629,Morning
Hyderabad,31-50,Medium Risk,No priority to vehicle,Two-Wheeler,Rainy,Highways,Normal,Daylight,17.385,78.4867,Evening
Kota,18-30,High Risk,Other,Car,Clear,Urban Road,Damaged,Dark,20.5937,78.9629,Night
Kota,18-30,High Risk,Driving carelessly,Car,Clear,Village Road,Wet,Dark,20.5937,78.9629,Night
Lucknow,31-50,High Risk,Changing lane to the left,Pedestrian,Stormy,Village Road,Damaged,Dusk,26.8467,80.9462,Afternoon
Lucknow,18-30,Medium Risk,Driving carelessly,Bus,Clear,State Highway,Dry,Daylight,26.8467,80.9462,Morning
Lucknow,18-30,Medium Risk,Changing lane to the left,Bus,Stormy,State Highway,Dry,Dawn,26.8467,80.9462,Night
Lucknow,31-50,High Risk,No priority to vehicle,Pedestrian,Clear,Village Road,Damaged,Daylight,26.8467,80.9462,Morning
Mumbai,18-30,Low Risk,No distancing,Pedestrian,Clear,Highways,Normal,Dark,19.076,72.8777,Evening
Lucknow,50+,High Risk,Changing lane to the right,Pedestrian,Clear,Village Road,Wet,Dawn,26.8467,80.9462,Morning
Mallapuram,31-50,Low Risk,Changing lane to the right,Two-Wheeler,Stormy,Highways,Normal,Dawn,20.5937,78.9629,Evening
Lucknow,31-50,Medium Risk,Driving at high speed,Auto-Rickshaw,Foggy,Highways,Normal,Dark,26.8467,80.9462,Evening
Lucknow,18-30,High Risk,No distancing,Cycle,Foggy,Village Road,Dry,Dark,26.8467,80.9462,Morning
Lucknow,18-30,High Risk,Changing lane to the right,Car,Clear,State Highway,Damaged,Daylight,26.8467,80.9462,Night
Lucknow,50+,High Risk,Changing lane to the left,Bus,Clear,Village Road,Damaged,Dawn,26.8467,80.9462,Afternoon
Lucknow,18-30,High Risk,Getting off the vehicle improperly,Car,Clear,National Highway,Dry,Dawn,26.8467,80.9462,Morning
Lucknow,18-30,High Risk,Other,Car,Clear,National Highway,Wet,Daylight,26.8467,80.9462,Morning
Lucknow,18-30,Medium Risk,Other,Two-Wheeler,Clear,National Highway,Wet,Daylight,26.8467,80.9462,Evening
Asansol Durgapur,18-30,Low Risk,No distancing,Car,Clear,Highways,Normal,Dusk,20.5937,78.9629,Morning
Lucknow,31-50,High Risk,No priority to vehicle,Auto-Rickshaw,Hazy,Urban Road,Damaged,Daylight,26.8467,80.9462,Night
Lucknow,31-50,Medium Risk,Overtaking,Auto-Rickshaw,Clear,Highways,Normal,Dusk,26.8467,80.9462,Night
Lucknow,18-30,Low Risk,No priority to pedestrian,Two-Wheeler,Foggy,Highways,Normal,Daylight,26.8467,80.9462,Morning
Lucknow,31-50,High Risk,No distancing,Bus,Clear,State Highway,Dry,Dusk,26.8467,80.9462,Evening
Lucknow,31-50,High Risk,Changing lane to the right,Car,Clear,National Highway,Wet,Dawn,26.8467,80.9462,Afternoon
Lucknow,18-30,Low Risk,Driving carelessly,Car,Clear,Highways,Normal,Dawn,26.8467,80.9462,Night
Lucknow,18-30,High Risk,Changing lane to the right,Truck,Clear,Village Road,Dry,Dark,26.8467,80.9462,Night
Lucknow,18-30,Low Risk,Overtaking,Bus,Clear,Highways,Normal,Dawn,26.8467,80.9462,Night
Lucknow,18-30,Low Risk,Other,Car,Hazy,Highways,Normal,Dark,26.8467,80.9462,Afternoon
Lucknow,50+,Medium Risk,Driving to the left,Cycle,Rainy,State Highway,Under Construction,Dusk,26.8467,80.9462,Night
Lucknow,18-30,High Risk,Driving at high speed,Cycle,Hazy,National Highway,Under Construction,Daylight,26.8467,80.9462,Morning
Lucknow,50+,High Risk,Unknown,Auto-Rickshaw,Stormy,Urban Road,Damaged,Daylight,26.8467,80.9462,Night
Madurai,18-30,Low Risk,Changing lane to the right,Two-Wheeler,Clear,Highways,Normal,Daylight,20.5937,78.9629,Night
Lucknow,18-30,Medium Risk,No distancing,Two-Wheeler,Foggy,Highways,Normal,Dawn,26.8467,80.9462,Morning
Lucknow,18-30,Low Risk,Other,Truck,Hazy,Highways,Normal,Daylight,26.8467,80.9462,Night
Lucknow,18-30,High Risk,No priority to vehicle,Pedestrian,Foggy,National Highway,Wet,Dawn,26.8467,80.9462,Afternoon
Lucknow,18-30,High Risk,Changing lane to the left,Auto-Rickshaw,Clear,Urban Road,Dry,Dusk,26.8467,80.9462,Morning
Lucknow,18-30,Low Risk,No priority to pedestrian,Auto-Rickshaw,Rainy,Highways,Normal,Daylight,26.8467,80.9462,Morning
Lucknow,18-30,High Risk,Overtaking,Bus,Stormy,Village Road,Under Construction,Daylight,26.8467,80.9462,Afternoon
Lucknow,18-30,High Risk,Driving carelessly,Car,Stormy,State Highway,Wet,Daylight,26.8467,80.9462,Morning