Million_Plus_Cities,Age_band_of_driver,Accident_severity,Cause_of_accident,Vehicle Type Involved,Weather Conditions,Road Type,Road Condition,Lighting Conditions,Latitude,Longitude,Time_Block
Lucknow,31-50,High Risk,No priority to vehicle,Cycle,Clear,National Highway,Damaged,Dark,26.8467,80.9462,Night
Lucknow,50+,High Risk,No priority to pedestrian,Two-Wheeler,Clear,State Highway,Damaged,Daylight,26.8467,80.9462,Morning
Bhopal,18-30,Low Risk,Changing lane to the right,Cycle,Clear,Highways,Normal,Dusk,20.5937,78.9629,Afternoon
Lucknow,18-30,High Risk,Driving carelessly,Cycle,Rainy,National Highway,Dry,Daylight,26.8467,80.9462,Morning
Lucknow,18-30,High Risk,Changing lane to the right,Cycle,Clear,Village Road,Wet,Daylight,26.8467,80.9462,Morning
Ludhiana,31-50,High Risk,Changing lane to the right,Car,Rainy,Village Road,Normal,Dusk,20.5937,78.9629,Evening
Thrissur,31-50,Low Risk,Changing lane to the left,Car,Clear,Highways,Normal,Daylight,20.5937,78.9629,Night
Faridabad,18-30,Low Risk,Overturning,Auto-Rickshaw,Clear,Highways,Normal,Dark,20.5937,78.9629,Morning
Ludhiana,18-30,High Risk,Driving carelessly,Two-Wheeler,Stormy,National Highway,Normal,Daylight,20.5937,78.9629,Night
Ludhiana,31-50,High Risk,No distancing,Two-Wheeler,Hazy,Urban Road,Under Construction,Dusk,20.5937,78.9629,Night
Ludhiana,18-30,High Risk,Driving carelessly,Car,Clear,State Highway,Wet,Dark,20.5937,78.9629,Afternoon
Ludhiana,31-50,High Risk,Changing lane to the left,Cycle,Clear,National Highway,Normal,Daylight,20.5937,78.9629,Morning
Mallapuram,31-50,Medium Risk,No priority to vehicle,Auto-Rickshaw,Clear,Highways,Normal,Daylight,20.5937,78.9629,Morning
Ludhiana,31-50,High Risk,Changing lane to the right,Car,Hazy,State Highway,Damaged,Daylight,20.5937,78.9629,Afternoon
Kannur,50+,Low Risk,No distancing,Cycle,Clear,Highways,Normal,Daylight,20.5937,78.9629,Night
Ludhiana,31-50,High Risk,Moving Backward,Pedestrian,Stormy,Village Road,Wet,Dark,20.5937,78.9629,Afternoon
Ludhiana,18-30,Medium Risk,Moving Backward,Auto-Rickshaw,Stormy,Highways,Normal,Daylight,20.5937,78.9629,Afternoon
Kota,31-50,Low Risk,No distancing,Two-Wheeler,Rainy,Highways,Normal,Daylight,20.5937,78.9629,Morning
Ludhiana,18-30,High Risk,No distancing,Auto-Rickshaw,Clear,National Highway,Dry,Dawn,20.5937,78.9629,Morning
Pune,18-30,Low Risk,No distancing,Bus,Foggy,Highways,Normal,Dusk,18.5204,73.8567,Afternoon
Ludhiana,50+,High Risk,No priority to pedestrian,Two-Wheeler,Hazy,Village Road,Wet,Dawn,20.5937,78.9629,Afternoon
Ludhiana,31-50,High Risk,Driving carelessly,Car,Rainy,State Highway,Damaged,Dusk,20.5937,78.9629,Night
Ludhiana,18-30,High Risk,Changing lane to the right,Truck,Clear,Village Road,Dry,Daylight,20.5937,78.9629,Afternoon
Ludhiana,18-30,High Risk,Changing lane to the left,Cycle,Rainy,Urban Road,Damaged,Dark,20.5937,78.9629,Morning
Ludhiana,18-30,Low Risk,Driving carelessly,Auto-Rickshaw,Clear,Highways,Normal,Dark,20.5937,78.9629,Morning
Faridabad,50+,Low Risk,Driving carelessly,Bus,Clear,Highways,Normal,Dawn,20.5937,78.9629,Afternoon
Ludhiana,31-50,Medium Risk,No distancing,Two-Wheeler,Clear,Highways,Normal,Dusk,20.5937,78.9629,Morning
Ludhiana,50+,High Risk,Other,Car,Clear,State Highway,Damaged,Daylight,20.5937,78.9629,Evening
Ludhiana,18-30,High Risk,Changing lane to the right,Cycle,Stormy,State Highway,Normal,Dusk,20.5937,78.9629,Night
Ludhiana,18-30,High Risk,Changing lane to the right,Car,Stormy,Urban Road,Dry,Dusk,20.5937,78.9629,Morning
Ludhiana,31-50,High Risk,No distancing,Car,Hazy,Village Road,Wet,Dawn,20.5937,78.9629,Morning
Ludhiana,31-50,High Risk,No distancing,Car,Clear,Urban Road,Dry,Daylight,20.5937,78.9629,Afternoon
Surat,31-50,Medium Risk,Overturning,Cycle,Stormy,Highways,Normal,Dark,21.1702,72.8311,Night
Madurai,18-30,Low Risk,Driving at high speed,Two-Wheeler,Clear,Highways,Normal,Daylight,20.5937,78.9629,Night
Ludhiana,31-50,Medium Risk,No priority to vehicle,Two-Wheeler,Clear,Village Road,Damaged,Dawn,20.5937,78.9629,Morning
Ludhiana,18-30,High Risk,No priority to pedestrian,Truck,Clear,State Highway,Under Construction,Daylight,20.5937,78.9629,Night
Ludhiana,31-50,High Risk,No priority to vehicle,Truck,Hazy,Village Road,Under Construction,Dark,20.5937,78.9629,Night
Ludhiana,18-30,High Risk,Other,Car,Clear,Urban Road,Dry,Daylight,20.5937,78.9629,Morning
Ludhiana,18-30,High Risk,Other,Cycle,Clear,Village Road,Under Construction,Daylight,20.5937,78.9629,Night
Ludhiana,18-30,High Risk,Moving Backward,Bus,Stormy,Village Road,Damaged,Daylight,20.5937,78.9629,Afternoon
Ludhiana,18-30,Low Risk,No distancing,Two-Wheeler,Rainy,Highways,Normal,Daylight,20.5937,78.9629,Afternoon
Ludhiana,18-30,High Risk,Moving Backward,Auto-Rickshaw,Clear,State Highway,Dry,Daylight,20.5937,78.9629,Night
Ludhiana,31-50,High Risk,No priority to vehicle,Car,Stormy,Village Road,Dry,Daylight,20.5937,78.9629,Night
Ludhiana,18-30,High Risk,Driving carelessly,Pedestrian,Clear,State Highway,Under Construction,Daylight,20.5937,78.9629,Night
Ludhiana,18-30,Low Risk,No distancing,Truck,Clear,Highways,Normal,Daylight,20.5937,78.9629,Morning
Madurai,18-30,High Risk,Other,Truck,Clear,Urban Road,Normal,Dawn,20.5937,78.9629,Morning
Madurai,18-30,High Risk,Changing lane to the right,Two-Wheeler,Clear,Village Road,Under Construction,Dark,20.5937,78.9629,Night
Madurai,18-30,High Risk,No distancing,Auto-Rickshaw,Hazy,National Highway,Dry,Dusk,20.5937,78.9629,Morning
Madurai,31-50,High Risk,Driving carelessly,Bus,Foggy,National Highway,Dry,Dusk,20.5937,78.9629,Night
Madurai,18-30,High Risk,No distancing,Car,Rainy,Urban Road,Damaged,Daylight,20.5937,78.9629,Afternoon
Madurai,18-30,High Risk,No priority to vehicle,Pedestrian,Foggy,Village Road,Wet,Daylight,20.5937,78.9629,Night
Madurai,18-30,High Risk,Changing lane to the right,Pedestrian,Clear,Highways,Normal,Daylight,20.5937,78.9629,Morning
Madurai,31-50,Medium Risk,No priority to pedestrian,Truck,Clear,Highways,Normal,Dark,20.5937,78.9629,Afternoon
Madurai,18-30,High Risk,No priority to vehicle,Pedestrian,Stormy,Village Road,Normal,Daylight,20.5937,78.9629,Night
Jaipur,18-30,Medium Risk,Changing lane to the left,Two-Wheeler,Clear,Highways,Normal,Dawn,26.9124,75.7873,Morning
Madurai,18-30,High Risk,Turnover,Two-Wheeler,Hazy,National Highway,Damaged,Dark,20.5937,78.9629,Afternoon
Madurai,18-30,Low Risk,Driving to the left,Auto-Rickshaw,Rainy,Highways,Normal,Dark,20.5937,78.9629,Morning
Madurai,31-50,High Risk,Driving carelessly,Pedestrian,Hazy,State Highway,Wet,Dusk,20.5937,78.9629,Night
Madurai,18-30,High Risk,Driving to the left,Pedestrian,Foggy,Urban Road,Dry,Dusk,20.5937,78.9629,Morning
Madurai,18-30,High Risk,Driving carelessly,Car,Clear,State Highway,Dry,Daylight,20.5937,78.9629,Afternoon
Madurai,18-30,High Risk,No priority to pedestrian,Pedestrian,Foggy,Urban Road,Damaged,Dusk,20.5937,78.9629,Night
Madurai,31-50,Low Risk,Driving carelessly,Cycle,Rainy,Highways,Normal,Dusk,20.5937,78.9629,Afternoon
Madurai,50+,High Risk,Changing lane to the right,Two-Wheeler,Clear,State Highway,Under Construction,Daylight,20.5937,78.9629,Evening
Madurai,31-50,High Risk,Moving Backward,Pedestrian,Clear,Urban Road,Wet,Dawn,20.5937,78.9629,Night
Madurai,18-30,High Risk,Driving carelessly,Car,Stormy,Village Road,Under Construction,Daylight,20.5937,78.9629,Night
Madurai,18-30,High Risk,Changing lane to the right,Two-Wheeler,Clear,Urban Road,Dry,Daylight,20.5937,78.9629,Morning
Madurai,18-30,Low Risk,Driving carelessly,Truck,Hazy,Highways,Normal,Daylight,20.5937,78.9629,Evening
Srinagar,18-30,Low Risk,Driving carelessly,Bus,Hazy,Highways,Normal,Daylight,20.5937,78.9629,Night
Madurai,18-30,Low Risk,Driving carelessly,Bus,Hazy,Highways,Normal,Dark,20.5937,78.9629,Night
Madurai,50+,High Risk,Changing lane to the right,Car,Clear,Urban Road,Wet,Dawn,20.5937,78.9629,Night
Madurai,18-30,High Risk,Changing lane to the right,Cycle,Clear,State Highway,Damaged,Dawn,20.5937,78.9629,Night
Asansol Durgapur,31-50,Low Risk,Driving carelessly,Two-Wheeler,Clear,Highways,Normal,Daylight,20.5937,78.9629,Afternoon
Madurai,18-30,Low Risk,Overtaking,Pedestrian,Clear,Highways,Normal,Daylight,20.5937,78.9629,Morning
Madurai,18-30,High Risk,Changing lane to the right,Car,Clear,Village Road,Dry,Dawn,20.5937,78.9629,Morning
Madurai,31-50,High Risk,No distancing,Cycle,Clear,State Highway,Under Construction,Dark,20.5937,78.9629,Evening
Madurai,31-50,Medium Risk,Other,Auto-Rickshaw,Stormy,Highways,Normal,Daylight,20.5937,78.9629,Morning
Madurai,31-50,Medium Risk,Changing lane to the right,Car,Foggy,Highways,Normal,Daylight,20.5937,78.9629,Night
Madurai,31-50,High Risk,Changing lane to the right,Two-Wheeler,Clear,Urban Road,Dry,Daylight,20.5937,78.9629,Night
Madurai,18-30,High Risk,Overtaking,Car,Clear,State Highway,Wet,Dusk,20.5937,78.9629,Afternoon
Madurai,18-30,High Risk,Other,Bus,Rainy,State Highway,Wet,Dark,20.5937,78.9629,Night
Vizaq,18-30,Medium Risk,Driving to the left,Cycle,Clear,Highways,Normal,Dark,20.5937,78.9629,Night
Madurai,18-30,High Risk,Overtaking,Cycle,Hazy,Village Road,Damaged,Dark,20.5937,78.9629,Evening
Madurai,18-30,High Risk,No priority to vehicle,Truck,Clear,National Highway,Damaged,Dawn,20.5937,78.9629,Evening
Madurai,50+,Medium Risk,Moving Backward,Auto-Rickshaw,Clear,Highways,Normal,Daylight,20.5937,78.9629,Afternoon
Madurai,18-30,High Risk,Other,Pedestrian,Clear,Village Road,Dry,Daylight,20.5937,78.9629,Night
Mallapuram,31-50,High Risk,No priority to vehicle,Two-Wheeler,Clear,State Highway,Wet,Dusk,20.5937,78.9629,Morning
Mallapuram,50+,Medium Risk,No priority to pedestrian,Car,Foggy,Highways,Normal,Dawn,20.5937,78.9629,Morning
Mallapuram,18-30,High Risk,Changing lane to the right,Pedestrian,Hazy,Village Road,Wet,Daylight,20.5937,78.9629,Night
Mallapuram,18-30,High Risk,Changing lane to the right,Cycle,Clear,State Highway,Under Construction,Dusk,20.5937,78.9629,Night
Mallapuram,18-30,High Risk,Changing lane to the right,Car,Clear,Urban Road,Wet,Dusk,20.5937,78.9629,Night
Mallapuram,31-50,Low Risk,Driving to the left,Cycle,Stormy,Highways,Normal,Dusk,20.5937,78.9629,Night
Mallapuram,31-50,Low Risk,Changing lane to the left,Auto-Rickshaw,Clear,Highways,Normal,Daylight,20.5937,78.9629,Morning
Mallapuram,18-30,Low Risk,Moving Backward,Truck,Foggy,Highways,Normal,Dusk,20.5937,78.9629,Night
Mallapuram,31-50,High Risk,Driving at high speed,Car,Hazy,Urban Road,Dry,Daylight,20.5937,78.9629,Morning
Mallapuram,18-30,High Risk,Moving Backward,Auto-Rickshaw,Clear,State Highway,Dry,Dark,20.5937,78.9629,Night
Mallapuram,18-30,Medium Risk,No distancing,Pedestrian,Foggy,Highways,Normal,Daylight,20.5937,78.9629,Evening
Mallapuram,18-30,Medium Risk,Other,Pedestrian,Clear,State Highway,Under Construction,Daylight,20.5937,78.9629,Night
Mallapuram,18-30,Medium Risk,No priority to vehicle,Cycle,Clear,Village Road,Normal,Dusk,20.5937,78.9629,Morning
Mallapuram,31-50,High Risk,Changing lane to the right,Cycle,Clear,Urban Road,Dry,Dawn,20.5937,78.9629,Morning
Mallapuram,31-50,High Risk,Other,Pedestrian,Stormy,Village Road,Under Construction,Dark,20.5937,78.9629,Morning
Mallapuram,18-30,Low Risk,No distancing,Truck,Clear,Highways,Normal,Daylight,20.5937,78.9629,Night
Mallapuram,18-30,High Risk,Driving carelessly,Bus,Clear,Village Road,Wet,Daylight,20.5937,78.9629,Evening
Mallapuram,18-30,High Risk,No distancing,Pedestrian,Clear,State Highway,Damaged,Daylight,20.5937,78.9629,Night
Mallapuram,18-30,High Risk,Moving Backward,Car,Clear,Urban Road,Wet,Daylight,20.5937,78.9629,Afternoon
Kanpur,31-50,Low Risk,No distancing,Car,Stormy,Highways,Normal,Dawn,26.4499,80.3319,Evening
Mallapuram,50+,Low Risk,Moving Backward,Car,Foggy,Highways,Normal,Daylight,20.5937,78.9629,Morning
Mallapuram,31-50,High Risk,No priority to pedestrian,Two-Wheeler,Clear,Village Road,Wet,Daylight,20.5937,78.9629,Morning
Mallapuram,18-30,Medium Risk,Changing lane to the left,Truck,Clear,Highways,Normal,Daylight,20.5937,78.9629,Evening
Mallapuram,18-30,Low Risk,No distancing,Truck,Clear,Highways,Normal,Dawn,20.5937,78.9629,Evening
Mallapuram,31-50,High Risk,Other,Pedestrian,Clear,Urban Road,Normal,Dark,20.5937,78.9629,Night
Rajkot,18-30,Low Risk,No distancing,Pedestrian,Clear,Highways,Normal,Dusk,20.5937,78.9629,Morning
Mallapuram,18-30,High Risk,No priority to pedestrian,Cycle,Clear,Urban Road,Wet,Daylight,20.5937,78.9629,Morning
Mallapuram,18-30,Medium Risk,Moving Backward,Car,Clear,Village Road,Wet,Dusk,20.5937,78.9629,Night
Mallapuram,31-50,Medium Risk,No priority to pedestrian,Two-Wheeler,Rainy,National Highway,Damaged,Dark,20.5937,78.9629,Evening
Agra,31-50,Low Risk,No distancing,Truck,Rainy,Highways,Normal,Daylight,27.1767,78.0081,Night
Mallapuram,31-50,High Risk,No priority to pedestrian,Two-Wheeler,Stormy,National Highway,Damaged,Daylight,20.5937,78.9629,Morning
Mallapuram,18-30,High Risk,Driving carelessly,Two-Wheeler,Clear,National Highway,Damaged,Dark,20.5937,78.9629,Night
Mallapuram,18-30,Low Risk,Getting off the vehicle improperly,Two-Wheeler,Clear,Highways,Normal,Daylight,20.5937,78.9629,Evening
Bhopal,31-50,Low Risk,Driving carelessly,Auto-Rickshaw,Rainy,Highways,Normal,Daylight,20.5937,78.9629,Morning
Hyderabad,18-30,Medium Risk,Changing lane to the left,Cycle,Hazy,Highways,Normal,Daylight,17.385,78.4867,Evening
Mallapuram,31-50,High Risk,No priority to vehicle,Car,Stormy,Urban Road,Damaged,Daylight,20.5937,78.9629,Afternoon
Mallapuram,31-50,Low Risk,Changing lane to the right,Car,Clear,Highways,Normal,Daylight,20.5937,78.9629,Night
Mallapuram,18-30,Low Risk,Changing lane to the right,Car,Hazy,Highways,Normal,Dark,20.5937,78.9629,Morning
Mallapuram,50+,High Risk,No distancing,Truck,Clear,Village Road,Dry,Dawn,20.5937,78.9629,Night
Mallapuram,18-30,Medium Risk,No distancing,Truck,Rainy,State Highway,Damaged,Dark,20.5937,78.9629,Night
Meerut,31-50,Low Risk,Changing lane to the left,Pedestrian,Clear,Highways,Normal,Daylight,20.5937,78.9629,Evening
Chandigarh,18-30,Low Risk,Changing lane to the right,Car,Hazy,Highways,Normal,Dawn,20.5937,78.9629,Evening
Pune,18-30,Low Risk,No priority to vehicle,Auto-Rickshaw,Rainy,Highways,Normal,Dusk,18.5204,73.8567,Evening
Meerut,18-30,High Risk,Changing lane to the left,Bus,Clear,Village Road,Under Construction,Dusk,20.5937,78.9629,Evening
Meerut,31-50,High Risk,No priority to vehicle,Cycle,Hazy,State Highway,Wet,Daylight,20.5937,78.9629,Morning
Meerut,18-30,High Risk,Moving Backward,Cycle,Clear,Village Road,Normal,Dawn,20.5937,78.9629,Afternoon
Meerut,18-30,High Risk,Turnover,Cycle,Clear,Urban Road,Normal,Dusk,20.5937,78.9629,Afternoon
Meerut,18-30,High Risk,No distancing,Car,Clear,National Highway,Under Construction,Daylight,20.5937,78.9629,Night
Meerut,31-50,Low Risk,No distancing,Pedestrian,Hazy,Highways,Normal,Dawn,20.5937,78.9629,Night
Meerut,18-30,High Risk,No distancing,Truck,Rainy,Urban Road,Dry,Dark,20.5937,78.9629,Morning
Meerut,31-50,High Risk,Changing lane to the left,Auto-Rickshaw,Clear,Urban Road,Under Construction,Dark,20.5937,78.9629,Morning
Meerut,31-50,High Risk,No priority to vehicle,Pedestrian,Stormy,Urban Road,Dry,Dark,20.5937,78.9629,Morning
Meerut,18-30,High Risk,Driving at high speed,Bus,Clear,National Highway,Wet,Daylight,20.5937,78.9629,Night
Meerut,18-30,Low Risk,Overtaking,Truck,Rainy,Highways,Normal,Daylight,20.5937,78.9629,Morning
Meerut,50+,High Risk,Other,Auto-Rickshaw,Foggy,National Highway,Wet,Daylight,20.5937,78.9629,Morning
Raipur,18-30,Low Risk,Changing lane to the left,Truck,Hazy,Highways,Normal,Dawn,20.5937,78.9629,Night
Meerut,18-30,Low Risk,No priority to pedestrian,Pedestrian,Clear,Highways,Normal,Dawn,20.5937,78.9629,Night
Surat,18-30,Low Risk,Changing lane to the left,Auto-Rickshaw,Stormy,Highways,Normal,Daylight,21.1702,72.8311,Morning
Bhopal,18-30,Low Risk,No distancing,Car,Clear,Highways,Normal,Daylight,20.5937,78.9629,Morning
Meerut,18-30,Medium Risk,Moving Backward,Pedestrian,Clear,National Highway,Dry,Daylight,20.5937,78.9629,Evening
Meerut,18-30,Low Risk,Changing lane to the left,Truck,Foggy,Highways,Normal,Daylight,20.5937,78.9629,Night
Meerut,31-50,High Risk,Other,Two-Wheeler,Hazy,National Highway,Wet,Daylight,20.5937,78.9629,Morning
Meerut,18-30,High Risk,No distancing,Truck,Clear,State Highway,Damaged,Dark,20.5937,78.9629,Morning
Faridabad,18-30,Medium Risk,Moving Backward,Auto-Rickshaw,Clear,Highways,Normal,Daylight,20.5937,78.9629,Evening
Meerut,18-30,High Risk,No distancing,Cycle,Clear,Highways,Normal,Daylight,20.5937,78.9629,Night
Meerut,50+,High Risk,Changing lane to the left,Bus,Rainy,Village Road,Wet,Dusk,20.5937,78.9629,Morning
Meerut,50+,High Risk,Changing lane to the left,Bus,Foggy,Urban Road,Wet,Daylight,20.5937,78.9629,Afternoon
Meerut,50+,Low Risk,No priority to pedestrian,Truck,Rainy,Highways,Normal,Dawn,20.5937,78.9629,Morning
Meerut,18-30,High Risk,Changing lane to the left,Cycle,Stormy,Highways,Normal,Daylight,20.5937,78.9629,Morning
Meerut,31-50,High Risk,Driving carelessly,Auto-Rickshaw,Foggy,Urban Road,Under Construction,Dark,20.5937,78.9629,Night
Meerut,18-30,Medium Risk,Driving carelessly,Car,Rainy,Village Road,Damaged,Daylight,20.5937,78.9629,Afternoon
Mallapuram,31-50,Medium Risk,No priority to pedestrian,Cycle,Foggy,Highways,Normal,Daylight,20.5937,78.9629,Afternoon
Meerut,18-30,Low Risk,Getting off the vehicle improperly,Car,Clear,Highways,Normal,Daylight,20.5937,78.9629,Afternoon
Meerut,18-30,High Risk,No distancing,Car,Clear,Village Road,Under Construction,Dusk,20.5937,78.9629,Night
Meerut,18-30,High Risk,Changing lane to the left,Two-Wheeler,Clear,State Highway,Dry,Dark,20.5937,78.9629,Morning
Meerut,50+,Medium Risk,No priority to vehicle,Car,Clear,National Highway,Wet,Daylight,20.5937,78.9629,Evening
Meerut,18-30,Medium Risk,No distancing,Cycle,Rainy,National Highway,Under Construction,Daylight,20.5937,78.9629,Morning
Meerut,18-30,High Risk,No priority to pedestrian,Two-Wheeler,Clear,Village Road,Under Construction,Dark,20.5937,78.9629,Afternoon
Meerut,31-50,High Risk,No priority to pedestrian,Pedestrian,Clear,State Highway,Dry,Dawn,20.5937,78.9629,Night
Coimbatore,18-30,Low Risk,No priority to vehicle,Cycle,Clear,Highways,Normal,Dark,20.5937,78.9629,Night
Agra,18-30,Low Risk,Driving carelessly,Cycle,Clear,Highways,Normal,Daylight,27.1767,78.0081,Morning
Mumbai,18-30,High Risk,Changing lane to the right,Pedestrian,Clear,Highways,Normal,Daylight,19.076,72.8777,Morning
Kochi,31-50,Low Risk,Changing lane to the left,Pedestrian,Clear,Highways,Normal,Dark,20.5937,78.9629,Morning
Mumbai,31-50,High Risk,Moving Backward,Auto-Rickshaw,Clear,Highways,Normal,Daylight,19.076,72.8777,Evening
Mumbai,18-30,High Risk,Driving carelessly,Bus,Rainy,National Highway,Dry,Daylight,19.076,72.8777,Night
Raipur,18-30,Low Risk,Driving to the left,Car,Foggy,Highways,Normal,Dawn,20.5937,78.9629,Afternoon
Mumbai,18-30,High Risk,Driving to the left,Bus,Foggy,National Highway,Damaged,Dusk,19.076,72.8777,Evening
Mumbai,18-30,High Risk,No priority to pedestrian,Car,Clear,State Highway,Damaged,Daylight,19.076,72.8777,Night
Mumbai,31-50,Medium Risk,Changing lane to the left,Auto-Rickshaw,Foggy,State Highway,Wet,Daylight,19.076,72.8777,Evening
Mumbai,18-30,Medium Risk,Changing lane to the right,Pedestrian,Clear,State Highway,Under Construction,Daylight,19.076,72.8777,Morning
Mumbai,31-50,High Risk,Driving carelessly,Auto-Rickshaw,Clear,Urban Road,Wet,Dusk,19.076,72.8777,Evening
Mumbai,18-30,Low Risk,No distancing,Two-Wheeler,Clear,Highways,Normal,Daylight,19.076,72.8777,Afternoon
Mumbai,31-50,Low Risk,Getting off the vehicle improperly,Truck,Clear,Highways,Normal,Daylight,19.076,72.8777,Night
Mumbai,31-50,High Risk,Driving under the influence of drugs,Two-Wheeler,Clear,National Highway,Wet,Daylight,19.076,72.8777,Morning
Mumbai,18-30,High Risk,Changing lane to the right,Truck,Stormy,Urban Road,Dry,Dark,19.076,72.8777,Afternoon
Jodhpur,18-30,Low Risk,Driving carelessly,Cycle,Clear,Highways,Normal,Dark,20.5937,78.9629,Morning
Mumbai,18-30,High Risk,Moving Backward,Pedestrian,Rainy,National Highway,Dry,Daylight,19.076,72.8777,Evening
Mumbai,18-30,High Risk,Turnover,Auto-Rickshaw,Clear,State Highway,Dry,Dawn,19.076,72.8777,Night
Mumbai,18-30,High Risk,Changing lane to the right,Truck,Stormy,Village Road,Wet,Dusk,19.076,72.8777,Evening
Mumbai,31-50,Medium Risk,Driving carelessly,Bus,Clear,Village Road,Wet,Dark,19.076,72.8777,Afternoon
Hyderabad,31-50,Medium Risk,No priority to vehicle,Auto-Rickshaw,Stormy,Highways,Normal,Dawn,17.385,78.4867,Evening
Mumbai,31-50,High Risk,Moving Backward,Auto-Rickshaw,Rainy,State Highway,Under Construction,Daylight,19.076,72.8777,Night
Mumbai,31-50,High Risk,Changing lane to the left,Car,Clear,Urban Road,Under Construction,Daylight,19.076,72.8777,Morning
Mumbai,18-30,High Risk,Overturning,Truck,Clear,Urban Road,Damaged,Dawn,19.076,72.8777,Morning
Mumbai,31-50,High Risk,No distancing,Car,Clear,National Highway,Dry,Daylight,19.076,72.8777,Morning
Coimbatore,18-30,Medium Risk,Driving carelessly,Car,Hazy,Highways,Normal,Dawn,20.5937,78.9629,Night
Mumbai,18-30,High Risk,No distancing,Cycle,Rainy,Highways,Normal,Dawn,19.076,72.8777,Morning
Mumbai,18-30,High Risk,Changing lane to the left,Bus,Clear,State Highway,Dry,Dusk,19.076,72.8777,Night
Mumbai,18-30,High Risk,No priority to pedestrian,Pedestrian,Rainy,Village Road,Normal,Daylight,19.076,72.8777,Morning
Mumbai,31-50,High Risk,No distancing,Pedestrian,Clear,State Highway,Dry,Daylight,19.076,72.8777,Night
Mumbai,18-30,High Risk,No distancing,Truck,Clear,State Highway,Dry,Dawn,19.076,72.8777,Night
Mumbai,18-30,High Risk,Changing lane to the left,Bus,Stormy,Village Road,Wet,Dawn,19.076,72.8777,Afternoon
Mumbai,50+,High Risk,No distancing,Truck,Stormy,Village Road,Damaged,Daylight,19.076,72.8777,Night
Mumbai,18-30,High Risk,Changing lane to the left,Pedestrian,Clear,Highways,Normal,Daylight,19.076,72.8777,Morning
Mumbai,18-30,Low Risk,No distancing,Truck,Clear,Highways,Normal,Daylight,19.076,72.8777,Morning
Mumbai,18-30,High Risk,No distancing,Two-Wheeler,Stormy,Village Road,Damaged,Daylight,19.076,72.8777,Night
Mumbai,31-50,Medium Risk,No distancing,Pedestrian,Clear,Highways,Normal,Dawn,19.076,72.8777,Night
Mumbai,31-50,High Risk,Changing lane to the left,Auto-Rickshaw,Clear,State Highway,Under Construction,Dusk,19.076,72.8777,Evening
Mumbai,31-50,High Risk,Changing lane to the right,Two-Wheeler,Rainy,Village Road,Damaged,Daylight,19.076,72.8777,Night
Mumbai,18-30,Low Risk,Moving Backward,Car,Clear,Highways,Normal,Daylight,19.076,72.8777,Night
Thiruvanthapuram,31-50,Low Risk,Changing lane to the right,Cycle,Clear,Highways,Normal,Daylight,20.5937,78.9629,Morning
Nagpur,18-30,High Risk,No distancing,Auto-Rickshaw,Clear,Urban Road,Wet,Dark,20.5937,78.9629,Afternoon
Nagpur,31-50,Low Risk,Overtaking,Car,Clear,Highways,Normal,Dawn,20.5937,78.9629,Evening
Surat,31-50,Low Risk,Other,Bus,Clear,Highways,Normal,Dawn,21.1702,72.8311,Evening
Nagpur,18-30,High Risk,Other,Pedestrian,Rainy,State Highway,Wet,Dawn,20.5937,78.9629,Night
Nagpur,31-50,High Risk,Changing lane to the right,Bus,Clear,Highways,Normal,Dark,20.5937,78.9629,Night
Nagpur,50+,High Risk,No priority to pedestrian,Pedestrian,Clear,National Highway,Damaged,Dawn,20.5937,78.9629,Night
Nagpur,31-50,High Risk,No priority to vehicle,Car,Foggy,Village Road,Under Construction,Dawn,20.5937,78.9629,Night
Kannur,31-50,Low Risk,Changing lane to the left,Auto-Rickshaw,Hazy,Highways,Normal,Dusk,20.5937,78.9629,Night
Thiruvanthapuram,18-30,Low Risk,Changing lane to the left,Bus,Clear,Highways,Normal,Daylight,20.5937,78.9629,Afternoon
Nagpur,18-30,Low Risk,Overtaking,Car,Hazy,Highways,Normal,Dark,20.5937,78.9629,Morning
Nagpur,18-30,High Risk,No distancing,Auto-Rickshaw,Hazy,State Highway,Wet,Daylight,20.5937,78.9629,Night
Nagpur,18-30,Low Risk,No priority to vehicle,Auto-Rickshaw,Foggy,Highways,Normal,Dusk,20.5937,78.9629,Evening
Nagpur,18-30,High Risk,Changing lane to the right,Bus,Clear,Urban Road,Damaged,Dark,20.5937,78.9629,Morning
Nagpur,18-30,High Risk,Changing lane to the left,Car,Clear,State Highway,Under Construction,Dusk,20.5937,78.9629,Night
Nagpur,18-30,High Risk,No distancing,Cycle,Stormy,Urban Road,Dry,Daylight,20.5937,78.9629,Night
Nagpur,18-30,High Risk,Driving carelessly,Car,Stormy,State Highway,Normal,Dawn,20.5937,78.9629,Night
Nagpur,18-30,High Risk,No priority to pedestrian,Car,Clear,National Highway,Dry,Dawn,20.5937,78.9629,Afternoon
Nagpur,18-30,High Risk,Driving carelessly,Two-Wheeler,Clear,Village Road,Under Construction,Daylight,20.5937,78.9629,Morning
Nagpur,31-50,High Risk,Moving Backward,Pedestrian,Foggy,National Highway,Damaged,Dark,20.5937,78.9629,Morning