Million_Plus_Cities,Age_band_of_driver,Accident_severity,Cause_of_accident,Vehicle Type Involved,Weather Conditions,Road Type,Road Condition,Lighting Conditions,Latitude,Longitude,Time_Block
Jabalpur,31-50,Low Risk,No distancing,Two-Wheeler,Hazy,Highways,Normal,Daylight,20.5937,78.9629,Evening
Nagpur,18-30,High Risk,No distancing,Car,Rainy,State Highway,Dry,Daylight,20.5937,78.9629,Night
Thrissur,18-30,Low Risk,No distancing,Truck,Clear,Highways,Normal,Daylight,20.5937,78.9629,Night
Nagpur,18-30,High Risk,Changing lane to the left,Truck,Stormy,National Highway,Under Construction,Daylight,20.5937,78.9629,Afternoon
Kolkata,31-50,Low Risk,Changing lane to the left,Car,Hazy,Highways,Normal,Dusk,22.5726,88.3639,Morning
Nagpur,31-50,High Risk,Moving Backward,Two-Wheeler,Clear,State Highway,Damaged,Daylight,20.5937,78.9629,Morning
Nagpur,31-50,High Risk,Changing lane to the right,Car,Clear,Village Road,Damaged,Dawn,20.5937,78.9629,Morning
Nagpur,18-30,High Risk,No priority to vehicle,Car,Stormy,State Highway,Under Construction,Daylight,20.5937,78.9629,Night
Varanasi,18-30,Low Risk,Moving Backward,Pedestrian,Clear,Highways,Normal,Daylight,25.3176,82.9739,Night
Nagpur,50+,High Risk,Driving carelessly,Pedestrian,Clear,State Highway,Damaged,Daylight,20.5937,78.9629,Night
Nagpur,18-30,High Risk,Driving carelessly,Car,Stormy,National Highway,Wet,Dawn,20.5937,78.9629,Morning
Nagpur,31-50,High Risk,Driving under the influence of drugs,Two-Wheeler,Stormy,Highways,Normal,Daylight,20.5937,78.9629,Night
Nagpur,31-50,Low Risk,No priority to pedestrian,Car,Clear,Highways,Normal,Dusk,20.5937,78.9629,Afternoon
Nagpur,18-30,Medium Risk,No priority to vehicle,Truck,Stormy,Urban Road,Normal,Dusk,20.5937,78.9629,Night
Nagpur,18-30,Medium Risk,Driving carelessly,Car,Clear,National Highway,Dry,Daylight,20.5937,78.9629,Night
Nagpur,50+,High Risk,Moving Backward,Two-Wheeler,Foggy,Urban Road,Normal,Daylight,20.5937,78.9629,Morning
Nagpur,31-50,Low Risk,Driving carelessly,Cycle,Foggy,Highways,Normal,Daylight,20.5937,78.9629,Morning
Nagpur,31-50,High Risk,No priority to vehicle,Truck,Hazy,Highways,Normal,Dusk,20.5937,78.9629,Night
Nagpur,18-30,High Risk,Changing lane to the right,Cycle,Clear,Village Road,Normal,Dusk,20.5937,78.9629,Afternoon
Nagpur,31-50,High Risk,Changing lane to the left,Car,Foggy,State Highway,Wet,Dark,20.5937,78.9629,Morning
Nashik,50+,High Risk,No priority to vehicle,Bus,Stormy,Village Road,Normal,Dark,20.5937,78.9629,Night
Nashik,50+,High Risk,Driving carelessly,Pedestrian,Rainy,State Highway,Under Construction,Dark,20.5937,78.9629,Evening
Nashik,18-30,High Risk,Moving Backward,Car,Clear,Village Road,Under Construction,Daylight,20.5937,78.9629,Night
Vijaywada city,18-30,Medium Risk,No distancing,Car,Rainy,Highways,Normal,Daylight,20.5937,78.9629,Afternoon
Nashik,18-30,High Risk,Changing lane to the left,Two-Wheeler,Foggy,Urban Road,Damaged,Dark,20.5937,78.9629,Morning
Nashik,50+,Medium Risk,Changing lane to the left,Car,Rainy,Urban Road,Normal,Daylight,20.5937,78.9629,Morning
Nashik,18-30,High Risk,No distancing,Auto-Rickshaw,Clear,Urban Road,Dry,Dark,20.5937,78.9629,Morning
Nashik,18-30,High Risk,Changing lane to the left,Cycle,Rainy,Urban Road,Under Construction,Daylight,20.5937,78.9629,Afternoon
Rajkot,50+,Low Risk,Driving carelessly,Two-Wheeler,Rainy,Highways,Normal,Daylight,20.5937,78.9629,Morning
Nashik,50+,High Risk,Changing lane to the left,Pedestrian,Clear,National Highway,Dry,Daylight,20.5937,78.9629,Evening
Nashik,18-30,Low Risk,No distancing,Pedestrian,Clear,Highways,Normal,Dawn,20.5937,78.9629,Afternoon
Nashik,18-30,High Risk,Changing lane to the right,Car,Stormy,Urban Road,Dry,Dawn,20.5937,78.9629,Afternoon
Nashik,18-30,Medium Risk,No distancing,Cycle,Clear,State Highway,Wet,Dusk,20.5937,78.9629,Evening
Nashik,18-30,Medium Risk,Driving to the left,Auto-Rickshaw,Clear,State Highway,Under Construction,Dusk,20.5937,78.9629,Night
Nashik,18-30,Medium Risk,No distancing,Car,Stormy,State Highway,Wet,Dark,20.5937,78.9629,Night
Nashik,18-30,Low Risk,Overtaking,Pedestrian,Foggy,Highways,Normal,Daylight,20.5937,78.9629,Afternoon
Nashik,18-30,High Risk,Driving under the influence of drugs,Cycle,Foggy,Village Road,Wet,Dark,20.5937,78.9629,Night
Chennai,31-50,Medium Risk,No priority to pedestrian,Truck,Clear,Highways,Normal,Daylight,13.0827,80.2707,Night
Nashik,18-30,Low Risk,Moving Backward,Pedestrian,Clear,Highways,Normal,Dark,20.5937,78.9629,Morning
Nashik,18-30,Medium Risk,Changing lane to the right,Car,Clear,Urban Road,Damaged,Daylight,20.5937,78.9629,Evening
Nashik,31-50,High Risk,Changing lane to the left,Two-Wheeler,Clear,National Highway,Under Construction,Daylight,20.5937,78.9629,Evening
Nashik,31-50,High Risk,Changing lane to the right,Auto-Rickshaw,Foggy,Highways,Normal,Dawn,20.5937,78.9629,Evening
Nashik,31-50,High Risk,Driving under the influence of drugs,Pedestrian,Clear,Village Road,Wet,Dusk,20.5937,78.9629,Morning
Nashik,18-30,Low Risk,No priority to vehicle,Car,Stormy,Highways,Normal,Daylight,20.5937,78.9629,Morning
Kanpur,18-30,Low Risk,No priority to vehicle,Two-Wheeler,Stormy,Highways,Normal,Dusk,26.4499,80.3319,Night
Nashik,18-30,Low Risk,Changing lane to the left,Cycle,Hazy,Highways,Normal,Dusk,20.5937,78.9629,Morning
Nashik,18-30,High Risk,Changing lane to the right,Bus,Clear,State Highway,Wet,Dusk,20.5937,78.9629,Morning
Nashik,50+,Low Risk,Changing lane to the right,Two-Wheeler,Clear,Highways,Normal,Dawn,20.5937,78.9629,Morning
Nashik,18-30,High Risk,Changing lane to the left,Pedestrian,Rainy,State Highway,Wet,Daylight,20.5937,78.9629,Morning
Nashik,18-30,Low Risk,Changing lane to the left,Pedestrian,Stormy,Highways,Normal,Dawn,20.5937,78.9629,Afternoon
Nashik,18-30,Medium Risk,Getting off the vehicle improperly,Truck,Clear,Highways,Normal,Daylight,20.5937,78.9629,Afternoon
Nashik,31-50,Medium Risk,Overtaking,Truck,Clear,Urban Road,Dry,Dark,20.5937,78.9629,Afternoon
Nashik,18-30,Medium Risk,Changing lane to the left,Pedestrian,Clear,Highways,Normal,Dawn,20.5937,78.9629,Evening
Nashik,18-30,High Risk,Driving under the influence of drugs,Cycle,Hazy,Urban Road,Wet,Daylight,20.5937,78.9629,Afternoon
Nashik,18-30,High Risk,Driving carelessly,Pedestrian,Clear,State Highway,Dry,Daylight,20.5937,78.9629,Afternoon
Nashik,18-30,High Risk,Moving Backward,Two-Wheeler,Rainy,State Highway,Wet,Dark,20.5937,78.9629,Night
Nashik,31-50,High Risk,No distancing,Cycle,Clear,National Highway,Under Construction,Daylight,20.5937,78.9629,Night
Nashik,18-30,High Risk,No priority to vehicle,Cycle,Clear,National Highway,Dry,Daylight,20.5937,78.9629,Afternoon
Nashik,31-50,High Risk,Overturning,Bus,Foggy,Urban Road,Dry,Dusk,20.5937,78.9629,Afternoon
Nashik,18-30,High Risk,Changing lane to the left,Two-Wheeler,Hazy,Urban Road,Damaged,Dusk,20.5937,78.9629,Evening
Meerut,18-30,Low Risk,No distancing,Cycle,Clear,Highways,Normal,Dusk,20.5937,78.9629,Evening
Patna,18-30,High Risk,Moving Backward,Car,Stormy,Urban Road,Normal,Dark,25.5941,85.1376,Morning
Patna,50+,High Risk,No priority to vehicle,Two-Wheeler,Clear,State Highway,Damaged,Daylight,25.5941,85.1376,Morning
Patna,18-30,High Risk,No priority to vehicle,Cycle,Clear,Urban Road,Dry,Dark,25.5941,85.1376,Afternoon
Patna,31-50,High Risk,No distancing,Two-Wheeler,Clear,State Highway,Dry,Daylight,25.5941,85.1376,Night
Patna,31-50,High Risk,No distancing,Cycle,Clear,Highways,Normal,Dawn,25.5941,85.1376,Morning
Patna,18-30,Medium Risk,Overtaking,Bus,Clear,State Highway,Dry,Daylight,25.5941,85.1376,Morning
Patna,18-30,Medium Risk,Driving under the influence of drugs,Car,Clear,Village Road,Damaged,Daylight,25.5941,85.1376,Morning
Patna,31-50,Medium Risk,Changing lane to the right,Auto-Rickshaw,Clear,Village Road,Under Construction,Daylight,25.5941,85.1376,Morning
Patna,18-30,High Risk,Changing lane to the left,Auto-Rickshaw,Clear,Urban Road,Under Construction,Dusk,25.5941,85.1376,Afternoon
Patna,50+,Medium Risk,Driving carelessly,Car,Clear,National Highway,Damaged,Dusk,25.5941,85.1376,Evening
Patna,18-30,High Risk,Moving Backward,Pedestrian,Rainy,National Highway,Wet,Daylight,25.5941,85.1376,Night
Bhopal,18-30,Low Risk,Moving Backward,Car,Stormy,Highways,Normal,Daylight,20.5937,78.9629,Night
Aurangabad,18-30,Low Risk,Changing lane to the right,Cycle,Clear,Highways,Normal,Dark,20.5937,78.9629,Afternoon
Patna,31-50,High Risk,No priority to vehicle,Two-Wheeler,Clear,Village Road,Damaged,Daylight,25.5941,85.1376,Morning
Patna,18-30,High Risk,Driving at high speed,Two-Wheeler,Stormy,Urban Road,Wet,Daylight,25.5941,85.1376,Afternoon
Patna,31-50,High Risk,Driving under the influence of drugs,Pedestrian,Rainy,Urban Road,Normal,Dark,25.5941,85.1376,Afternoon
Patna,31-50,High Risk,Changing lane to the right,Car,Clear,National Highway,Damaged,Dark,25.5941,85.1376,Morning
Patna,18-30,High Risk,Driving carelessly,Cycle,Foggy,Urban Road,Normal,Dark,25.5941,85.1376,Morning
Patna,50+,High Risk,No distancing,Car,Clear,State Highway,Under Construction,Dark,25.5941,85.1376,Morning
Patna,31-50,High Risk,Changing lane to the left,Car,Clear,National Highway,Damaged,Dawn,25.5941,85.1376,Evening
Patna,18-30,Low Risk,No distancing,Car,Clear,Highways,Normal,Dawn,25.5941,85.1376,Night
Patna,31-50,High Risk,No distancing,Pedestrian,Foggy,State Highway,Under Construction,Daylight,25.5941,85.1376,Morning
Patna,18-30,High Risk,Getting off the vehicle improperly,Pedestrian,Rainy,State Highway,Dry,Dusk,25.5941,85.1376,Morning
Thrissur,31-50,Low Risk,Overtaking,Cycle,Hazy,Highways,Normal,Dusk,20.5937,78.9629,Morning
Patna,31-50,Low Risk,Driving carelessly,Auto-Rickshaw,Clear,Highways,Normal,Dusk,25.5941,85.1376,Night
Patna,18-30,High Risk,Driving under the influence of drugs,Auto-Rickshaw,Clear,Village Road,Wet,Dusk,25.5941,85.1376,Evening
Patna,18-30,High Risk,Moving Backward,Cycle,Clear,Village Road,Dry,Dusk,25.5941,85.1376,Evening
Patna,18-30,High Risk,Overturning,Two-Wheeler,Clear,National Highway,Under Construction,Daylight,25.5941,85.1376,Evening
Patna,18-30,High Risk,Driving under the influence of drugs,Truck,Foggy,State Highway,Wet,Daylight,25.5941,85.1376,Night
Patna,18-30,Medium Risk,Changing lane to the right,Pedestrian,Clear,Village Road,Wet,Daylight,25.5941,85.1376,Night
Thrissur,31-50,Low Risk,Changing lane to the left,Cycle,Stormy,Highways,Normal,Dawn,20.5937,78.9629,Morning
Patna,18-30,Medium Risk,No distancing,Auto-Rickshaw,Clear,Urban Road,Damaged,Daylight,25.5941,85.1376,Afternoon
Ghaziabad,31-50,Low Risk,No distancing,Car,Clear,Highways,Normal,Daylight,20.5937,78.9629,Morning
Patna,50+,Low Risk,No priority to vehicle,Two-Wheeler,Clear,Highways,Normal,Daylight,25.5941,85.1376,Night
Patna,18-30,High Risk,Moving Backward,Cycle,Foggy,Urban Road,Wet,Daylight,25.5941,85.1376,Evening
Patna,18-30,High Risk,Moving Backward,Car,Clear,Village Road,Damaged,Daylight,25.5941,85.1376,Morning
Patna,18-30,High Risk,Getting off the vehicle improperly,Bus,Clear,State Highway,Under Construction,Dark,25.5941,85.1376,Night
Amritsar,18-30,Low Risk,Changing lane to the left,Two-Wheeler,Hazy,Highways,Normal,Dusk,20.5937,78.9629,Night
Patna,18-30,High Risk,Changing lane to the left,Car,Clear,National Highway,Under Construction,Daylight,25.5941,85.1376,Morning
Pune,50+,High Risk,No priority to vehicle,Truck,Rainy,Village Road,Wet,Dark,18.5204,73.8567,Afternoon
Khozikode,50+,Low Risk,Changing lane to the right,Truck,Foggy,Highways,Normal,Daylight,20.5937,78.9629,Night
Amritsar,31-50,Low Risk,Changing lane to the right,Pedestrian,Stormy,Highways,Normal,Daylight,20.5937,78.9629,Evening
Vizaq,18-30,Medium Risk,Driving carelessly,Pedestrian,Clear,Highways,Normal,Daylight,20.5937,78.9629,Morning
Pune,18-30,High Risk,Changing lane to the left,Pedestrian,Clear,National Highway,Under Construction,Dusk,18.5204,73.8567,Night
Pune,50+,Medium Risk,Changing lane to the right,Auto-Rickshaw,Clear,National Highway,Normal,Dark,18.5204,73.8567,Afternoon
Pune,18-30,High Risk,Driving under the influence of drugs,Car,Clear,Village Road,Wet,Dark,18.5204,73.8567,Night
Pune,18-30,Low Risk,Driving carelessly,Pedestrian,Hazy,Highways,Normal,Daylight,18.5204,73.8567,Morning
Pune,31-50,High Risk,No distancing,Pedestrian,Rainy,Urban Road,Dry,Dusk,18.5204,73.8567,Evening
Pune,18-30,Low Risk,No priority to vehicle,Cycle,Stormy,Highways,Normal,Daylight,18.5204,73.8567,Afternoon
Pune,18-30,High Risk,No priority to vehicle,Pedestrian,Clear,National Highway,Normal,Daylight,18.5204,73.8567,Afternoon
Pune,18-30,High Risk,No priority to vehicle,Cycle,Clear,Urban Road,Under Construction,Dark,18.5204,73.8567,Night
Pune,18-30,Medium Risk,Changing lane to the left,Pedestrian,Clear,Highways,Normal,Dawn,18.5204,73.8567,Night
Pune,18-30,High Risk,Moving Backward,Cycle,Clear,National Highway,Damaged,Daylight,18.5204,73.8567,Night
Pune,18-30,High Risk,Driving carelessly,Bus,Clear,Urban Road,Wet,Dawn,18.5204,73.8567,Morning
Pune,18-30,High Risk,Driving under the influence of drugs,Car,Clear,State Highway,Under Construction,Dawn,18.5204,73.8567,Afternoon
Pune,18-30,High Risk,Changing lane to the right,Car,Clear,State Highway,Dry,Dawn,18.5204,73.8567,Evening
Pune,50+,Medium Risk,No priority to vehicle,Car,Clear,Highways,Normal,Dusk,18.5204,73.8567,Morning
Pune,31-50,High Risk,Changing lane to the right,Car,Clear,State Highway,Wet,Daylight,18.5204,73.8567,Night
Pune,31-50,High Risk,Driving to the left,Two-Wheeler,Clear,State Highway,Wet,Dark,18.5204,73.8567,Evening
Pune,18-30,Medium Risk,Moving Backward,Pedestrian,Clear,Urban Road,Dry,Dawn,18.5204,73.8567,Morning
Pune,18-30,Low Risk,No priority to vehicle,Truck,Foggy,Highways,Normal,Dark,18.5204,73.8567,Morning
Pune,18-30,Medium Risk,No distancing,Car,Clear,National Highway,Dry,Daylight,18.5204,73.8567,Evening
Pune,18-30,High Risk,Driving carelessly,Pedestrian,Clear,National Highway,Wet,Daylight,18.5204,73.8567,Night
Pune,18-30,Medium Risk,Changing lane to the left,Pedestrian,Clear,Highways,Normal,Daylight,18.5204,73.8567,Afternoon
Pune,31-50,Low Risk,No priority to vehicle,Car,Hazy,Highways,Normal,Dawn,18.5204,73.8567,Morning
Pune,18-30,High Risk,No priority to vehicle,Bus,Clear,State Highway,Dry,Dawn,18.5204,73.8567,Morning
Pune,18-30,High Risk,No distancing,Two-Wheeler,Rainy,State Highway,Wet,Daylight,18.5204,73.8567,Afternoon
Pune,18-30,High Risk,Driving to the left,Cycle,Clear,Urban Road,Damaged,Daylight,18.5204,73.8567,Afternoon
Pune,18-30,Medium Risk,Driving carelessly,Bus,Foggy,Urban Road,Under Construction,Dawn,18.5204,73.8567,Night
Pune,31-50,Low Risk,Driving carelessly,Two-Wheeler,Hazy,Highways,Normal,Daylight,18.5204,73.8567,Night
Pune,31-50,Low Risk,Changing lane to the right,Bus,Rainy,Highways,Normal,Dawn,18.5204,73.8567,Afternoon
Pune,18-30,High Risk,Driving carelessly,Pedestrian,Clear,National Highway,Wet,Daylight,18.5204,73.8567,Night
Pune,31-50,High Risk,Changing lane to the left,Pedestrian,Clear,State Highway,Dry,Dark,18.5204,73.8567,Afternoon
Pune,18-30,High Risk,Driving carelessly,Cycle,Rainy,Village Road,Wet,Daylight,18.5204,73.8567,Morning
Pune,31-50,High Risk,Driving carelessly,Pedestrian,Stormy,Village Road,Under Construction,Dusk,18.5204,73.8567,Afternoon
Pune,18-30,High Risk,Driving under the influence of drugs,Pedestrian,Stormy,Urban Road,Wet,Daylight,18.5204,73.8567,Evening
Pune,18-30,High Risk,Driving carelessly,Two-Wheeler,Clear,State Highway,Wet,Dark,18.5204,73.8567,Night
Pune,18-30,Medium Risk,No distancing,Car,Clear,Village Road,Damaged,Dawn,18.5204,73.8567,Night
Pune,18-30,Medium Risk,Driving carelessly,Bus,Hazy,National Highway,Under Construction,Dusk,18.5204,73.8567,Afternoon
Raipur,18-30,Medium Risk,Driving to the left,Car,Stormy,Village Road,Damaged,Daylight,20.5937,78.9629,Morning
Raipur,18-30,Low Risk,Overtaking,Pedestrian,Clear,Highways,Normal,Daylight,20.5937,78.9629,Night
Raipur,18-30,Low Risk,No distancing,Car,Clear,Highways,Normal,Daylight,20.5937,78.9629,Evening
Raipur,18-30,Medium Risk,Driving carelessly,Two-Wheeler,Clear,Village Road,Under Construction,Dawn,20.5937,78.9629,Night
Raipur,18-30,Low Risk,No priority to vehicle,Two-Wheeler,Rainy,Highways,Normal,Dusk,20.5937,78.9629,Morning
Raipur,31-50,High Risk,No priority to vehicle,Car,Hazy,Village Road,Under Construction,Dawn,20.5937,78.9629,Afternoon
Raipur,18-30,Low Risk,No priority to vehicle,Car,Stormy,Highways,Normal,Dawn,20.5937,78.9629,Night
Raipur,18-30,High Risk,No priority to vehicle,Truck,Stormy,Urban Road,Normal,Daylight,20.5937,78.9629,Night
Raipur,50+,High Risk,No distancing,Cycle,Clear,Urban Road,Damaged,Dawn,20.5937,78.9629,Night
Raipur,50+,High Risk,Moving Backward,Truck,Foggy,Urban Road,Normal,Dark,20.5937,78.9629,Night
Raipur,18-30,High Risk,No distancing,Auto-Rickshaw,Hazy,National Highway,Wet,Dark,20.5937,78.9629,Morning
Raipur,18-30,High Risk,Changing lane to the left,Car,Foggy,Highways,Normal,Dawn,20.5937,78.9629,Night
Raipur,18-30,Medium Risk,Changing lane to the left,Cycle,Clear,Highways,Normal,Daylight,20.5937,78.9629,Afternoon
Lucknow,18-30,Low Risk,No priority to pedestrian,Pedestrian,Clear,Highways,Normal,Daylight,26.8467,80.9462,Afternoon
Raipur,18-30,Low Risk,Moving Backward,Bus,Clear,Highways,Normal,Dusk,20.5937,78.9629,Evening
Raipur,18-30,High Risk,Changing lane to the left,Auto-Rickshaw,Clear,State Highway,Damaged,Dusk,20.5937,78.9629,Morning
Raipur,18-30,High Risk,No distancing,Two-Wheeler,Clear,Village Road,Normal,Daylight,20.5937,78.9629,Afternoon
Raipur,31-50,High Risk,No priority to vehicle,Truck,Clear,State Highway,Damaged,Daylight,20.5937,78.9629,Afternoon
Raipur,31-50,High Risk,Changing lane to the right,Car,Foggy,Village Road,Dry,Dark,20.5937,78.9629,Afternoon
Raipur,50+,High Risk,No distancing,Two-Wheeler,Stormy,Village Road,Dry,Dusk,20.5937,78.9629,Morning
Raipur,50+,High Risk,No distancing,Pedestrian,Rainy,Village Road,Dry,Daylight,20.5937,78.9629,Night
Raipur,18-30,Medium Risk,Getting off the vehicle improperly,Auto-Rickshaw,Clear,Highways,Normal,Dawn,20.5937,78.9629,Afternoon
Raipur,50+,Medium Risk,No priority to pedestrian,Car,Clear,Village Road,Under Construction,Dark,20.5937,78.9629,Morning
Raipur,31-50,Medium Risk,Changing lane to the left,Cycle,Clear,National Highway,Normal,Dawn,20.5937,78.9629,Night
Agra,18-30,Medium Risk,No distancing,Car,Clear,Highways,Normal,Dawn,27.1767,78.0081,Night
Raipur,50+,Low Risk,Driving carelessly,Pedestrian,Stormy,Highways,Normal,Dark,20.5937,78.9629,Afternoon
Bhopal,31-50,Low Risk,No distancing,Car,Clear,Highways,Normal,Dawn,20.5937,78.9629,Night
Raipur,18-30,High Risk,Changing lane to the right,Car,Clear,Village Road,Under Construction,Daylight,20.5937,78.9629,Morning
Raipur,18-30,Low Risk,Overtaking,Pedestrian,Rainy,Highways,Normal,Dark,20.5937,78.9629,Evening
Raipur,18-30,High Risk,Driving carelessly,Auto-Rickshaw,Rainy,Urban Road,Under Construction,Dusk,20.5937,78.9629,Morning
Raipur,31-50,High Risk,Moving Backward,Car,Clear,Urban Road,Dry,Daylight,20.5937,78.9629,Morning
Raipur,18-30,High Risk,No distancing,Cycle,Hazy,State Highway,Dry,Daylight,20.5937,78.9629,Night
Raipur,18-30,High Risk,Overtaking,Auto-Rickshaw,Rainy,Urban Road,Dry,Daylight,20.5937,78.9629,Evening
Raipur,31-50,High Risk,Driving carelessly,Pedestrian,Stormy,National Highway,Damaged,Dawn,20.5937,78.9629,Evening
Raipur,18-30,High Risk,Driving carelessly,Pedestrian,Clear,Village Road,Wet,Dark,20.5937,78.9629,Evening
Raipur,31-50,High Risk,Moving Backward,Two-Wheeler,Hazy,Village Road,Wet,Dark,20.5937,78.9629,Morning
Raipur,18-30,High Risk,Driving carelessly,Pedestrian,Clear,Village Road,Dry,Daylight,20.5937,78.9629,Morning
Raipur,18-30,High Risk,Driving to the left,Cycle,Clear,State Highway,Wet,Daylight,20.5937,78.9629,Afternoon
Raipur,18-30,High Risk,Changing lane to the left,Pedestrian,Clear,National Highway,Wet,Dark,20.5937,78.9629,Afternoon
Raipur,31-50,High Risk,No distancing,Truck,Clear,State Highway,Wet,Daylight,20.5937,78.9629,Afternoon
Rajkot,18-30,High Risk,No distancing,Cycle,Stormy,State Highway,Under Construction,Daylight,20.5937,78.9629,Night
Aurangabad,18-30,Medium Risk,Changing lane to the right,Auto-Rickshaw,Stormy,Highways,Normal,Dark,20.5937,78.9629,Night
Rajkot,31-50,High Risk,Driving under the influence of drugs,Auto-Rickshaw,Stormy,National Highway,Dry,Dawn,20.5937,78.9629,Evening
Rajkot,18-30,High Risk,Changing lane to the right,Car,Foggy,State Highway,Wet,Dawn,20.5937,78.9629,Night
Rajkot,31-50,Low Risk,Changing lane to the left,Truck,Clear,Highways,Normal,Daylight,20.5937,78.9629,Morning
Bhopal,18-30,Medium Risk,Moving Backward,Two-Wheeler,Stormy,Highways,Normal,Dawn,20.5937,78.9629,Afternoon
Rajkot,18-30,High Risk,No distancing,Car,Rainy,National Highway,Damaged,Dark,20.5937,78.9629,Afternoon
Rajkot,18-30,High Risk,Changing lane to the right,Auto-Rickshaw,Hazy,National Highway,Dry,Daylight,20.5937,78.9629,Afternoon
Kollam,18-30,Medium Risk,Moving Backward,Bus,Clear,Highways,Normal,Daylight,20.5937,78.9629,Afternoon
Rajkot,18-30,Low Risk,No distancing,Car,Clear,Highways,Normal,Dusk,20.5937,78.9629,Afternoon
Hyderabad,18-30,Low Risk,Driving to the left,Bus,Hazy,Highways,Normal,Dusk,17.385,78.4867,Morning
Rajkot,50+,Medium Risk,Driving to the left,Auto-Rickshaw,Rainy,National Highway,Dry,Dusk,20.5937,78.9629,Afternoon
Rajkot,31-50,High Risk,Moving Backward,Truck,Foggy,Urban Road,Normal,Dusk,20.5937,78.9629,Evening
Rajkot,18-30,Low Risk,Moving Backward,Bus,Clear,Highways,Normal,Daylight,20.5937,78.9629,Morning
Ahmedabad,50+,Low Risk,Overtaking,Truck,Rainy,Highways,Normal,Daylight,23.0225,72.5714,Afternoon
Rajkot,31-50,High Risk,Driving carelessly,Car,Clear,National Highway,Wet,Daylight,20.5937,78.9629,Evening
Rajkot,18-30,High Risk,Changing lane to the left,Car,Hazy,Village Road,Dry,Daylight,20.5937,78.9629,Morning
Rajkot,18-30,Low Risk,Driving under the influence of drugs,Bus,Clear,Highways,Normal,Daylight,20.5937,78.9629,Afternoon
Rajkot,18-30,High Risk,No distancing,Auto-Rickshaw,Hazy,Village Road,Normal,Daylight,20.5937,78.9629,Morning
Rajkot,18-30,Medium Risk,Moving Backward,Auto-Rickshaw,Clear,Highways,Normal,Dawn,20.5937,78.9629,Afternoon
Rajkot,18-30,High Risk,Changing lane to the left,Truck,Clear,State Highway,Wet,Dark,20.5937,78.9629,Afternoon
Rajkot,50+,High Risk,Changing lane to the right,Cycle,Clear,National Highway,Damaged,Dawn,20.5937,78.9629,Night
Rajkot,18-30,High Risk,No distancing,Cycle,Clear,Urban Road,Damaged,Daylight,20.5937,78.9629,Afternoon
Rajkot,18-30,High Risk,Driving at high speed,Car,Clear,Urban Road,Normal,Dark,20.5937,78.9629,Evening
Rajkot,18-30,High Risk,Changing lane to the right,Bus,Hazy,Urban Road,Under Construction,Dusk,20.5937,78.9629,Morning
Rajkot,31-50,Low Risk,No priority to vehicle,Pedestrian,Clear,Highways,Normal,Daylight,20.5937,78.9629,Night
Rajkot,31-50,High Risk,No distancing,Car,Clear,National Highway,Under Construction,Daylight,20.5937,78.9629,Morning
Rajkot,18-30,High Risk,Turnover,Pedestrian,Foggy,Urban Road,Normal,Dark,20.5937,78.9629,Evening
Rajkot,18-30,High Risk,No distancing,Pedestrian,Clear,Urban Road,Normal,Dusk,20.5937,78.9629,Morning
Rajkot,18-30,High Risk,Changing lane to the right,Pedestrian,Clear,State Highway,Wet,Daylight,20.5937,78.9629,Morning
Rajkot,50+,High Risk,No distancing,Car,Foggy,National Highway,Under Construction,Daylight,20.5937,78.9629,Afternoon
Thiruvanthapuram,31-50,Low Risk,Changing lane to the left,Car,Clear,Highways,Normal,Dark,20.5937,78.9629,Evening
Rajkot,18-30,High Risk,Driving carelessly,Two-Wheeler,Clear,State Highway,Damaged,Dusk,20.5937,78.9629,Morning
Rajkot,31-50,High Risk,Changing lane to the right,Cycle,Clear,State Highway,Under Construction,Daylight,20.5937,78.9629,Night
Rajkot,31-50,Low Risk,No priority to vehicle,Cycle,Clear,Highways,Normal,Daylight,20.5937,78.9629,Morning
Rajkot,31-50,High Risk,No distancing,Pedestrian,Rainy,State Highway,Wet,Daylight,20.5937,78.9629,Evening
Rajkot,18-30,High Risk,No priority to pedestrian,Bus,Foggy,State Highway,Under Construction,Daylight,20.5937,78.9629,Evening
Raipur,18-30,Low Risk,No priority to pedestrian,Two-Wheeler,Stormy,Highways,Normal,Dusk,20.5937,78.9629,Morning
Rajkot,18-30,High Risk,No priority to vehicle,Bus,Clear,State Highway,Damaged,Dusk,20.5937,78.9629,Morning
Rajkot,18-30,High Risk,Changing lane to the left,Auto-Rickshaw,Stormy,State Highway,Wet,Daylight,20.5937,78.9629,Night
Srinagar,18-30,High Risk,Changing lane to the left,Two-Wheeler,Clear,Urban Road,Dry,Daylight,20.5937,78.9629,Morning
Srinagar,18-30,High Risk,No distancing,Pedestrian,Clear,State Highway,Wet,Daylight,20.5937,78.9629,Evening