Million_Plus_Cities,Age_band_of_driver,Accident_severity,Cause_of_accident,Vehicle Type Involved,Weather Conditions,Road Type,Road Condition,Lighting Conditions,Latitude,Longitude,Time_Block
Srinagar,18-30,High Risk,No priority to vehicle,Two-Wheeler,Clear,Urban Road,Wet,Dawn,20.5937,78.9629,Night
Srinagar,31-50,Low Risk,No distancing,Pedestrian,Stormy,Highways,Normal,Daylight,20.5937,78.9629,Afternoon
Srinagar,18-30,High Risk,No distancing,Pedestrian,Rainy,Urban Road,Under Construction,Dawn,20.5937,78.9629,Afternoon
Rajkot,31-50,Medium Risk,Changing lane to the right,Pedestrian,Foggy,Highways,Normal,Daylight,20.5937,78.9629,Night
Thiruvanthapuram,18-30,Low Risk,Changing lane to the left,Bus,Clear,Highways,Normal,Dusk,20.5937,78.9629,Night
Raipur,31-50,Low Risk,No distancing,Car,Clear,Highways,Normal,Daylight,20.5937,78.9629,Evening
Asansol Durgapur,18-30,Medium Risk,Overturning,Truck,Clear,Highways,Normal,Dark,20.5937,78.9629,Afternoon
Srinagar,18-30,Medium Risk,No priority to vehicle,Pedestrian,Clear,Highways,Normal,Daylight,20.5937,78.9629,Morning
Srinagar,18-30,High Risk,Moving Backward,Car,Clear,Urban Road,Wet,Dawn,20.5937,78.9629,Night
Srinagar,18-30,High Risk,Driving under the influence of drugs,Cycle,Clear,Urban Road,Wet,Daylight,20.5937,78.9629,Night
Srinagar,31-50,High Risk,Moving Backward,Bus,Clear,State Highway,Normal,Dark,20.5937,78.9629,Morning
Srinagar,18-30,High Risk,Changing lane to the right,Auto-Rickshaw,Rainy,National Highway,Dry,Dark,20.5937,78.9629,Afternoon
Srinagar,18-30,High Risk,Overspeed,Two-Wheeler,Rainy,National Highway,Under Construction,Daylight,20.5937,78.9629,Morning
Srinagar,18-30,High Risk,Driving under the influence of drugs,Bus,Foggy,Urban Road,Damaged,Daylight,20.5937,78.9629,Morning
Srinagar,18-30,High Risk,Driving carelessly,Pedestrian,Rainy,Village Road,Wet,Daylight,20.5937,78.9629,Morning
Srinagar,18-30,High Risk,No distancing,Two-Wheeler,Clear,State Highway,Normal,Daylight,20.5937,78.9629,Night
Srinagar,18-30,Low Risk,No priority to vehicle,Bus,Clear,Highways,Normal,Daylight,20.5937,78.9629,Night
Amritsar,18-30,Medium Risk,Overspeed,Two-Wheeler,Stormy,Highways,Normal,Daylight,20.5937,78.9629,Afternoon
Srinagar,18-30,High Risk,Driving under the influence of drugs,Auto-Rickshaw,Stormy,Village Road,Wet,Dawn,20.5937,78.9629,Night
Srinagar,50+,Low Risk,Changing lane to the right,Pedestrian,Hazy,Highways,Normal,Dusk,20.5937,78.9629,Afternoon
Kochi,18-30,Low Risk,Changing lane to the right,Car,Clear,Highways,Normal,Daylight,20.5937,78.9629,Morning
Srinagar,18-30,High Risk,Changing lane to the right,Auto-Rickshaw,Rainy,Urban Road,Dry,Daylight,20.5937,78.9629,Morning
Srinagar,18-30,High Risk,Changing lane to the right,Cycle,Clear,National Highway,Dry,Dark,20.5937,78.9629,Night
Srinagar,31-50,High Risk,Moving Backward,Bus,Rainy,State Highway,Damaged,Daylight,20.5937,78.9629,Night
Srinagar,18-30,High Risk,No distancing,Cycle,Foggy,National Highway,Under Construction,Dusk,20.5937,78.9629,Afternoon
Srinagar,31-50,Low Risk,Overspeed,Two-Wheeler,Stormy,Highways,Normal,Dark,20.5937,78.9629,Evening
Srinagar,18-30,High Risk,No distancing,Pedestrian,Foggy,State Highway,Wet,Daylight,20.5937,78.9629,Night
Srinagar,50+,High Risk,Driving carelessly,Two-Wheeler,Foggy,Urban Road,Wet,Daylight,20.5937,78.9629,Afternoon
Srinagar,18-30,High Risk,No distancing,Pedestrian,Stormy,State Highway,Damaged,Dawn,20.5937,78.9629,Afternoon
Srinagar,18-30,High Risk,No distancing,Auto-Rickshaw,Rainy,Urban Road,Damaged,Dusk,20.5937,78.9629,Night
Srinagar,18-30,High Risk,No distancing,Auto-Rickshaw,Clear,State Highway,Damaged,Dark,20.5937,78.9629,Night
Srinagar,31-50,Medium Risk,Changing lane to the right,Truck,Hazy,State Highway,Damaged,Dusk,20.5937,78.9629,Morning
Coimbatore,18-30,Low Risk,No distancing,Two-Wheeler,Clear,Highways,Normal,Daylight,20.5937,78.9629,Night
Srinagar,31-50,Low Risk,No priority to vehicle,Pedestrian,Rainy,Highways,Normal,Dark,20.5937,78.9629,Night
Srinagar,18-30,Medium Risk,Changing lane to the left,Car,Rainy,National Highway,Wet,Daylight,20.5937,78.9629,Morning
Srinagar,18-30,Low Risk,Moving Backward,Bus,Hazy,Highways,Normal,Daylight,20.5937,78.9629,Morning
Bengaluru,31-50,Low Risk,Driving carelessly,Pedestrian,Clear,Highways,Normal,Dark,12.9716,77.5946,Afternoon
Raipur,31-50,Low Risk,Changing lane to the left,Car,Clear,Highways,Normal,Dusk,20.5937,78.9629,Night
Allahabad(Prayagraj),31-50,Low Risk,No priority to pedestrian,Car,Clear,Highways,Normal,Daylight,20.5937,78.9629,Morning
Surat,31-50,Low Risk,No distancing,Truck,Foggy,Highways,Normal,Daylight,21.1702,72.8311,Evening
Surat,31-50,High Risk,No distancing,Car,Clear,State Highway,Normal,Daylight,21.1702,72.8311,Morning
Surat,18-30,High Risk,Overturning,Bus,Clear,State Highway,Dry,Daylight,21.1702,72.8311,Evening
Surat,31-50,Medium Risk,No distancing,Auto-Rickshaw,Clear,National Highway,Damaged,Dawn,21.1702,72.8311,Night
Surat,31-50,Medium Risk,Drunk driving,Pedestrian,Clear,Urban Road,Under Construction,Dark,21.1702,72.8311,Night
Surat,18-30,High Risk,Moving Backward,Auto-Rickshaw,Rainy,Urban Road,Damaged,Dawn,21.1702,72.8311,Evening
Surat,50+,High Risk,No priority to pedestrian,Truck,Hazy,Urban Road,Wet,Daylight,21.1702,72.8311,Morning
Surat,18-30,High Risk,Changing lane to the left,Auto-Rickshaw,Clear,National Highway,Normal,Dawn,21.1702,72.8311,Night
Kochi,18-30,Low Risk,Changing lane to the left,Auto-Rickshaw,Rainy,Highways,Normal,Daylight,20.5937,78.9629,Afternoon
Surat,31-50,High Risk,Getting off the vehicle improperly,Cycle,Clear,National Highway,Damaged,Daylight,21.1702,72.8311,Night
Dhanbad,50+,Low Risk,No distancing,Cycle,Clear,Highways,Normal,Daylight,20.5937,78.9629,Night
Surat,50+,Medium Risk,Changing lane to the right,Bus,Hazy,Highways,Normal,Dawn,21.1702,72.8311,Night
Surat,31-50,Medium Risk,Changing lane to the right,Pedestrian,Clear,Highways,Normal,Daylight,21.1702,72.8311,Afternoon
Surat,50+,Low Risk,Moving Backward,Cycle,Rainy,Highways,Normal,Dark,21.1702,72.8311,Evening
Surat,50+,High Risk,Driving at high speed,Car,Clear,Urban Road,Under Construction,Dark,21.1702,72.8311,Night
Kolkata,18-30,Low Risk,Changing lane to the left,Pedestrian,Stormy,Highways,Normal,Daylight,22.5726,88.3639,Night
Surat,18-30,High Risk,Changing lane to the right,Two-Wheeler,Foggy,Village Road,Damaged,Dusk,21.1702,72.8311,Evening
Surat,18-30,High Risk,No distancing,Truck,Clear,Village Road,Dry,Dark,21.1702,72.8311,Afternoon
Surat,31-50,High Risk,Changing lane to the right,Pedestrian,Clear,Urban Road,Under Construction,Daylight,21.1702,72.8311,Night
Surat,18-30,High Risk,Changing lane to the right,Cycle,Clear,Highways,Normal,Daylight,21.1702,72.8311,Night
Ludhiana,31-50,Low Risk,No distancing,Two-Wheeler,Clear,Highways,Normal,Dusk,20.5937,78.9629,Morning
Surat,50+,High Risk,Changing lane to the right,Pedestrian,Clear,Highways,Normal,Daylight,21.1702,72.8311,Night
Surat,18-30,High Risk,Driving carelessly,Pedestrian,Hazy,Urban Road,Wet,Dusk,21.1702,72.8311,Evening
Surat,18-30,High Risk,Driving carelessly,Car,Clear,National Highway,Damaged,Daylight,21.1702,72.8311,Morning
Surat,18-30,High Risk,Changing lane to the right,Cycle,Clear,Urban Road,Under Construction,Daylight,21.1702,72.8311,Morning
Surat,50+,High Risk,Overturning,Bus,Rainy,Urban Road,Dry,Dusk,21.1702,72.8311,Evening
Surat,18-30,High Risk,Changing lane to the right,Truck,Clear,Village Road,Dry,Daylight,21.1702,72.8311,Evening
Surat,18-30,High Risk,Moving Backward,Auto-Rickshaw,Stormy,National Highway,Dry,Dark,21.1702,72.8311,Evening
Surat,18-30,High Risk,No distancing,Pedestrian,Clear,Urban Road,Normal,Dark,21.1702,72.8311,Night
Surat,18-30,High Risk,Overturning,Car,Rainy,Village Road,Under Construction,Dusk,21.1702,72.8311,Afternoon
Surat,18-30,Medium Risk,Driving carelessly,Car,Foggy,Highways,Normal,Daylight,21.1702,72.8311,Afternoon
Surat,18-30,High Risk,Changing lane to the right,Truck,Stormy,State Highway,Dry,Daylight,21.1702,72.8311,Night
Surat,31-50,Low Risk,Driving at high speed,Auto-Rickshaw,Foggy,Highways,Normal,Dusk,21.1702,72.8311,Evening
Surat,31-50,High Risk,Changing lane to the left,Car,Foggy,Highways,Normal,Daylight,21.1702,72.8311,Afternoon
Surat,18-30,High Risk,Driving carelessly,Truck,Foggy,Village Road,Under Construction,Dusk,21.1702,72.8311,Morning
Surat,18-30,High Risk,No distancing,Bus,Rainy,Urban Road,Normal,Dusk,21.1702,72.8311,Night
Surat,18-30,High Risk,Moving Backward,Car,Clear,National Highway,Wet,Dark,21.1702,72.8311,Afternoon
Surat,31-50,High Risk,No priority to pedestrian,Truck,Foggy,Urban Road,Under Construction,Daylight,21.1702,72.8311,Night
Surat,31-50,High Risk,Moving Backward,Car,Stormy,State Highway,Damaged,Dawn,21.1702,72.8311,Morning
Thiruvanthapuram,31-50,Medium Risk,Moving Backward,Car,Clear,Highways,Normal,Dawn,20.5937,78.9629,Night
Thiruvanthapuram,18-30,Medium Risk,Overtaking,Auto-Rickshaw,Clear,Highways,Normal,Daylight,20.5937,78.9629,Night
Thiruvanthapuram,18-30,High Risk,Changing lane to the left,Cycle,Clear,National Highway,Wet,Daylight,20.5937,78.9629,Afternoon
Thiruvanthapuram,31-50,High Risk,Changing lane to the right,Car,Clear,Highways,Normal,Daylight,20.5937,78.9629,Afternoon
Thiruvanthapuram,18-30,High Risk,Overtaking,Car,Clear,Urban Road,Damaged,Dark,20.5937,78.9629,Morning
Thiruvanthapuram,18-30,Medium Risk,Overloading,Auto-Rickshaw,Stormy,Highways,Normal,Dawn,20.5937,78.9629,Night
Thiruvanthapuram,31-50,High Risk,Other,Bus,Clear,State Highway,Wet,Dusk,20.5937,78.9629,Morning
Thiruvanthapuram,18-30,Medium Risk,No priority to vehicle,Bus,Rainy,Urban Road,Under Construction,Daylight,20.5937,78.9629,Evening
Thiruvanthapuram,31-50,Medium Risk,Changing lane to the right,Car,Clear,National Highway,Damaged,Dawn,20.5937,78.9629,Morning
Thiruvanthapuram,18-30,High Risk,Moving Backward,Auto-Rickshaw,Clear,Village Road,Damaged,Dawn,20.5937,78.9629,Evening
Thiruvanthapuram,31-50,High Risk,Changing lane to the left,Pedestrian,Clear,State Highway,Under Construction,Dusk,20.5937,78.9629,Morning
Thiruvanthapuram,50+,High Risk,No priority to pedestrian,Auto-Rickshaw,Hazy,National Highway,Dry,Dark,20.5937,78.9629,Night
Thiruvanthapuram,31-50,High Risk,No distancing,Two-Wheeler,Rainy,State Highway,Dry,Dusk,20.5937,78.9629,Evening
Thiruvanthapuram,50+,High Risk,No priority to vehicle,Car,Clear,National Highway,Damaged,Dusk,20.5937,78.9629,Morning
Khozikode,31-50,Low Risk,No distancing,Car,Clear,Highways,Normal,Daylight,20.5937,78.9629,Morning
Thiruvanthapuram,31-50,High Risk,No distancing,Two-Wheeler,Clear,Village Road,Wet,Dusk,20.5937,78.9629,Morning
Thiruvanthapuram,50+,High Risk,Moving Backward,Car,Foggy,Village Road,Damaged,Dawn,20.5937,78.9629,Afternoon
Thiruvanthapuram,50+,Low Risk,Changing lane to the right,Car,Clear,Highways,Normal,Daylight,20.5937,78.9629,Night
Thiruvanthapuram,18-30,Medium Risk,No priority to pedestrian,Pedestrian,Clear,Village Road,Under Construction,Daylight,20.5937,78.9629,Night
Thiruvanthapuram,31-50,Medium Risk,Moving Backward,Two-Wheeler,Rainy,Urban Road,Damaged,Daylight,20.5937,78.9629,Evening
Thiruvanthapuram,18-30,Low Risk,Getting off the vehicle improperly,Truck,Rainy,Highways,Normal,Dark,20.5937,78.9629,Evening
Thiruvanthapuram,18-30,High Risk,Overtaking,Truck,Clear,Urban Road,Damaged,Dark,20.5937,78.9629,Night
Thiruvanthapuram,50+,High Risk,Overloading,Car,Rainy,Village Road,Dry,Daylight,20.5937,78.9629,Night
Thiruvanthapuram,18-30,High Risk,Changing lane to the right,Bus,Clear,Highways,Normal,Dawn,20.5937,78.9629,Evening
Thiruvanthapuram,18-30,High Risk,Improper parking,Car,Stormy,Highways,Normal,Dark,20.5937,78.9629,Night
Thiruvanthapuram,18-30,High Risk,Other,Auto-Rickshaw,Clear,Urban Road,Wet,Dark,20.5937,78.9629,Morning
Thiruvanthapuram,18-30,High Risk,Changing lane to the left,Pedestrian,Clear,National Highway,Damaged,Dawn,20.5937,78.9629,Morning
Thiruvanthapuram,18-30,Medium Risk,Changing lane to the right,Truck,Foggy,Highways,Normal,Dark,20.5937,78.9629,Night
Thiruvanthapuram,18-30,Low Risk,No priority to pedestrian,Car,Clear,Highways,Normal,Dawn,20.5937,78.9629,Evening
Thiruvanthapuram,18-30,Medium Risk,Overspeed,Truck,Clear,Urban Road,Dry,Dark,20.5937,78.9629,Afternoon
Thiruvanthapuram,18-30,High Risk,Changing lane to the left,Bus,Hazy,State Highway,Under Construction,Daylight,20.5937,78.9629,Morning
Thiruvanthapuram,18-30,High Risk,No priority to vehicle,Pedestrian,Rainy,Village Road,Dry,Daylight,20.5937,78.9629,Evening
Thiruvanthapuram,18-30,Low Risk,Changing lane to the right,Bus,Hazy,Highways,Normal,Daylight,20.5937,78.9629,Evening
Thiruvanthapuram,50+,High Risk,No distancing,Auto-Rickshaw,Clear,Village Road,Under Construction,Daylight,20.5937,78.9629,Evening
Thiruvanthapuram,18-30,High Risk,No priority to pedestrian,Car,Clear,Urban Road,Dry,Dawn,20.5937,78.9629,Evening
Thiruvanthapuram,31-50,Medium Risk,No distancing,Bus,Rainy,Highways,Normal,Daylight,20.5937,78.9629,Afternoon
Thiruvanthapuram,31-50,High Risk,No priority to vehicle,Auto-Rickshaw,Rainy,State Highway,Under Construction,Daylight,20.5937,78.9629,Morning
Thiruvanthapuram,31-50,High Risk,Other,Truck,Hazy,Village Road,Under Construction,Daylight,20.5937,78.9629,Night
Thiruvanthapuram,18-30,Low Risk,Driving carelessly,Pedestrian,Clear,Highways,Normal,Dark,20.5937,78.9629,Afternoon
Thiruvanthapuram,18-30,Low Risk,Changing lane to the left,Cycle,Clear,Highways,Normal,Daylight,20.5937,78.9629,Evening
Thrissur,31-50,Medium Risk,Driving carelessly,Car,Hazy,Highways,Normal,Dusk,20.5937,78.9629,Morning
Thrissur,18-30,High Risk,Changing lane to the left,Car,Stormy,National Highway,Wet,Daylight,20.5937,78.9629,Morning
Thrissur,18-30,High Risk,No priority to vehicle,Car,Clear,Urban Road,Under Construction,Daylight,20.5937,78.9629,Morning
Thrissur,18-30,High Risk,No distancing,Auto-Rickshaw,Clear,National Highway,Damaged,Daylight,20.5937,78.9629,Night
Thrissur,18-30,High Risk,Changing lane to the right,Pedestrian,Stormy,Urban Road,Dry,Dusk,20.5937,78.9629,Morning
Thrissur,31-50,High Risk,Changing lane to the right,Pedestrian,Clear,Village Road,Under Construction,Daylight,20.5937,78.9629,Afternoon
Kota,18-30,Low Risk,Driving at high speed,Cycle,Clear,Highways,Normal,Daylight,20.5937,78.9629,Afternoon
Thrissur,18-30,High Risk,No distancing,Two-Wheeler,Clear,National Highway,Damaged,Dawn,20.5937,78.9629,Afternoon
Thrissur,18-30,High Risk,Changing lane to the right,Two-Wheeler,Stormy,State Highway,Wet,Dawn,20.5937,78.9629,Afternoon
Thrissur,18-30,High Risk,Changing lane to the left,Car,Rainy,State Highway,Under Construction,Dark,20.5937,78.9629,Night
Thrissur,18-30,High Risk,Getting off the vehicle improperly,Bus,Stormy,National Highway,Under Construction,Daylight,20.5937,78.9629,Night
Thrissur,18-30,High Risk,Other,Pedestrian,Clear,Village Road,Normal,Daylight,20.5937,78.9629,Night
Thrissur,31-50,High Risk,Other,Auto-Rickshaw,Clear,Urban Road,Under Construction,Daylight,20.5937,78.9629,Morning
Ahmedabad,31-50,Low Risk,No distancing,Car,Clear,Highways,Normal,Daylight,23.0225,72.5714,Afternoon
Thrissur,18-30,High Risk,No priority to vehicle,Pedestrian,Clear,State Highway,Dry,Dusk,20.5937,78.9629,Afternoon
Thrissur,18-30,High Risk,Overtaking,Auto-Rickshaw,Stormy,State Highway,Normal,Daylight,20.5937,78.9629,Night
Thrissur,18-30,High Risk,No priority to pedestrian,Two-Wheeler,Clear,State Highway,Wet,Daylight,20.5937,78.9629,Night
Thrissur,18-30,High Risk,No distancing,Bus,Rainy,State Highway,Wet,Daylight,20.5937,78.9629,Morning
Thrissur,18-30,High Risk,Changing lane to the right,Auto-Rickshaw,Clear,Urban Road,Damaged,Daylight,20.5937,78.9629,Night
Thrissur,18-30,High Risk,Driving carelessly,Cycle,Clear,Village Road,Under Construction,Dark,20.5937,78.9629,Night
Jaipur,18-30,Low Risk,Changing lane to the right,Pedestrian,Clear,Highways,Normal,Daylight,26.9124,75.7873,Night
Thrissur,31-50,High Risk,Overtaking,Auto-Rickshaw,Stormy,Village Road,Damaged,Dawn,20.5937,78.9629,Afternoon
Thrissur,18-30,Medium Risk,Other,Car,Clear,Highways,Normal,Dark,20.5937,78.9629,Night
Thrissur,18-30,High Risk,Driving to the left,Auto-Rickshaw,Hazy,National Highway,Damaged,Dark,20.5937,78.9629,Night
Thrissur,18-30,High Risk,Driving at high speed,Cycle,Hazy,Village Road,Wet,Dark,20.5937,78.9629,Night
Thrissur,18-30,High Risk,Unknown,Car,Foggy,National Highway,Dry,Dusk,20.5937,78.9629,Evening
Thrissur,31-50,Low Risk,Changing lane to the right,Truck,Hazy,Highways,Normal,Dark,20.5937,78.9629,Night
Thrissur,18-30,High Risk,No distancing,Auto-Rickshaw,Clear,State Highway,Under Construction,Daylight,20.5937,78.9629,Morning
Thrissur,18-30,High Risk,Other,Bus,Clear,National Highway,Damaged,Daylight,20.5937,78.9629,Evening
Thrissur,18-30,High Risk,No priority to vehicle,Car,Hazy,State Highway,Dry,Daylight,20.5937,78.9629,Afternoon
Kochi,31-50,Low Risk,Changing lane to the left,Two-Wheeler,Clear,Highways,Normal,Daylight,20.5937,78.9629,Evening
Thrissur,18-30,Low Risk,No priority to pedestrian,Bus,Clear,Highways,Normal,Daylight,20.5937,78.9629,Morning
Gwalior,18-30,Low Risk,Overtaking,Pedestrian,Stormy,Highways,Normal,Daylight,20.5937,78.9629,Afternoon
Thrissur,18-30,High Risk,Driving carelessly,Cycle,Clear,Urban Road,Damaged,Daylight,20.5937,78.9629,Night
Thrissur,18-30,High Risk,No priority to vehicle,Two-Wheeler,Stormy,State Highway,Dry,Dark,20.5937,78.9629,Afternoon
Thrissur,18-30,High Risk,No priority to pedestrian,Cycle,Clear,Village Road,Dry,Dawn,20.5937,78.9629,Evening
Thrissur,18-30,High Risk,Changing lane to the right,Truck,Clear,National Highway,Under Construction,Daylight,20.5937,78.9629,Night
Thrissur,18-30,Medium Risk,Driving carelessly,Bus,Clear,State Highway,Wet,Dusk,20.5937,78.9629,Morning
Thrissur,18-30,High Risk,Changing lane to the right,Pedestrian,Foggy,Highways,Normal,Dusk,20.5937,78.9629,Morning
Thrissur,18-30,High Risk,Changing lane to the right,Two-Wheeler,Clear,Urban Road,Dry,Daylight,20.5937,78.9629,Morning
Tiruchirapalli,18-30,High Risk,Changing lane to the left,Two-Wheeler,Clear,Urban Road,Normal,Daylight,20.5937,78.9629,Morning
Tiruchirapalli,18-30,Medium Risk,Overturning,Cycle,Hazy,Highways,Normal,Daylight,20.5937,78.9629,Night
Tiruchirapalli,18-30,High Risk,Driving carelessly,Car,Stormy,Village Road,Wet,Daylight,20.5937,78.9629,Night
Tiruchirapalli,18-30,High Risk,No distancing,Auto-Rickshaw,Rainy,Village Road,Dry,Daylight,20.5937,78.9629,Morning
Tiruchirapalli,18-30,Medium Risk,Driving carelessly,Car,Clear,National Highway,Under Construction,Dawn,20.5937,78.9629,Afternoon
Tiruchirapalli,18-30,Medium Risk,Changing lane to the left,Two-Wheeler,Stormy,National Highway,Under Construction,Dusk,20.5937,78.9629,Night
Mallapuram,18-30,Low Risk,No priority to vehicle,Bus,Clear,Highways,Normal,Daylight,20.5937,78.9629,Night
Tiruchirapalli,31-50,High Risk,Changing lane to the right,Cycle,Foggy,Highways,Normal,Dark,20.5937,78.9629,Afternoon
Tiruchirapalli,18-30,Medium Risk,No distancing,Auto-Rickshaw,Clear,National Highway,Under Construction,Daylight,20.5937,78.9629,Night
Tiruchirapalli,31-50,Medium Risk,Moving Backward,Auto-Rickshaw,Hazy,Urban Road,Damaged,Dark,20.5937,78.9629,Night
Tiruchirapalli,31-50,Medium Risk,Moving Backward,Two-Wheeler,Rainy,Highways,Normal,Dark,20.5937,78.9629,Night
Tiruchirapalli,18-30,High Risk,No distancing,Car,Clear,State Highway,Dry,Dawn,20.5937,78.9629,Night
Tiruchirapalli,18-30,Low Risk,No distancing,Truck,Rainy,Highways,Normal,Daylight,20.5937,78.9629,Afternoon
Tiruchirapalli,18-30,High Risk,No distancing,Car,Clear,National Highway,Damaged,Daylight,20.5937,78.9629,Afternoon
Tiruchirapalli,18-30,High Risk,No priority to pedestrian,Truck,Rainy,State Highway,Dry,Dawn,20.5937,78.9629,Night
Tiruchirapalli,18-30,High Risk,Driving carelessly,Auto-Rickshaw,Clear,Village Road,Under Construction,Dusk,20.5937,78.9629,Morning
Tiruchirapalli,31-50,High Risk,Changing lane to the right,Two-Wheeler,Clear,Urban Road,Damaged,Daylight,20.5937,78.9629,Afternoon
Tiruchirapalli,18-30,High Risk,Changing lane to the left,Auto-Rickshaw,Clear,National Highway,Damaged,Dusk,20.5937,78.9629,Afternoon
Tiruchirapalli,18-30,High Risk,Driving carelessly,Cycle,Clear,Village Road,Under Construction,Dark,20.5937,78.9629,Night
Tiruchirapalli,18-30,Low Risk,Driving carelessly,Car,Rainy,Highways,Normal,Dusk,20.5937,78.9629,Night
Tiruchirapalli,18-30,High Risk,No distancing,Truck,Foggy,National Highway,Damaged,Daylight,20.5937,78.9629,Morning
Tiruchirapalli,18-30,Low Risk,Other,Auto-Rickshaw,Clear,Highways,Normal,Dawn,20.5937,78.9629,Afternoon
Tiruchirapalli,31-50,High Risk,Changing lane to the right,Cycle,Stormy,Highways,Normal,Daylight,20.5937,78.9629,Afternoon
Tiruchirapalli,18-30,Medium Risk,Changing lane to the right,Cycle,Hazy,National Highway,Wet,Dawn,20.5937,78.9629,Night
Tiruchirapalli,18-30,Medium Risk,No distancing,Pedestrian,Foggy,National Highway,Damaged,Dusk,20.5937,78.9629,Night
Tiruchirapalli,50+,Medium Risk,No distancing,Truck,Stormy,Urban Road,Normal,Daylight,20.5937,78.9629,Night
Vijaywada city,31-50,Low Risk,Overturning,Auto-Rickshaw,Clear,Highways,Normal,Dark,20.5937,78.9629,Afternoon
Tiruchirapalli,31-50,High Risk,Driving at high speed,Car,Clear,Village Road,Under Construction,Dusk,20.5937,78.9629,Night
Tiruchirapalli,18-30,High Risk,No priority to vehicle,Pedestrian,Clear,Urban Road,Dry,Dark,20.5937,78.9629,Night
Tiruchirapalli,50+,Low Risk,No priority to pedestrian,Cycle,Rainy,Highways,Normal,Daylight,20.5937,78.9629,Afternoon
Tiruchirapalli,50+,Low Risk,No priority to vehicle,Truck,Clear,Highways,Normal,Daylight,20.5937,78.9629,Morning
Tiruchirapalli,31-50,High Risk,Other,Car,Stormy,National Highway,Under Construction,Dawn,20.5937,78.9629,Night
Tiruchirapalli,18-30,High Risk,Other,Cycle,Clear,State Highway,Damaged,Daylight,20.5937,78.9629,Night
Tiruchirapalli,31-50,Low Risk,Moving Backward,Truck,Clear,Highways,Normal,Dark,20.5937,78.9629,Evening
Tiruchirapalli,31-50,High Risk,No distancing,Auto-Rickshaw,Clear,Highways,Normal,Daylight,20.5937,78.9629,Night
Tiruchirapalli,31-50,High Risk,Moving Backward,Cycle,Rainy,Village Road,Under Construction,Dusk,20.5937,78.9629,Morning
Tiruchirapalli,18-30,High Risk,No priority to vehicle,Cycle,Clear,Urban Road,Wet,Daylight,20.5937,78.9629,Evening
Tiruchirapalli,18-30,Medium Risk,Driving carelessly,Cycle,Clear,State Highway,Damaged,Dusk,20.5937,78.9629,Night
Tiruchirapalli,18-30,Medium Risk,No distancing,Car,Foggy,Village Road,Under Construction,Dawn,20.5937,78.9629,Morning
Tiruchirapalli,18-30,Medium Risk,Other,Car,Clear,Highways,Normal,Daylight,20.5937,78.9629,Night
Vadodra,18-30,Medium Risk,Changing lane to the right,Auto-Rickshaw,Clear,State Highway,Damaged,Dawn,20.5937,78.9629,Morning
Vadodra,18-30,Medium Risk,No distancing,Truck,Stormy,Village Road,Normal,Dawn,20.5937,78.9629,Night
Vadodra,18-30,Medium Risk,Driving carelessly,Car,Clear,Village Road,Under Construction,Daylight,20.5937,78.9629,Morning
Vadodra,18-30,Medium Risk,No distancing,Cycle,Clear,National Highway,Dry,Dusk,20.5937,78.9629,Morning
Vadodra,18-30,High Risk,No priority to vehicle,Pedestrian,Stormy,State Highway,Wet,Dawn,20.5937,78.9629,Evening
Nashik,18-30,Low Risk,Changing lane to the right,Car,Stormy,Highways,Normal,Daylight,20.5937,78.9629,Afternoon
Ahmedabad,18-30,Low Risk,No priority to pedestrian,Two-Wheeler,Clear,Highways,Normal,Daylight,23.0225,72.5714,Afternoon
Vadodra,18-30,High Risk,No priority to vehicle,Truck,Clear,National Highway,Normal,Daylight,20.5937,78.9629,Night
Vadodra,31-50,High Risk,Changing lane to the left,Two-Wheeler,Clear,Urban Road,Under Construction,Dawn,20.5937,78.9629,Morning
Vadodra,18-30,High Risk,Turnover,Two-Wheeler,Clear,National Highway,Dry,Daylight,20.5937,78.9629,Morning
Vadodra,18-30,High Risk,Driving to the left,Pedestrian,Stormy,Village Road,Damaged,Daylight,20.5937,78.9629,Morning
Vadodra,31-50,Low Risk,Driving carelessly,Pedestrian,Stormy,Highways,Normal,Dusk,20.5937,78.9629,Morning
Vadodra,31-50,High Risk,Driving to the left,Pedestrian,Stormy,State Highway,Dry,Dawn,20.5937,78.9629,Evening
Vadodra,18-30,High Risk,Driving carelessly,Two-Wheeler,Clear,Urban Road,Wet,Daylight,20.5937,78.9629,Night
Vadodra,18-30,High Risk,No priority to pedestrian,Truck,Rainy,Urban Road,Under Construction,Dark,20.5937,78.9629,Night
Vadodra,18-30,High Risk,Driving carelessly,Auto-Rickshaw,Rainy,Urban Road,Wet,Dawn,20.5937,78.9629,Afternoon
Vadodra,31-50,High Risk,Changing lane to the right,Pedestrian,Rainy,Urban Road,Under Construction,Dusk,20.5937,78.9629,Afternoon