Million_Plus_Cities,Age_band_of_driver,Accident_severity,Cause_of_accident,Vehicle Type Involved,Weather Conditions,Road Type,Road Condition,Lighting Conditions,Latitude,Longitude,Time_Block
Vadodra,31-50,High Risk,Moving Backward,Pedestrian,Hazy,Highways,Normal,Dusk,20.5937,78.9629,Afternoon
Vadodra,18-30,Medium Risk,Driving carelessly,Cycle,Clear,Urban Road,Wet,Daylight,20.5937,78.9629,Night
Vadodra,50+,Medium Risk,Changing lane to the right,Car,Clear,Village Road,Dry,Dusk,20.5937,78.9629,Night
Vadodra,31-50,High Risk,Driving carelessly,Auto-Rickshaw,Clear,National Highway,Under Construction,Dusk,20.5937,78.9629,Morning
Vadodra,18-30,High Risk,Driving carelessly,Cycle,Foggy,Village Road,Wet,Dark,20.5937,78.9629,Evening
Vadodra,18-30,High Risk,Driving carelessly,Pedestrian,Foggy,Urban Road,Damaged,Dark,20.5937,78.9629,Evening
Vadodra,18-30,High Risk,Changing lane to the right,Cycle,Foggy,State Highway,Wet,Daylight,20.5937,78.9629,Evening
Vadodra,18-30,High Risk,Changing lane to the right,Bus,Clear,National Highway,Dry,Dark,20.5937,78.9629,Night
Vadodra,18-30,High Risk,Driving carelessly,Cycle,Clear,Village Road,Under Construction,Dusk,20.5937,78.9629,Night
Delhi,31-50,Low Risk,Overtaking,Truck,Foggy,Highways,Normal,Dusk,28.6139,77.209,Night
Vadodra,18-30,High Risk,Changing lane to the right,Truck,Hazy,Village Road,Damaged,Daylight,20.5937,78.9629,Morning
Vadodra,18-30,High Risk,No distancing,Pedestrian,Hazy,National Highway,Under Construction,Dusk,20.5937,78.9629,Morning
Vadodra,18-30,High Risk,Other,Bus,Stormy,Highways,Normal,Dusk,20.5937,78.9629,Morning
Vadodra,50+,High Risk,Changing lane to the right,Pedestrian,Clear,Village Road,Dry,Daylight,20.5937,78.9629,Night
Vadodra,18-30,High Risk,Changing lane to the right,Two-Wheeler,Stormy,National Highway,Damaged,Dark,20.5937,78.9629,Night
Vadodra,18-30,Low Risk,Overtaking,Truck,Hazy,Highways,Normal,Dark,20.5937,78.9629,Afternoon
Vadodra,18-30,High Risk,Other,Bus,Clear,Urban Road,Under Construction,Daylight,20.5937,78.9629,Night
Vadodra,18-30,High Risk,Driving to the left,Cycle,Hazy,Village Road,Damaged,Daylight,20.5937,78.9629,Afternoon
Vadodra,31-50,High Risk,Overtaking,Auto-Rickshaw,Rainy,Village Road,Under Construction,Dusk,20.5937,78.9629,Night
Vadodra,31-50,High Risk,No priority to vehicle,Bus,Clear,Village Road,Under Construction,Daylight,20.5937,78.9629,Night
Vijaywada city,31-50,Low Risk,Moving Backward,Truck,Clear,Highways,Normal,Dawn,20.5937,78.9629,Night
Vadodra,18-30,High Risk,Other,Auto-Rickshaw,Foggy,National Highway,Damaged,Dusk,20.5937,78.9629,Night
Vadodra,18-30,High Risk,No priority to vehicle,Truck,Rainy,State Highway,Under Construction,Dusk,20.5937,78.9629,Evening
Varanasi,18-30,High Risk,No priority to pedestrian,Pedestrian,Foggy,Urban Road,Damaged,Dark,25.3176,82.9739,Night
Varanasi,18-30,High Risk,Changing lane to the right,Bus,Hazy,State Highway,Under Construction,Daylight,25.3176,82.9739,Night
Varanasi,18-30,High Risk,Changing lane to the right,Two-Wheeler,Stormy,State Highway,Wet,Daylight,25.3176,82.9739,Afternoon
Faridabad,18-30,Low Risk,Changing lane to the right,Cycle,Clear,Highways,Normal,Daylight,20.5937,78.9629,Morning
Varanasi,18-30,Medium Risk,Driving to the left,Auto-Rickshaw,Clear,Highways,Normal,Daylight,25.3176,82.9739,Morning
Varanasi,31-50,Medium Risk,Changing lane to the left,Truck,Rainy,Highways,Normal,Dawn,25.3176,82.9739,Afternoon
Varanasi,18-30,High Risk,Moving Backward,Pedestrian,Rainy,State Highway,Normal,Dusk,25.3176,82.9739,Morning
Vijaywada city,18-30,Low Risk,Driving at high speed,Two-Wheeler,Rainy,Highways,Normal,Daylight,20.5937,78.9629,Afternoon
Gwalior,50+,Low Risk,Moving Backward,Pedestrian,Hazy,Highways,Normal,Dark,20.5937,78.9629,Night
Vizaq,50+,Medium Risk,No distancing,Auto-Rickshaw,Rainy,Highways,Normal,Dusk,20.5937,78.9629,Morning
Kota,31-50,Medium Risk,Other,Two-Wheeler,Clear,Highways,Normal,Dark,20.5937,78.9629,Morning
Varanasi,31-50,High Risk,No priority to vehicle,Truck,Clear,Highways,Normal,Daylight,25.3176,82.9739,Night
Varanasi,18-30,High Risk,Changing lane to the right,Car,Clear,State Highway,Normal,Daylight,25.3176,82.9739,Morning
Vizaq,18-30,Low Risk,Other,Auto-Rickshaw,Foggy,Highways,Normal,Daylight,20.5937,78.9629,Night
Varanasi,31-50,High Risk,No distancing,Cycle,Foggy,Urban Road,Under Construction,Dawn,25.3176,82.9739,Afternoon
Varanasi,18-30,High Risk,Driving carelessly,Car,Foggy,Urban Road,Damaged,Daylight,25.3176,82.9739,Evening
Varanasi,31-50,High Risk,No distancing,Pedestrian,Rainy,State Highway,Wet,Dawn,25.3176,82.9739,Night
Varanasi,18-30,High Risk,Moving Backward,Car,Hazy,National Highway,Dry,Dusk,25.3176,82.9739,Night
Faridabad,18-30,Low Risk,No distancing,Bus,Stormy,Highways,Normal,Daylight,20.5937,78.9629,Morning
Varanasi,18-30,High Risk,Moving Backward,Truck,Foggy,Village Road,Wet,Dark,25.3176,82.9739,Morning
Varanasi,18-30,High Risk,No priority to pedestrian,Bus,Hazy,Urban Road,Normal,Daylight,25.3176,82.9739,Evening
Varanasi,18-30,High Risk,Changing lane to the left,Car,Rainy,National Highway,Wet,Daylight,25.3176,82.9739,Afternoon
Varanasi,18-30,High Risk,No distancing,Car,Clear,State Highway,Under Construction,Daylight,25.3176,82.9739,Night
Varanasi,18-30,High Risk,Other,Truck,Clear,Urban Road,Wet,Dawn,25.3176,82.9739,Afternoon
Varanasi,18-30,High Risk,No distancing,Truck,Clear,Urban Road,Damaged,Dusk,25.3176,82.9739,Afternoon
Varanasi,18-30,High Risk,No priority to pedestrian,Car,Clear,State Highway,Dry,Dawn,25.3176,82.9739,Night
Varanasi,31-50,High Risk,Moving Backward,Truck,Clear,State Highway,Under Construction,Dusk,25.3176,82.9739,Morning
Varanasi,18-30,Low Risk,No priority to pedestrian,Pedestrian,Hazy,Highways,Normal,Dark,25.3176,82.9739,Afternoon
Varanasi,31-50,Low Risk,No distancing,Car,Clear,Highways,Normal,Daylight,25.3176,82.9739,Night
Varanasi,18-30,High Risk,No priority to pedestrian,Auto-Rickshaw,Clear,National Highway,Dry,Daylight,25.3176,82.9739,Night
Varanasi,31-50,High Risk,Driving carelessly,Auto-Rickshaw,Stormy,Village Road,Damaged,Daylight,25.3176,82.9739,Night
Varanasi,31-50,High Risk,Getting off the vehicle improperly,Bus,Foggy,National Highway,Wet,Daylight,25.3176,82.9739,Morning
Varanasi,18-30,High Risk,Driving carelessly,Two-Wheeler,Foggy,Highways,Normal,Dark,25.3176,82.9739,Morning
Varanasi,50+,High Risk,Changing lane to the left,Cycle,Clear,Urban Road,Under Construction,Dark,25.3176,82.9739,Night
Varanasi,18-30,High Risk,No priority to vehicle,Truck,Rainy,Urban Road,Wet,Daylight,25.3176,82.9739,Night
Varanasi,18-30,Medium Risk,Changing lane to the right,Cycle,Foggy,Highways,Normal,Dawn,25.3176,82.9739,Night
Varanasi,31-50,Medium Risk,Changing lane to the right,Car,Clear,Village Road,Damaged,Dawn,25.3176,82.9739,Night
Varanasi,18-30,Medium Risk,No distancing,Two-Wheeler,Clear,Village Road,Under Construction,Daylight,25.3176,82.9739,Afternoon
Varanasi,18-30,High Risk,No distancing,Auto-Rickshaw,Clear,State Highway,Dry,Dawn,25.3176,82.9739,Afternoon
Varanasi,18-30,High Risk,Changing lane to the left,Bus,Rainy,Urban Road,Damaged,Daylight,25.3176,82.9739,Morning
Vijaywada city,50+,High Risk,Changing lane to the right,Pedestrian,Clear,National Highway,Dry,Dusk,20.5937,78.9629,Afternoon
Varanasi,18-30,Medium Risk,No priority to vehicle,Cycle,Foggy,Highways,Normal,Dark,25.3176,82.9739,Morning
Hyderabad,18-30,Low Risk,Changing lane to the left,Car,Clear,Highways,Normal,Dawn,17.385,78.4867,Night
Vijaywada city,18-30,High Risk,No priority to vehicle,Two-Wheeler,Clear,Urban Road,Wet,Daylight,20.5937,78.9629,Night
Vijaywada city,18-30,High Risk,Moving Backward,Two-Wheeler,Stormy,Urban Road,Dry,Daylight,20.5937,78.9629,Evening
Vijaywada city,18-30,High Risk,Turnover,Cycle,Stormy,State Highway,Under Construction,Daylight,20.5937,78.9629,Morning
Vijaywada city,31-50,High Risk,No distancing,Car,Rainy,Urban Road,Under Construction,Daylight,20.5937,78.9629,Evening
Vijaywada city,18-30,High Risk,No distancing,Auto-Rickshaw,Clear,Urban Road,Under Construction,Dark,20.5937,78.9629,Morning
Jodhpur,18-30,Low Risk,No distancing,Car,Clear,Highways,Normal,Dawn,20.5937,78.9629,Morning
Vijaywada city,18-30,High Risk,Changing lane to the left,Cycle,Hazy,Village Road,Wet,Dark,20.5937,78.9629,Morning
Vijaywada city,18-30,High Risk,No priority to vehicle,Auto-Rickshaw,Stormy,National Highway,Wet,Daylight,20.5937,78.9629,Evening
Vijaywada city,18-30,High Risk,Driving at high speed,Truck,Clear,Highways,Normal,Dark,20.5937,78.9629,Night
Vijaywada city,18-30,High Risk,Overtaking,Cycle,Rainy,National Highway,Wet,Daylight,20.5937,78.9629,Night
Vijaywada city,18-30,Low Risk,Other,Car,Stormy,Highways,Normal,Daylight,20.5937,78.9629,Afternoon
Amritsar,18-30,Medium Risk,Changing lane to the left,Car,Rainy,Highways,Normal,Daylight,20.5937,78.9629,Afternoon
Vijaywada city,31-50,Medium Risk,No priority to pedestrian,Two-Wheeler,Clear,Highways,Normal,Dusk,20.5937,78.9629,Morning
Vijaywada city,18-30,Medium Risk,Changing lane to the left,Two-Wheeler,Clear,State Highway,Under Construction,Daylight,20.5937,78.9629,Night
Vijaywada city,18-30,Medium Risk,No distancing,Two-Wheeler,Clear,State Highway,Dry,Dusk,20.5937,78.9629,Morning
Vijaywada city,18-30,Low Risk,Moving Backward,Pedestrian,Clear,Highways,Normal,Dusk,20.5937,78.9629,Morning
Vijaywada city,18-30,High Risk,Changing lane to the left,Cycle,Clear,Urban Road,Under Construction,Daylight,20.5937,78.9629,Morning
Vijaywada city,18-30,Low Risk,Other,Bus,Hazy,Highways,Normal,Dark,20.5937,78.9629,Morning
Vijaywada city,31-50,Medium Risk,No distancing,Truck,Clear,Village Road,Dry,Daylight,20.5937,78.9629,Night
Thrissur,31-50,Low Risk,Moving Backward,Auto-Rickshaw,Rainy,Highways,Normal,Daylight,20.5937,78.9629,Afternoon
Vijaywada city,18-30,Medium Risk,No distancing,Auto-Rickshaw,Foggy,Village Road,Damaged,Dawn,20.5937,78.9629,Afternoon
Vijaywada city,31-50,Low Risk,Changing lane to the left,Two-Wheeler,Rainy,Highways,Normal,Daylight,20.5937,78.9629,Morning
Vijaywada city,18-30,High Risk,Changing lane to the left,Cycle,Clear,National Highway,Wet,Daylight,20.5937,78.9629,Night
Vijaywada city,18-30,High Risk,No priority to pedestrian,Truck,Clear,Village Road,Wet,Daylight,20.5937,78.9629,Night
Vijaywada city,18-30,High Risk,Changing lane to the left,Cycle,Clear,Village Road,Damaged,Dusk,20.5937,78.9629,Morning
Vijaywada city,18-30,High Risk,Driving carelessly,Car,Clear,Village Road,Wet,Dawn,20.5937,78.9629,Afternoon
Vijaywada city,18-30,High Risk,Driving carelessly,Two-Wheeler,Clear,State Highway,Wet,Daylight,20.5937,78.9629,Morning
Vijaywada city,50+,High Risk,No priority to pedestrian,Two-Wheeler,Stormy,State Highway,Under Construction,Dawn,20.5937,78.9629,Afternoon
Vijaywada city,18-30,High Risk,Getting off the vehicle improperly,Truck,Clear,Village Road,Wet,Dark,20.5937,78.9629,Night
Jamshedpur,50+,Medium Risk,No distancing,Cycle,Clear,Highways,Normal,Dusk,20.5937,78.9629,Evening
Thrissur,18-30,Low Risk,Changing lane to the left,Truck,Clear,Highways,Normal,Daylight,20.5937,78.9629,Evening
Vijaywada city,18-30,High Risk,No priority to vehicle,Pedestrian,Clear,Urban Road,Normal,Dusk,20.5937,78.9629,Evening
Vijaywada city,18-30,Medium Risk,No distancing,Cycle,Clear,Highways,Normal,Dark,20.5937,78.9629,Night
Vijaywada city,18-30,Medium Risk,No priority to pedestrian,Auto-Rickshaw,Foggy,Village Road,Under Construction,Dawn,20.5937,78.9629,Night
Vijaywada city,50+,High Risk,No priority to pedestrian,Car,Clear,National Highway,Wet,Daylight,20.5937,78.9629,Morning
Vizaq,18-30,Low Risk,No priority to vehicle,Two-Wheeler,Clear,Highways,Normal,Dawn,20.5937,78.9629,Morning
Indore,18-30,Medium Risk,Driving carelessly,Car,Stormy,Highways,Normal,Daylight,20.5937,78.9629,Evening
Vizaq,18-30,High Risk,Changing lane to the right,Car,Clear,State Highway,Dry,Daylight,20.5937,78.9629,Evening
Vizaq,18-30,Medium Risk,Changing lane to the left,Bus,Hazy,Highways,Normal,Daylight,20.5937,78.9629,Night
Vizaq,18-30,High Risk,Moving Backward,Cycle,Rainy,Highways,Normal,Daylight,20.5937,78.9629,Night
Vizaq,18-30,High Risk,Driving carelessly,Car,Clear,Highways,Normal,Dawn,20.5937,78.9629,Evening
Vizaq,18-30,High Risk,Driving to the left,Cycle,Rainy,Highways,Normal,Daylight,20.5937,78.9629,Evening
Vizaq,50+,High Risk,Driving to the left,Pedestrian,Stormy,Village Road,Under Construction,Dusk,20.5937,78.9629,Afternoon
Vizaq,18-30,High Risk,No priority to pedestrian,Car,Hazy,Urban Road,Under Construction,Dark,20.5937,78.9629,Afternoon
Vizaq,31-50,High Risk,Changing lane to the left,Two-Wheeler,Stormy,Urban Road,Wet,Daylight,20.5937,78.9629,Night
Vizaq,31-50,High Risk,Changing lane to the right,Car,Foggy,National Highway,Dry,Daylight,20.5937,78.9629,Morning
Vizaq,31-50,High Risk,Driving carelessly,Pedestrian,Clear,State Highway,Dry,Daylight,20.5937,78.9629,Night
Vizaq,18-30,Low Risk,No distancing,Car,Clear,Highways,Normal,Daylight,20.5937,78.9629,Evening
Vizaq,18-30,High Risk,Getting off the vehicle improperly,Auto-Rickshaw,Clear,Urban Road,Under Construction,Dawn,20.5937,78.9629,Night
Vizaq,18-30,High Risk,Driving under the influence of drugs,Truck,Hazy,Highways,Normal,Daylight,20.5937,78.9629,Night
Vizaq,31-50,High Risk,Changing lane to the right,Bus,Hazy,Village Road,Normal,Daylight,20.5937,78.9629,Evening
Vizaq,18-30,High Risk,Driving carelessly,Car,Clear,State Highway,Under Construction,Daylight,20.5937,78.9629,Morning
Vizaq,18-30,High Risk,Moving Backward,Auto-Rickshaw,Clear,National Highway,Dry,Daylight,20.5937,78.9629,Night
Vizaq,18-30,High Risk,Turnover,Car,Rainy,National Highway,Damaged,Daylight,20.5937,78.9629,Evening
Vizaq,31-50,High Risk,Changing lane to the right,Bus,Clear,Village Road,Dry,Dusk,20.5937,78.9629,Afternoon
Vizaq,18-30,Medium Risk,Driving carelessly,Two-Wheeler,Stormy,Village Road,Wet,Dawn,20.5937,78.9629,Night
Ludhiana,18-30,Low Risk,No priority to vehicle,Bus,Hazy,Highways,Normal,Daylight,20.5937,78.9629,Afternoon
Vizaq,18-30,Medium Risk,Moving Backward,Auto-Rickshaw,Clear,Village Road,Wet,Daylight,20.5937,78.9629,Afternoon
Vizaq,18-30,Medium Risk,Changing lane to the left,Auto-Rickshaw,Clear,National Highway,Dry,Dusk,20.5937,78.9629,Afternoon
Vizaq,18-30,Medium Risk,Overturning,Auto-Rickshaw,Foggy,Highways,Normal,Dark,20.5937,78.9629,Night
Vizaq,50+,Medium Risk,No distancing,Auto-Rickshaw,Rainy,Urban Road,Dry,Dark,20.5937,78.9629,Night
Vizaq,18-30,Medium Risk,Driving carelessly,Pedestrian,Stormy,State Highway,Under Construction,Dark,20.5937,78.9629,Afternoon
Vizaq,18-30,Low Risk,No distancing,Two-Wheeler,Stormy,Highways,Normal,Daylight,20.5937,78.9629,Morning
Vizaq,18-30,High Risk,Changing lane to the left,Two-Wheeler,Clear,Urban Road,Under Construction,Dusk,20.5937,78.9629,Night
Kota,18-30,Low Risk,No priority to pedestrian,Pedestrian,Stormy,Highways,Normal,Dawn,20.5937,78.9629,Night
Vizaq,18-30,High Risk,No distancing,Two-Wheeler,Hazy,Urban Road,Damaged,Daylight,20.5937,78.9629,Night
Vizaq,18-30,High Risk,No distancing,Car,Clear,Urban Road,Normal,Dawn,20.5937,78.9629,Morning
Vizaq,31-50,High Risk,Changing lane to the left,Cycle,Foggy,National Highway,Wet,Daylight,20.5937,78.9629,Night
Coimbatore,31-50,Low Risk,No distancing,Cycle,Rainy,Highways,Normal,Daylight,20.5937,78.9629,Morning
Vizaq,18-30,High Risk,Changing lane to the left,Car,Rainy,Highways,Normal,Daylight,20.5937,78.9629,Afternoon
Vizaq,31-50,High Risk,No distancing,Two-Wheeler,Clear,National Highway,Damaged,Daylight,20.5937,78.9629,Evening
Vizaq,18-30,High Risk,No distancing,Cycle,Clear,Village Road,Normal,Dawn,20.5937,78.9629,Afternoon
Vizaq,18-30,High Risk,No distancing,Truck,Clear,Highways,Normal,Daylight,20.5937,78.9629,Morning
Varanasi,18-30,Medium Risk,Changing lane to the left,Pedestrian,Hazy,Highways,Normal,Dark,25.3176,82.9739,Morning
Vizaq,18-30,High Risk,Changing lane to the right,Car,Foggy,Village Road,Damaged,Dawn,20.5937,78.9629,Morning
Vizaq,31-50,Low Risk,Moving Backward,Auto-Rickshaw,Clear,Highways,Normal,Dusk,20.5937,78.9629,Night
Ludhiana,31-50,Medium Risk,Changing lane to the right,Car,Clear,Highways,Normal,Daylight,20.5937,78.9629,Afternoon
Agra,18-30,High Risk,No distancing,Cycle,Foggy,Highways,Normal,Dark,27.1767,78.0081,Morning
Agra,31-50,High Risk,Overtaking,Pedestrian,Foggy,State Highway,Dry,Daylight,27.1767,78.0081,Afternoon
Agra,18-30,High Risk,Other,Truck,Clear,State Highway,Dry,Dawn,27.1767,78.0081,Night
Ludhiana,18-30,Low Risk,Other,Auto-Rickshaw,Rainy,Highways,Normal,Dawn,20.5937,78.9629,Evening
Agra,18-30,High Risk,Changing lane to the right,Pedestrian,Clear,Village Road,Dry,Daylight,27.1767,78.0081,Night
Agra,31-50,High Risk,No priority to pedestrian,Two-Wheeler,Clear,Urban Road,Normal,Dusk,27.1767,78.0081,Afternoon
Agra,31-50,High Risk,No priority to vehicle,Auto-Rickshaw,Hazy,Urban Road,Damaged,Dark,27.1767,78.0081,Morning
Agra,31-50,Low Risk,Changing lane to the left,Truck,Stormy,Highways,Normal,Dawn,27.1767,78.0081,Night
Agra,18-30,High Risk,Changing lane to the left,Cycle,Clear,State Highway,Damaged,Dusk,27.1767,78.0081,Night
Agra,50+,High Risk,Overtaking,Pedestrian,Stormy,State Highway,Dry,Dark,27.1767,78.0081,Night
Agra,18-30,High Risk,No distancing,Car,Clear,National Highway,Dry,Daylight,27.1767,78.0081,Evening
Agra,18-30,High Risk,No priority to vehicle,Pedestrian,Clear,National Highway,Wet,Daylight,27.1767,78.0081,Afternoon
Allahabad(Prayagraj),18-30,Low Risk,Changing lane to the right,Auto-Rickshaw,Clear,Highways,Normal,Daylight,20.5937,78.9629,Evening
Agra,50+,High Risk,Changing lane to the left,Car,Foggy,State Highway,Under Construction,Dark,27.1767,78.0081,Morning
Agra,18-30,High Risk,No distancing,Two-Wheeler,Clear,State Highway,Damaged,Daylight,27.1767,78.0081,Morning
Patna,50+,Low Risk,Driving carelessly,Auto-Rickshaw,Rainy,Highways,Normal,Daylight,25.5941,85.1376,Afternoon
Agra,18-30,High Risk,No priority to pedestrian,Truck,Clear,Village Road,Dry,Daylight,27.1767,78.0081,Morning
Agra,18-30,High Risk,Driving carelessly,Car,Stormy,State Highway,Dry,Dawn,27.1767,78.0081,Night
Agra,31-50,High Risk,Moving Backward,Car,Foggy,Highways,Normal,Daylight,27.1767,78.0081,Morning
Agra,31-50,High Risk,No distancing,Truck,Hazy,Urban Road,Damaged,Dusk,27.1767,78.0081,Afternoon
Rajkot,31-50,Low Risk,No distancing,Cycle,Clear,Highways,Normal,Daylight,20.5937,78.9629,Morning
Agra,31-50,High Risk,No distancing,Pedestrian,Clear,National Highway,Normal,Daylight,27.1767,78.0081,Night
Agra,18-30,High Risk,Changing lane to the left,Car,Clear,Highways,Normal,Daylight,27.1767,78.0081,Morning
Agra,31-50,High Risk,Changing lane to the left,Cycle,Clear,Village Road,Wet,Daylight,27.1767,78.0081,Night
Agra,18-30,High Risk,Moving Backward,Two-Wheeler,Rainy,Urban Road,Dry,Dawn,27.1767,78.0081,Morning
Agra,18-30,High Risk,Changing lane to the right,Truck,Clear,National Highway,Dry,Dusk,27.1767,78.0081,Morning
Agra,18-30,Medium Risk,No priority to vehicle,Pedestrian,Hazy,Highways,Normal,Dusk,27.1767,78.0081,Evening
Agra,18-30,High Risk,Moving Backward,Auto-Rickshaw,Stormy,Village Road,Damaged,Daylight,27.1767,78.0081,Evening
Agra,31-50,High Risk,Driving carelessly,Pedestrian,Clear,Village Road,Dry,Daylight,27.1767,78.0081,Morning
Agra,50+,High Risk,Driving carelessly,Pedestrian,Hazy,State Highway,Dry,Dark,27.1767,78.0081,Morning
Agra,31-50,High Risk,Driving under the influence of drugs,Pedestrian,Clear,State Highway,Under Construction,Daylight,27.1767,78.0081,Afternoon
Agra,18-30,High Risk,No priority to pedestrian,Two-Wheeler,Clear,Urban Road,Dry,Daylight,27.1767,78.0081,Night
Agra,18-30,High Risk,No priority to vehicle,Pedestrian,Clear,Urban Road,Wet,Dusk,27.1767,78.0081,Night
Agra,18-30,Medium Risk,Driving carelessly,Cycle,Clear,Urban Road,Under Construction,Daylight,27.1767,78.0081,Morning
Agra,31-50,High Risk,Moving Backward,Auto-Rickshaw,Rainy,Urban Road,Wet,Dark,27.1767,78.0081,Night
Agra,31-50,High Risk,Driving carelessly,Cycle,Clear,National Highway,Dry,Daylight,27.1767,78.0081,Afternoon
Ahmedabad,31-50,High Risk,No priority to vehicle,Truck,Clear,Village Road,Normal,Daylight,23.0225,72.5714,Morning
Ahmedabad,31-50,Medium Risk,Changing lane to the right,Pedestrian,Clear,State Highway,Normal,Dawn,23.0225,72.5714,Night
Ahmedabad,31-50,High Risk,Changing lane to the left,Bus,Clear,National Highway,Wet,Daylight,23.0225,72.5714,Evening
Ahmedabad,18-30,High Risk,No priority to vehicle,Truck,Clear,Urban Road,Wet,Daylight,23.0225,72.5714,Morning
Ahmedabad,18-30,High Risk,Driving carelessly,Bus,Foggy,State Highway,Under Construction,Dawn,23.0225,72.5714,Morning
Ahmedabad,18-30,High Risk,Moving Backward,Truck,Hazy,National Highway,Damaged,Daylight,23.0225,72.5714,Night
Ahmedabad,31-50,High Risk,No distancing,Cycle,Stormy,Urban Road,Dry,Dark,23.0225,72.5714,Night
Ahmedabad,18-30,High Risk,Changing lane to the left,Two-Wheeler,Clear,Urban Road,Wet,Daylight,23.0225,72.5714,Evening
Ahmedabad,18-30,High Risk,Changing lane to the left,Two-Wheeler,Foggy,National Highway,Wet,Dawn,23.0225,72.5714,Afternoon
Ahmedabad,50+,High Risk,No distancing,Auto-Rickshaw,Foggy,State Highway,Normal,Daylight,23.0225,72.5714,Night
Ahmedabad,18-30,High Risk,Changing lane to the left,Truck,Clear,National Highway,Dry,Dusk,23.0225,72.5714,Night
Ahmedabad,31-50,High Risk,Driving carelessly,Auto-Rickshaw,Clear,Urban Road,Under Construction,Dawn,23.0225,72.5714,Night
Ahmedabad,50+,High Risk,Changing lane to the left,Car,Foggy,Village Road,Dry,Daylight,23.0225,72.5714,Afternoon
Ahmedabad,18-30,High Risk,No distancing,Auto-Rickshaw,Clear,Urban Road,Damaged,Dawn,23.0225,72.5714,Morning
Ahmedabad,18-30,High Risk,Changing lane to the right,Two-Wheeler,Clear,Highways,Normal,Daylight,23.0225,72.5714,Evening
Ahmedabad,18-30,High Risk,No distancing,Car,Clear,Urban Road,Dry,Dusk,23.0225,72.5714,Night
Ahmedabad,18-30,Low Risk,Driving to the left,Truck,Rainy,Highways,Normal,Dark,23.0225,72.5714,Night
Ahmedabad,18-30,High Risk,No distancing,Car,Clear,Village Road,Wet,Dark,23.0225,72.5714,Morning
Vijaywada city,31-50,Low Risk,Overtaking,Truck,Hazy,Highways,Normal,Daylight,20.5937,78.9629,Night
Ahmedabad,18-30,High Risk,Driving under the influence of drugs,Car,Stormy,Village Road,Dry,Daylight,23.0225,72.5714,Morning
Ahmedabad,18-30,Low Risk,No priority to pedestrian,Car,Clear,Highways,Normal,Daylight,23.0225,72.5714,Night
Ahmedabad,18-30,Medium Risk,Moving Backward,Bus,Clear,Urban Road,Normal,Dark,23.0225,72.5714,Evening
Ahmedabad,18-30,High Risk,Changing lane to the right,Cycle,Foggy,Urban Road,Normal,Daylight,23.0225,72.5714,Night
Kota,31-50,Medium Risk,Changing lane to the left,Car,Stormy,Highways,Normal,Dark,20.5937,78.9629,Evening
Ahmedabad,31-50,High Risk,Changing lane to the right,Auto-Rickshaw,Hazy,Urban Road,Under Construction,Dawn,23.0225,72.5714,Evening
Ahmedabad,18-30,Low Risk,Driving under the influence of drugs,Cycle,Clear,Highways,Normal,Dark,23.0225,72.5714,Evening
Ahmedabad,18-30,Low Risk,No priority to vehicle,Car,Clear,Highways,Normal,Daylight,23.0225,72.5714,Night
Ahmedabad,18-30,High Risk,No priority to vehicle,Two-Wheeler,Foggy,State Highway,Damaged,Dawn,23.0225,72.5714,Night
Ahmedabad,18-30,High Risk,Changing lane to the left,Cycle,Stormy,National Highway,Damaged,Dawn,23.0225,72.5714,Morning
Ahmedabad,18-30,High Risk,Changing lane to the right,Bus,Hazy,National Highway,Dry,Dark,23.0225,72.5714,Afternoon
Ahmedabad,31-50,High Risk,Changing lane to the right,Bus,Foggy,Urban Road,Under Construction,Daylight,23.0225,72.5714,Night
Madurai,50+,Low Risk,Changing lane to the left,Cycle,Clear,Highways,Normal,Daylight,20.5937,78.9629,Afternoon
Ahmedabad,18-30,High Risk,Changing lane to the left,Two-Wheeler,Clear,National Highway,Normal,Daylight,23.0225,72.5714,Evening
Indore,18-30,Low Risk,Getting off the vehicle improperly,Pedestrian,Clear,Highways,Normal,Dusk,20.5937,78.9629,Evening
Ahmedabad,31-50,High Risk,Overtaking,Auto-Rickshaw,Clear,Urban Road,Under Construction,Daylight,23.0225,72.5714,Morning
Ahmedabad,50+,Low Risk,Changing lane to the left,Cycle,Rainy,Highways,Normal,Daylight,23.0225,72.5714,Night
Kolkata,18-30,Medium Risk,Driving under the influence of drugs,Car,Foggy,Highways,Normal,Daylight,22.5726,88.3639,Evening
Allahabad(Prayagraj),18-30,High Risk,Driving carelessly,Truck,Stormy,Urban Road,Under Construction,Daylight,20.5937,78.9629,Morning
Allahabad(Prayagraj),18-30,High Risk,Moving Backward,Two-Wheeler,Clear,Urban Road,Damaged,Daylight,20.5937,78.9629,Evening
Allahabad(Prayagraj),18-30,Low Risk,No distancing,Truck,Clear,Highways,Normal,Daylight,20.5937,78.9629,Evening
Agra,18-30,Medium Risk,No priority to vehicle,Truck,Rainy,Highways,Normal,Dark,27.1767,78.0081,Night