Million_Plus_Cities,Age_band_of_driver,Accident_severity,Cause_of_accident,Vehicle Type Involved,Weather Conditions,Road Type,Road Condition,Lighting Conditions,Latitude,Longitude,Time_Block
Allahabad(Prayagraj),31-50,High Risk,Overturning,Two-Wheeler,Clear,Urban Road,Normal,Daylight,20.5937,78.9629,Night
Allahabad(Prayagraj),18-30,High Risk,Changing lane to the left,Two-Wheeler,Rainy,State Highway,Dry,Daylight,20.5937,78.9629,Afternoon
Allahabad(Prayagraj),18-30,High Risk,No distancing,Car,Stormy,State Highway,Wet,Daylight,20.5937,78.9629,Night
Kanpur,31-50,Low Risk,Moving Backward,Two-Wheeler,Clear,Highways,Normal,Dusk,26.4499,80.3319,Afternoon
Allahabad(Prayagraj),18-30,High Risk,No priority to vehicle,Car,Clear,State Highway,Dry,Dusk,20.5937,78.9629,Afternoon
Allahabad(Prayagraj),31-50,High Risk,No priority to vehicle,Truck,Clear,National Highway,Under Construction,Dusk,20.5937,78.9629,Afternoon
Allahabad(Prayagraj),18-30,High Risk,No distancing,Truck,Clear,Urban Road,Under Construction,Dusk,20.5937,78.9629,Night
Allahabad(Prayagraj),31-50,High Risk,No distancing,Two-Wheeler,Foggy,Urban Road,Wet,Dawn,20.5937,78.9629,Afternoon
Allahabad(Prayagraj),31-50,High Risk,Overtaking,Auto-Rickshaw,Clear,Village Road,Wet,Dusk,20.5937,78.9629,Afternoon
Allahabad(Prayagraj),18-30,High Risk,Driving under the influence of drugs,Pedestrian,Clear,Urban Road,Dry,Daylight,20.5937,78.9629,Morning
Allahabad(Prayagraj),18-30,High Risk,Changing lane to the right,Auto-Rickshaw,Rainy,Village Road,Dry,Daylight,20.5937,78.9629,Morning
Allahabad(Prayagraj),31-50,High Risk,Changing lane to the left,Car,Rainy,Urban Road,Dry,Dawn,20.5937,78.9629,Night
Allahabad(Prayagraj),18-30,High Risk,Driving carelessly,Two-Wheeler,Clear,State Highway,Under Construction,Dark,20.5937,78.9629,Morning
Allahabad(Prayagraj),18-30,High Risk,Moving Backward,Truck,Stormy,National Highway,Wet,Dark,20.5937,78.9629,Night
Allahabad(Prayagraj),18-30,High Risk,Moving Backward,Two-Wheeler,Hazy,National Highway,Dry,Dark,20.5937,78.9629,Night
Allahabad(Prayagraj),18-30,High Risk,Changing lane to the right,Car,Clear,National Highway,Wet,Dawn,20.5937,78.9629,Morning
Allahabad(Prayagraj),18-30,High Risk,No priority to vehicle,Pedestrian,Rainy,Village Road,Damaged,Daylight,20.5937,78.9629,Morning
Allahabad(Prayagraj),18-30,Low Risk,Driving at high speed,Auto-Rickshaw,Clear,Highways,Normal,Dark,20.5937,78.9629,Morning
Surat,18-30,Medium Risk,Driving under the influence of drugs,Two-Wheeler,Stormy,Highways,Normal,Dusk,21.1702,72.8311,Afternoon
Allahabad(Prayagraj),18-30,High Risk,Changing lane to the right,Two-Wheeler,Clear,Urban Road,Under Construction,Dark,20.5937,78.9629,Morning
Raipur,18-30,Low Risk,Driving carelessly,Bus,Rainy,Highways,Normal,Daylight,20.5937,78.9629,Afternoon
Kochi,18-30,Low Risk,No distancing,Car,Clear,Highways,Normal,Dusk,20.5937,78.9629,Afternoon
Allahabad(Prayagraj),18-30,High Risk,Changing lane to the left,Car,Hazy,National Highway,Dry,Daylight,20.5937,78.9629,Night
Allahabad(Prayagraj),18-30,High Risk,No distancing,Bus,Clear,Urban Road,Wet,Dark,20.5937,78.9629,Morning
Vizaq,18-30,Medium Risk,No distancing,Bus,Clear,Highways,Normal,Dark,20.5937,78.9629,Morning
Allahabad(Prayagraj),50+,High Risk,Getting off the vehicle improperly,Pedestrian,Clear,State Highway,Under Construction,Dark,20.5937,78.9629,Evening
Allahabad(Prayagraj),18-30,High Risk,Overtaking,Car,Clear,State Highway,Wet,Dark,20.5937,78.9629,Night
Bhopal,18-30,Low Risk,Driving carelessly,Two-Wheeler,Clear,Highways,Normal,Dawn,20.5937,78.9629,Evening
Allahabad(Prayagraj),18-30,Low Risk,Driving under the influence of drugs,Truck,Clear,Highways,Normal,Daylight,20.5937,78.9629,Evening
Allahabad(Prayagraj),18-30,Low Risk,Moving Backward,Two-Wheeler,Foggy,Highways,Normal,Dusk,20.5937,78.9629,Morning
Tiruchirapalli,18-30,Medium Risk,Overturning,Car,Stormy,Highways,Normal,Daylight,20.5937,78.9629,Evening
Nagpur,50+,Medium Risk,Driving under the influence of drugs,Two-Wheeler,Clear,Highways,Normal,Daylight,20.5937,78.9629,Morning
Amritsar,50+,High Risk,Changing lane to the right,Bus,Clear,State Highway,Dry,Daylight,20.5937,78.9629,Morning
Amritsar,18-30,High Risk,Changing lane to the left,Car,Rainy,State Highway,Damaged,Dawn,20.5937,78.9629,Night
Amritsar,18-30,High Risk,No distancing,Two-Wheeler,Clear,National Highway,Normal,Dawn,20.5937,78.9629,Afternoon
Amritsar,31-50,High Risk,No distancing,Car,Clear,Village Road,Under Construction,Dawn,20.5937,78.9629,Afternoon
Amritsar,18-30,High Risk,No priority to vehicle,Auto-Rickshaw,Foggy,Highways,Normal,Dawn,20.5937,78.9629,Night
Amritsar,31-50,High Risk,Moving Backward,Truck,Hazy,National Highway,Under Construction,Daylight,20.5937,78.9629,Night
Amritsar,18-30,High Risk,Moving Backward,Car,Clear,State Highway,Under Construction,Dark,20.5937,78.9629,Night
Amritsar,31-50,High Risk,Getting off the vehicle improperly,Two-Wheeler,Hazy,Urban Road,Damaged,Dark,20.5937,78.9629,Morning
Amritsar,50+,Medium Risk,Changing lane to the left,Cycle,Clear,State Highway,Under Construction,Dawn,20.5937,78.9629,Morning
Gwalior,18-30,Medium Risk,Changing lane to the left,Cycle,Clear,Highways,Normal,Dawn,20.5937,78.9629,Afternoon
Amritsar,31-50,High Risk,No priority to vehicle,Car,Clear,National Highway,Under Construction,Dawn,20.5937,78.9629,Morning
Amritsar,18-30,Medium Risk,Changing lane to the right,Car,Stormy,Highways,Normal,Dusk,20.5937,78.9629,Morning
Amritsar,18-30,Low Risk,Changing lane to the right,Car,Clear,Highways,Normal,Dawn,20.5937,78.9629,Afternoon
Amritsar,18-30,High Risk,Driving carelessly,Pedestrian,Hazy,Urban Road,Under Construction,Dark,20.5937,78.9629,Morning
Amritsar,18-30,High Risk,Changing lane to the left,Pedestrian,Stormy,State Highway,Damaged,Daylight,20.5937,78.9629,Morning
Madurai,18-30,Low Risk,Changing lane to the right,Pedestrian,Clear,Highways,Normal,Dark,20.5937,78.9629,Morning
Amritsar,18-30,Medium Risk,Driving under the influence of drugs,Cycle,Clear,Highways,Normal,Daylight,20.5937,78.9629,Afternoon
Amritsar,18-30,Medium Risk,Driving carelessly,Auto-Rickshaw,Clear,Village Road,Damaged,Dusk,20.5937,78.9629,Evening
Amritsar,18-30,Low Risk,No distancing,Pedestrian,Stormy,Highways,Normal,Daylight,20.5937,78.9629,Morning
Amritsar,18-30,High Risk,No priority to vehicle,Car,Hazy,State Highway,Under Construction,Dark,20.5937,78.9629,Afternoon
Amritsar,18-30,High Risk,No priority to vehicle,Truck,Stormy,Urban Road,Wet,Dusk,20.5937,78.9629,Morning
Amritsar,18-30,Low Risk,No priority to vehicle,Cycle,Clear,Highways,Normal,Dusk,20.5937,78.9629,Morning
Amritsar,31-50,High Risk,Changing lane to the left,Car,Clear,State Highway,Damaged,Dawn,20.5937,78.9629,Evening
Amritsar,18-30,Low Risk,Moving Backward,Two-Wheeler,Stormy,Highways,Normal,Daylight,20.5937,78.9629,Night
Amritsar,18-30,High Risk,Driving carelessly,Bus,Rainy,State Highway,Wet,Dark,20.5937,78.9629,Night
Amritsar,50+,High Risk,Driving under the influence of drugs,Pedestrian,Stormy,Urban Road,Dry,Daylight,20.5937,78.9629,Evening
Amritsar,31-50,High Risk,Changing lane to the right,Truck,Clear,State Highway,Damaged,Dark,20.5937,78.9629,Night
Amritsar,18-30,High Risk,No priority to vehicle,Two-Wheeler,Stormy,Village Road,Under Construction,Dawn,20.5937,78.9629,Night
Amritsar,18-30,High Risk,Changing lane to the right,Car,Stormy,National Highway,Normal,Dark,20.5937,78.9629,Night
Amritsar,18-30,High Risk,Driving to the left,Two-Wheeler,Stormy,Village Road,Dry,Dawn,20.5937,78.9629,Night
Hyderabad,50+,Medium Risk,Moving Backward,Auto-Rickshaw,Clear,Highways,Normal,Dawn,17.385,78.4867,Morning
Amritsar,18-30,High Risk,No priority to vehicle,Bus,Rainy,State Highway,Wet,Daylight,20.5937,78.9629,Afternoon
Amritsar,18-30,High Risk,No distancing,Truck,Clear,Highways,Normal,Dusk,20.5937,78.9629,Night
Amritsar,18-30,High Risk,Driving carelessly,Truck,Stormy,State Highway,Damaged,Daylight,20.5937,78.9629,Afternoon
Amritsar,18-30,High Risk,Changing lane to the left,Car,Clear,State Highway,Wet,Daylight,20.5937,78.9629,Night
Asansol Durgapur,31-50,High Risk,No priority to vehicle,Pedestrian,Clear,National Highway,Damaged,Daylight,20.5937,78.9629,Morning
Asansol Durgapur,31-50,High Risk,No priority to vehicle,Cycle,Clear,Village Road,Damaged,Dark,20.5937,78.9629,Morning
Asansol Durgapur,18-30,High Risk,No distancing,Pedestrian,Clear,Village Road,Dry,Daylight,20.5937,78.9629,Night
Asansol Durgapur,18-30,Medium Risk,Driving to the left,Pedestrian,Stormy,Highways,Normal,Daylight,20.5937,78.9629,Morning
Asansol Durgapur,18-30,Medium Risk,Driving carelessly,Auto-Rickshaw,Clear,National Highway,Normal,Daylight,20.5937,78.9629,Evening
Patna,18-30,Low Risk,Driving carelessly,Cycle,Foggy,Highways,Normal,Daylight,25.5941,85.1376,Morning
Asansol Durgapur,18-30,Low Risk,Changing lane to the right,Two-Wheeler,Clear,Highways,Normal,Daylight,20.5937,78.9629,Night
Bengaluru,31-50,Medium Risk,Driving carelessly,Auto-Rickshaw,Clear,Highways,Normal,Daylight,12.9716,77.5946,Night
Asansol Durgapur,31-50,Medium Risk,Changing lane to the left,Bus,Hazy,State Highway,Wet,Daylight,20.5937,78.9629,Afternoon
Asansol Durgapur,50+,High Risk,Driving carelessly,Pedestrian,Stormy,Urban Road,Under Construction,Dark,20.5937,78.9629,Afternoon
Asansol Durgapur,18-30,High Risk,Driving carelessly,Pedestrian,Clear,State Highway,Dry,Dusk,20.5937,78.9629,Evening
Asansol Durgapur,18-30,Medium Risk,Driving under the influence of drugs,Car,Clear,State Highway,Under Construction,Dusk,20.5937,78.9629,Night
Asansol Durgapur,18-30,Medium Risk,Driving carelessly,Car,Clear,Village Road,Damaged,Daylight,20.5937,78.9629,Afternoon
Chandigarh,18-30,Medium Risk,No distancing,Two-Wheeler,Clear,Highways,Normal,Daylight,20.5937,78.9629,Night
Asansol Durgapur,18-30,High Risk,Driving carelessly,Car,Clear,State Highway,Normal,Dusk,20.5937,78.9629,Night
Asansol Durgapur,50+,High Risk,Driving to the left,Pedestrian,Clear,Village Road,Dry,Dusk,20.5937,78.9629,Night
Patna,50+,Low Risk,Overtaking,Truck,Hazy,Highways,Normal,Dark,25.5941,85.1376,Evening
Asansol Durgapur,18-30,High Risk,No distancing,Car,Stormy,State Highway,Under Construction,Daylight,20.5937,78.9629,Night
Asansol Durgapur,31-50,Low Risk,Driving carelessly,Two-Wheeler,Foggy,Highways,Normal,Dusk,20.5937,78.9629,Night
Kannur,31-50,Low Risk,No priority to vehicle,Car,Clear,Highways,Normal,Dark,20.5937,78.9629,Afternoon
Asansol Durgapur,18-30,High Risk,No priority to vehicle,Car,Clear,Urban Road,Normal,Daylight,20.5937,78.9629,Night
Asansol Durgapur,18-30,High Risk,No priority to vehicle,Bus,Foggy,State Highway,Wet,Daylight,20.5937,78.9629,Night
Asansol Durgapur,18-30,High Risk,No priority to vehicle,Bus,Stormy,Urban Road,Wet,Dawn,20.5937,78.9629,Evening
Asansol Durgapur,31-50,High Risk,No distancing,Two-Wheeler,Clear,National Highway,Wet,Daylight,20.5937,78.9629,Morning
Asansol Durgapur,18-30,High Risk,Moving Backward,Pedestrian,Foggy,Urban Road,Damaged,Daylight,20.5937,78.9629,Afternoon
Asansol Durgapur,50+,High Risk,No distancing,Two-Wheeler,Hazy,State Highway,Under Construction,Daylight,20.5937,78.9629,Evening
Asansol Durgapur,18-30,High Risk,Changing lane to the left,Pedestrian,Clear,Village Road,Wet,Daylight,20.5937,78.9629,Afternoon
Mallapuram,18-30,Medium Risk,Changing lane to the left,Truck,Foggy,Highways,Normal,Daylight,20.5937,78.9629,Morning
Chennai,18-30,Low Risk,No priority to pedestrian,Pedestrian,Clear,Highways,Normal,Daylight,13.0827,80.2707,Evening
Asansol Durgapur,18-30,High Risk,Moving Backward,Bus,Clear,National Highway,Damaged,Daylight,20.5937,78.9629,Evening
Asansol Durgapur,18-30,High Risk,Changing lane to the left,Pedestrian,Clear,National Highway,Wet,Daylight,20.5937,78.9629,Night
Asansol Durgapur,50+,High Risk,No distancing,Pedestrian,Stormy,Village Road,Damaged,Daylight,20.5937,78.9629,Afternoon
Asansol Durgapur,18-30,High Risk,No priority to vehicle,Car,Foggy,Village Road,Normal,Daylight,20.5937,78.9629,Evening
Asansol Durgapur,18-30,High Risk,Changing lane to the right,Car,Hazy,State Highway,Damaged,Daylight,20.5937,78.9629,Morning
Asansol Durgapur,18-30,High Risk,No distancing,Car,Rainy,State Highway,Dry,Daylight,20.5937,78.9629,Morning
Asansol Durgapur,18-30,High Risk,No distancing,Auto-Rickshaw,Clear,Village Road,Normal,Daylight,20.5937,78.9629,Evening
Aurangabad,18-30,High Risk,Getting off the vehicle improperly,Two-Wheeler,Stormy,State Highway,Under Construction,Dark,20.5937,78.9629,Morning
Aurangabad,18-30,Low Risk,No priority to pedestrian,Truck,Clear,Highways,Normal,Daylight,20.5937,78.9629,Afternoon
Aurangabad,18-30,Low Risk,Changing lane to the left,Pedestrian,Stormy,Highways,Normal,Dusk,20.5937,78.9629,Night
Aurangabad,18-30,High Risk,No distancing,Car,Rainy,Village Road,Wet,Daylight,20.5937,78.9629,Night
Aurangabad,31-50,Medium Risk,Driving carelessly,Two-Wheeler,Clear,Highways,Normal,Dawn,20.5937,78.9629,Morning
Aurangabad,31-50,High Risk,No distancing,Two-Wheeler,Hazy,State Highway,Under Construction,Dusk,20.5937,78.9629,Evening
Aurangabad,18-30,High Risk,Changing lane to the right,Car,Clear,State Highway,Wet,Dawn,20.5937,78.9629,Night
Aurangabad,18-30,High Risk,Overtaking,Car,Clear,State Highway,Wet,Daylight,20.5937,78.9629,Night
Aurangabad,18-30,Low Risk,Driving carelessly,Auto-Rickshaw,Clear,Highways,Normal,Dark,20.5937,78.9629,Evening
Aurangabad,50+,High Risk,Moving Backward,Pedestrian,Clear,National Highway,Under Construction,Dark,20.5937,78.9629,Night
Lucknow,50+,Low Risk,No distancing,Bus,Rainy,Highways,Normal,Daylight,26.8467,80.9462,Morning
Tiruchirapalli,18-30,Low Risk,Overtaking,Two-Wheeler,Hazy,Highways,Normal,Daylight,20.5937,78.9629,Night
Aurangabad,31-50,High Risk,Driving carelessly,Cycle,Rainy,Urban Road,Under Construction,Dawn,20.5937,78.9629,Afternoon
Aurangabad,31-50,Medium Risk,Driving carelessly,Bus,Clear,Highways,Normal,Daylight,20.5937,78.9629,Night
Aurangabad,31-50,High Risk,Moving Backward,Two-Wheeler,Clear,National Highway,Wet,Dark,20.5937,78.9629,Morning
Aurangabad,31-50,High Risk,Driving carelessly,Pedestrian,Stormy,Highways,Normal,Daylight,20.5937,78.9629,Afternoon
Aurangabad,31-50,High Risk,Driving to the left,Car,Rainy,Village Road,Dry,Daylight,20.5937,78.9629,Morning
Aurangabad,31-50,Low Risk,Changing lane to the left,Two-Wheeler,Clear,Highways,Normal,Dusk,20.5937,78.9629,Night
Aurangabad,18-30,Low Risk,No distancing,Auto-Rickshaw,Foggy,Highways,Normal,Daylight,20.5937,78.9629,Afternoon
Aurangabad,18-30,Low Risk,No distancing,Two-Wheeler,Rainy,Highways,Normal,Dusk,20.5937,78.9629,Evening
Thrissur,18-30,Medium Risk,Changing lane to the right,Two-Wheeler,Rainy,Highways,Normal,Daylight,20.5937,78.9629,Afternoon
Aurangabad,18-30,Medium Risk,Driving under the influence of drugs,Pedestrian,Clear,Urban Road,Damaged,Daylight,20.5937,78.9629,Evening
Aurangabad,18-30,Medium Risk,Changing lane to the right,Auto-Rickshaw,Clear,Village Road,Wet,Dark,20.5937,78.9629,Morning
Aurangabad,18-30,Medium Risk,Changing lane to the left,Auto-Rickshaw,Foggy,Village Road,Damaged,Dawn,20.5937,78.9629,Morning
Aurangabad,18-30,Medium Risk,Moving Backward,Cycle,Clear,Village Road,Dry,Dawn,20.5937,78.9629,Afternoon
Aurangabad,18-30,High Risk,No distancing,Auto-Rickshaw,Hazy,Urban Road,Wet,Dawn,20.5937,78.9629,Evening
Amritsar,31-50,Low Risk,Changing lane to the right,Cycle,Rainy,Highways,Normal,Dusk,20.5937,78.9629,Afternoon
Aurangabad,18-30,High Risk,Moving Backward,Pedestrian,Clear,Village Road,Dry,Dusk,20.5937,78.9629,Afternoon
Aurangabad,18-30,High Risk,No distancing,Pedestrian,Clear,National Highway,Under Construction,Daylight,20.5937,78.9629,Night
Aurangabad,31-50,High Risk,Driving to the left,Two-Wheeler,Hazy,Urban Road,Damaged,Dark,20.5937,78.9629,Night
Aurangabad,18-30,High Risk,Driving to the left,Pedestrian,Clear,National Highway,Dry,Dusk,20.5937,78.9629,Evening
Aurangabad,18-30,Medium Risk,Moving Backward,Bus,Clear,Village Road,Under Construction,Daylight,20.5937,78.9629,Night
Ghaziabad,18-30,Low Risk,Moving Backward,Two-Wheeler,Clear,Highways,Normal,Dawn,20.5937,78.9629,Morning
Aurangabad,18-30,High Risk,Overtaking,Pedestrian,Clear,State Highway,Wet,Daylight,20.5937,78.9629,Evening
Aurangabad,18-30,High Risk,Driving carelessly,Auto-Rickshaw,Stormy,National Highway,Under Construction,Dawn,20.5937,78.9629,Night
Aurangabad,18-30,High Risk,Changing lane to the left,Pedestrian,Rainy,State Highway,Dry,Daylight,20.5937,78.9629,Night
Bengaluru,31-50,High Risk,Driving under the influence of drugs,Car,Foggy,Village Road,Dry,Dusk,12.9716,77.5946,Morning
Bengaluru,18-30,Medium Risk,No distancing,Auto-Rickshaw,Clear,Highways,Normal,Dusk,12.9716,77.5946,Evening
Bengaluru,18-30,High Risk,Moving Backward,Bus,Clear,Urban Road,Under Construction,Dawn,12.9716,77.5946,Afternoon
Bengaluru,18-30,Low Risk,Changing lane to the left,Car,Clear,Highways,Normal,Daylight,12.9716,77.5946,Evening
Bengaluru,31-50,High Risk,Changing lane to the right,Car,Clear,Village Road,Normal,Dawn,12.9716,77.5946,Evening
Bengaluru,50+,High Risk,No distancing,Pedestrian,Clear,Village Road,Dry,Dark,12.9716,77.5946,Evening
Bengaluru,18-30,High Risk,Driving at high speed,Pedestrian,Clear,National Highway,Under Construction,Daylight,12.9716,77.5946,Night
Asansol Durgapur,18-30,Low Risk,Changing lane to the right,Two-Wheeler,Foggy,Highways,Normal,Dawn,20.5937,78.9629,Night
Bengaluru,18-30,Medium Risk,No priority to vehicle,Car,Stormy,Urban Road,Wet,Daylight,12.9716,77.5946,Morning
Bengaluru,50+,Medium Risk,No distancing,Car,Foggy,State Highway,Dry,Dusk,12.9716,77.5946,Evening
Bengaluru,50+,High Risk,Turnover,Bus,Foggy,State Highway,Under Construction,Dawn,12.9716,77.5946,Night
Bengaluru,18-30,High Risk,No distancing,Cycle,Rainy,Highways,Normal,Daylight,12.9716,77.5946,Afternoon
Bengaluru,18-30,High Risk,Changing lane to the right,Two-Wheeler,Stormy,Village Road,Dry,Daylight,12.9716,77.5946,Afternoon
Bengaluru,18-30,Low Risk,No distancing,Cycle,Clear,Highways,Normal,Dark,12.9716,77.5946,Morning
Bengaluru,18-30,Low Risk,Changing lane to the left,Pedestrian,Clear,Highways,Normal,Dusk,12.9716,77.5946,Evening
Bengaluru,18-30,Medium Risk,Driving carelessly,Auto-Rickshaw,Rainy,Village Road,Dry,Dusk,12.9716,77.5946,Night
Bengaluru,18-30,High Risk,Changing lane to the right,Pedestrian,Rainy,Urban Road,Wet,Daylight,12.9716,77.5946,Night
Agra,18-30,Low Risk,No priority to vehicle,Car,Stormy,Highways,Normal,Daylight,27.1767,78.0081,Afternoon
Kollam,18-30,Low Risk,No distancing,Car,Clear,Highways,Normal,Daylight,20.5937,78.9629,Evening
Gwalior,18-30,Medium Risk,No priority to pedestrian,Cycle,Clear,Highways,Normal,Daylight,20.5937,78.9629,Morning
Bengaluru,18-30,High Risk,No priority to pedestrian,Auto-Rickshaw,Clear,State Highway,Dry,Daylight,12.9716,77.5946,Evening
Bengaluru,18-30,High Risk,No priority to vehicle,Car,Clear,Village Road,Under Construction,Dusk,12.9716,77.5946,Morning
Bengaluru,18-30,High Risk,Changing lane to the left,Car,Clear,Village Road,Wet,Daylight,12.9716,77.5946,Night
Jamshedpur,31-50,Medium Risk,Changing lane to the left,Car,Clear,Highways,Normal,Daylight,20.5937,78.9629,Morning
Madurai,18-30,Medium Risk,No distancing,Pedestrian,Clear,Highways,Normal,Daylight,20.5937,78.9629,Night
Bengaluru,18-30,Medium Risk,No priority to vehicle,Auto-Rickshaw,Clear,Urban Road,Dry,Daylight,12.9716,77.5946,Morning
Bengaluru,18-30,Medium Risk,No distancing,Bus,Stormy,Highways,Normal,Dusk,12.9716,77.5946,Night
Bengaluru,18-30,Medium Risk,No distancing,Auto-Rickshaw,Clear,Urban Road,Wet,Dark,12.9716,77.5946,Night
Bengaluru,18-30,High Risk,Changing lane to the right,Auto-Rickshaw,Clear,National Highway,Dry,Daylight,12.9716,77.5946,Night
Bengaluru,31-50,High Risk,Changing lane to the left,Pedestrian,Clear,State Highway,Normal,Daylight,12.9716,77.5946,Night
Bengaluru,31-50,Low Risk,No distancing,Car,Stormy,Highways,Normal,Daylight,12.9716,77.5946,Night
Bengaluru,18-30,Low Risk,Overturning,Car,Clear,Highways,Normal,Daylight,12.9716,77.5946,Night
Bengaluru,31-50,High Risk,No priority to vehicle,Auto-Rickshaw,Clear,State Highway,Damaged,Daylight,12.9716,77.5946,Morning
Bengaluru,18-30,High Risk,Moving Backward,Auto-Rickshaw,Foggy,Urban Road,Damaged,Dusk,12.9716,77.5946,Night
Bengaluru,31-50,High Risk,Driving under the influence of drugs,Car,Clear,Village Road,Damaged,Daylight,12.9716,77.5946,Afternoon
Bengaluru,31-50,High Risk,Moving Backward,Cycle,Foggy,National Highway,Wet,Daylight,12.9716,77.5946,Night
Bhopal,18-30,Medium Risk,Changing lane to the right,Two-Wheeler,Clear,Highways,Normal,Daylight,20.5937,78.9629,Night
Agra,18-30,Low Risk,Overspeed,Auto-Rickshaw,Stormy,Highways,Normal,Daylight,27.1767,78.0081,Morning
Bhopal,18-30,Low Risk,Driving under the influence of drugs,Car,Clear,Highways,Normal,Daylight,20.5937,78.9629,Night
Chennai,50+,Low Risk,Driving carelessly,Two-Wheeler,Stormy,Highways,Normal,Dawn,13.0827,80.2707,Night
Bhopal,50+,High Risk,No distancing,Cycle,Clear,Village Road,Damaged,Dawn,20.5937,78.9629,Night
Bhopal,31-50,High Risk,No priority to vehicle,Pedestrian,Stormy,Urban Road,Wet,Dark,20.5937,78.9629,Night
Bhopal,50+,Medium Risk,Overspeed,Cycle,Stormy,Highways,Normal,Dawn,20.5937,78.9629,Night
Bhopal,18-30,Low Risk,Driving under the influence of drugs,Car,Clear,Highways,Normal,Dawn,20.5937,78.9629,Morning
Bhopal,18-30,High Risk,Changing lane to the right,Two-Wheeler,Hazy,Village Road,Dry,Dark,20.5937,78.9629,Afternoon
Bhopal,18-30,High Risk,Changing lane to the right,Car,Clear,State Highway,Damaged,Dawn,20.5937,78.9629,Night
Bhopal,18-30,High Risk,Changing lane to the right,Two-Wheeler,Clear,State Highway,Damaged,Dusk,20.5937,78.9629,Morning
Bhopal,18-30,High Risk,Changing lane to the right,Pedestrian,Clear,Urban Road,Damaged,Daylight,20.5937,78.9629,Night
Bhopal,18-30,High Risk,Moving Backward,Car,Clear,National Highway,Dry,Dawn,20.5937,78.9629,Night
Bhopal,31-50,High Risk,No distancing,Auto-Rickshaw,Clear,National Highway,Wet,Daylight,20.5937,78.9629,Night
Bhopal,31-50,High Risk,Overspeed,Two-Wheeler,Clear,State Highway,Dry,Dusk,20.5937,78.9629,Afternoon
Bhopal,18-30,High Risk,No distancing,Truck,Clear,State Highway,Wet,Dawn,20.5937,78.9629,Afternoon
Lucknow,18-30,Low Risk,Driving carelessly,Truck,Rainy,Highways,Normal,Dark,26.8467,80.9462,Night
Bhopal,31-50,Medium Risk,No distancing,Auto-Rickshaw,Hazy,Highways,Normal,Daylight,20.5937,78.9629,Afternoon
Bhopal,31-50,High Risk,No distancing,Bus,Clear,Urban Road,Dry,Dusk,20.5937,78.9629,Night
Bhopal,18-30,High Risk,No distancing,Auto-Rickshaw,Stormy,National Highway,Under Construction,Dusk,20.5937,78.9629,Morning
Bhopal,18-30,Medium Risk,Changing lane to the right,Cycle,Clear,Highways,Normal,Dusk,20.5937,78.9629,Morning
Bhopal,18-30,High Risk,No distancing,Cycle,Rainy,Urban Road,Damaged,Dusk,20.5937,78.9629,Evening
Bhopal,18-30,High Risk,No priority to vehicle,Pedestrian,Clear,State Highway,Under Construction,Daylight,20.5937,78.9629,Night
Bhopal,18-30,High Risk,Changing lane to the left,Bus,Clear,National Highway,Wet,Dark,20.5937,78.9629,Evening
Bhopal,31-50,High Risk,Moving Backward,Car,Clear,Urban Road,Damaged,Dark,20.5937,78.9629,Morning
Bhopal,18-30,High Risk,Driving carelessly,Bus,Stormy,National Highway,Damaged,Daylight,20.5937,78.9629,Night
Bhopal,18-30,Low Risk,Changing lane to the left,Pedestrian,Rainy,Highways,Normal,Dawn,20.5937,78.9629,Morning
Bhopal,18-30,High Risk,No priority to pedestrian,Two-Wheeler,Hazy,Highways,Normal,Dawn,20.5937,78.9629,Night
Bhopal,18-30,High Risk,No distancing,Car,Rainy,State Highway,Under Construction,Daylight,20.5937,78.9629,Night
Bhopal,18-30,High Risk,No distancing,Car,Clear,State Highway,Damaged,Daylight,20.5937,78.9629,Evening
Bhopal,31-50,High Risk,Overturning,Auto-Rickshaw,Rainy,State Highway,Dry,Daylight,20.5937,78.9629,Morning
Bhopal,18-30,High Risk,No distancing,Bus,Clear,Village Road,Wet,Dusk,20.5937,78.9629,Night
Kannur,18-30,Medium Risk,Drunk driving,Cycle,Foggy,Highways,Normal,Daylight,20.5937,78.9629,Morning
Bhopal,18-30,High Risk,Moving Backward,Bus,Stormy,National Highway,Dry,Dusk,20.5937,78.9629,Night
Faridabad,31-50,Low Risk,No priority to pedestrian,Truck,Clear,Highways,Normal,Dawn,20.5937,78.9629,Night
Bhopal,31-50,High Risk,Changing lane to the left,Car,Foggy,Urban Road,Damaged,Dawn,20.5937,78.9629,Evening
Chandigarh,31-50,High Risk,Changing lane to the left,Auto-Rickshaw,Clear,State Highway,Damaged,Dark,20.5937,78.9629,Morning
Chandigarh,18-30,High Risk,Getting off the vehicle improperly,Car,Rainy,Urban Road,Damaged,Daylight,20.5937,78.9629,Night