Million_Plus_Cities,Age_band_of_driver,Accident_severity,Cause_of_accident,Vehicle Type Involved,Weather Conditions,Road Type,Road Condition,Lighting Conditions,Latitude,Longitude,Time_Block
Chandigarh,31-50,High Risk,No distancing,Auto-Rickshaw,Clear,National Highway,Damaged,Daylight,20.5937,78.9629,Morning
Chandigarh,18-30,High Risk,Changing lane to the right,Cycle,Clear,National Highway,Damaged,Daylight,20.5937,78.9629,Afternoon
Chandigarh,18-30,High Risk,Changing lane to the right,Auto-Rickshaw,Clear,Urban Road,Under Construction,Dawn,20.5937,78.9629,Evening
Chandigarh,31-50,High Risk,Moving Backward,Two-Wheeler,Hazy,Village Road,Wet,Dusk,20.5937,78.9629,Morning
Chandigarh,18-30,Medium Risk,Driving at high speed,Cycle,Clear,Highways,Normal,Dawn,20.5937,78.9629,Morning
Chandigarh,18-30,Low Risk,Changing lane to the left,Auto-Rickshaw,Clear,Highways,Normal,Dark,20.5937,78.9629,Night
Chandigarh,18-30,High Risk,Changing lane to the right,Truck,Clear,Village Road,Wet,Dark,20.5937,78.9629,Morning
Chandigarh,31-50,High Risk,No distancing,Auto-Rickshaw,Clear,Village Road,Under Construction,Dawn,20.5937,78.9629,Evening
Chandigarh,31-50,High Risk,Changing lane to the right,Cycle,Clear,Village Road,Damaged,Dawn,20.5937,78.9629,Night
Chandigarh,31-50,High Risk,Changing lane to the right,Truck,Clear,National Highway,Under Construction,Daylight,20.5937,78.9629,Afternoon
Chandigarh,18-30,High Risk,No distancing,Auto-Rickshaw,Stormy,Highways,Normal,Dusk,20.5937,78.9629,Night
Chandigarh,18-30,High Risk,Changing lane to the right,Two-Wheeler,Clear,Village Road,Wet,Dark,20.5937,78.9629,Afternoon
Chandigarh,18-30,High Risk,Driving carelessly,Auto-Rickshaw,Clear,Urban Road,Wet,Daylight,20.5937,78.9629,Morning
Chandigarh,18-30,High Risk,Driving carelessly,Truck,Clear,State Highway,Wet,Daylight,20.5937,78.9629,Evening
Chandigarh,50+,High Risk,Changing lane to the right,Car,Rainy,State Highway,Dry,Dawn,20.5937,78.9629,Morning
Chandigarh,50+,High Risk,Overturning,Auto-Rickshaw,Foggy,Village Road,Normal,Dusk,20.5937,78.9629,Night
Chandigarh,18-30,High Risk,Changing lane to the right,Pedestrian,Hazy,Village Road,Damaged,Daylight,20.5937,78.9629,Morning
Chandigarh,18-30,High Risk,Moving Backward,Auto-Rickshaw,Hazy,Urban Road,Under Construction,Dawn,20.5937,78.9629,Afternoon
Chandigarh,31-50,Medium Risk,No distancing,Bus,Hazy,Highways,Normal,Daylight,20.5937,78.9629,Evening
Chandigarh,18-30,High Risk,Overturning,Auto-Rickshaw,Stormy,National Highway,Wet,Daylight,20.5937,78.9629,Afternoon
Chandigarh,18-30,Medium Risk,Driving carelessly,Two-Wheeler,Clear,Highways,Normal,Dark,20.5937,78.9629,Evening
Chandigarh,31-50,High Risk,Changing lane to the right,Car,Stormy,Village Road,Dry,Dark,20.5937,78.9629,Afternoon
Chandigarh,18-30,High Risk,Driving at high speed,Pedestrian,Clear,National Highway,Damaged,Daylight,20.5937,78.9629,Morning
Chandigarh,18-30,High Risk,Changing lane to the left,Two-Wheeler,Foggy,State Highway,Wet,Dusk,20.5937,78.9629,Night
Chandigarh,18-30,High Risk,Driving carelessly,Car,Hazy,National Highway,Normal,Dusk,20.5937,78.9629,Night
Chandigarh,18-30,High Risk,No distancing,Bus,Hazy,National Highway,Dry,Daylight,20.5937,78.9629,Afternoon
Chandigarh,18-30,Medium Risk,Moving Backward,Pedestrian,Clear,State Highway,Under Construction,Dawn,20.5937,78.9629,Morning
Indore,18-30,Low Risk,No priority to pedestrian,Cycle,Foggy,Highways,Normal,Daylight,20.5937,78.9629,Night
Thiruvanthapuram,18-30,Medium Risk,Moving Backward,Cycle,Clear,Highways,Normal,Dusk,20.5937,78.9629,Afternoon
Chandigarh,18-30,High Risk,Changing lane to the right,Two-Wheeler,Rainy,Urban Road,Wet,Daylight,20.5937,78.9629,Afternoon
Chandigarh,18-30,Low Risk,No distancing,Truck,Stormy,Highways,Normal,Dusk,20.5937,78.9629,Morning
Chandigarh,18-30,Low Risk,Drunk driving,Cycle,Clear,Highways,Normal,Dusk,20.5937,78.9629,Evening
Chandigarh,18-30,High Risk,Changing lane to the right,Car,Foggy,State Highway,Under Construction,Dark,20.5937,78.9629,Afternoon
Chandigarh,50+,High Risk,Driving carelessly,Auto-Rickshaw,Rainy,Urban Road,Under Construction,Daylight,20.5937,78.9629,Night
Chennai,18-30,High Risk,Driving to the left,Car,Foggy,National Highway,Under Construction,Dawn,13.0827,80.2707,Night
Chennai,18-30,Low Risk,Changing lane to the right,Two-Wheeler,Foggy,Highways,Normal,Dusk,13.0827,80.2707,Morning
Chennai,18-30,Low Risk,Changing lane to the right,Truck,Clear,Highways,Normal,Dawn,13.0827,80.2707,Morning
Tiruchirapalli,18-30,Medium Risk,Driving carelessly,Auto-Rickshaw,Rainy,Highways,Normal,Dark,20.5937,78.9629,Night
Chennai,18-30,High Risk,Changing lane to the left,Truck,Clear,Urban Road,Wet,Daylight,13.0827,80.2707,Morning
Chennai,31-50,High Risk,No priority to vehicle,Auto-Rickshaw,Clear,Village Road,Dry,Dark,13.0827,80.2707,Night
Chennai,31-50,High Risk,Driving carelessly,Pedestrian,Stormy,Village Road,Wet,Dark,13.0827,80.2707,Night
Chennai,31-50,High Risk,Changing lane to the right,Cycle,Clear,Highways,Normal,Dawn,13.0827,80.2707,Afternoon
Kannur,31-50,Low Risk,Driving carelessly,Cycle,Clear,Highways,Normal,Dark,20.5937,78.9629,Morning
Chennai,18-30,High Risk,Driving under the influence of drugs,Cycle,Clear,Village Road,Under Construction,Daylight,13.0827,80.2707,Night
Chennai,31-50,High Risk,No distancing,Auto-Rickshaw,Stormy,National Highway,Damaged,Daylight,13.0827,80.2707,Morning
Chennai,18-30,Low Risk,Changing lane to the left,Two-Wheeler,Clear,Highways,Normal,Daylight,13.0827,80.2707,Night
Chennai,18-30,High Risk,No priority to vehicle,Bus,Hazy,Highways,Normal,Daylight,13.0827,80.2707,Afternoon
Chennai,18-30,High Risk,Moving Backward,Bus,Clear,Urban Road,Under Construction,Daylight,13.0827,80.2707,Night
Chennai,31-50,High Risk,Moving Backward,Car,Rainy,State Highway,Wet,Daylight,13.0827,80.2707,Afternoon
Chennai,31-50,Medium Risk,No distancing,Cycle,Clear,Village Road,Dry,Daylight,13.0827,80.2707,Night
Chennai,31-50,Medium Risk,Changing lane to the right,Auto-Rickshaw,Stormy,Highways,Normal,Daylight,13.0827,80.2707,Afternoon
Chennai,31-50,High Risk,Changing lane to the right,Cycle,Rainy,Village Road,Wet,Daylight,13.0827,80.2707,Afternoon
Chennai,18-30,High Risk,Moving Backward,Cycle,Clear,Urban Road,Damaged,Daylight,13.0827,80.2707,Evening
Kolkata,31-50,Medium Risk,Driving carelessly,Car,Rainy,Highways,Normal,Daylight,22.5726,88.3639,Evening
Chennai,31-50,High Risk,Driving under the influence of drugs,Car,Clear,Urban Road,Damaged,Dawn,13.0827,80.2707,Evening
Chennai,18-30,High Risk,No distancing,Two-Wheeler,Hazy,State Highway,Dry,Dark,13.0827,80.2707,Evening
Chennai,18-30,High Risk,No distancing,Two-Wheeler,Rainy,National Highway,Dry,Daylight,13.0827,80.2707,Night
Amritsar,18-30,Low Risk,No priority to vehicle,Cycle,Hazy,Highways,Normal,Daylight,20.5937,78.9629,Morning
Chennai,18-30,High Risk,Driving to the left,Car,Clear,Urban Road,Wet,Dusk,13.0827,80.2707,Night
Chennai,50+,High Risk,No priority to vehicle,Car,Clear,Urban Road,Under Construction,Daylight,13.0827,80.2707,Evening
Chennai,18-30,High Risk,No priority to vehicle,Auto-Rickshaw,Rainy,State Highway,Under Construction,Daylight,13.0827,80.2707,Evening
Chennai,18-30,Medium Risk,No priority to vehicle,Truck,Rainy,Highways,Normal,Daylight,13.0827,80.2707,Afternoon
Chennai,31-50,Medium Risk,No distancing,Two-Wheeler,Clear,National Highway,Wet,Daylight,13.0827,80.2707,Morning
Chennai,18-30,Low Risk,Moving Backward,Truck,Foggy,Highways,Normal,Daylight,13.0827,80.2707,Morning
Chennai,18-30,Low Risk,Changing lane to the right,Car,Clear,Highways,Normal,Dark,13.0827,80.2707,Morning
Chennai,50+,High Risk,Driving carelessly,Bus,Clear,National Highway,Wet,Dark,13.0827,80.2707,Night
Chennai,18-30,High Risk,Changing lane to the left,Truck,Hazy,State Highway,Dry,Daylight,13.0827,80.2707,Morning
Chennai,18-30,Low Risk,No distancing,Car,Clear,Highways,Normal,Dusk,13.0827,80.2707,Morning
Chennai,18-30,High Risk,Changing lane to the right,Two-Wheeler,Clear,State Highway,Normal,Dark,13.0827,80.2707,Morning
Chennai,31-50,High Risk,Driving under the influence of drugs,Car,Clear,State Highway,Wet,Daylight,13.0827,80.2707,Night
Coimbatore,31-50,High Risk,No distancing,Car,Clear,Village Road,Wet,Daylight,20.5937,78.9629,Night
Coimbatore,18-30,Medium Risk,Overturning,Bus,Clear,State Highway,Dry,Daylight,20.5937,78.9629,Night
Bhopal,50+,Low Risk,No distancing,Cycle,Foggy,Highways,Normal,Dawn,20.5937,78.9629,Evening
Coimbatore,18-30,High Risk,Changing lane to the right,Car,Clear,State Highway,Wet,Daylight,20.5937,78.9629,Night
Coimbatore,50+,High Risk,No priority to vehicle,Pedestrian,Foggy,National Highway,Dry,Daylight,20.5937,78.9629,Evening
Coimbatore,18-30,Low Risk,Changing lane to the right,Bus,Clear,Highways,Normal,Dawn,20.5937,78.9629,Afternoon
Coimbatore,31-50,High Risk,Changing lane to the left,Cycle,Foggy,Urban Road,Dry,Dawn,20.5937,78.9629,Afternoon
Coimbatore,18-30,Low Risk,No distancing,Cycle,Rainy,Highways,Normal,Daylight,20.5937,78.9629,Morning
Coimbatore,18-30,High Risk,No priority to pedestrian,Car,Foggy,National Highway,Dry,Dusk,20.5937,78.9629,Morning
Coimbatore,31-50,High Risk,Driving carelessly,Auto-Rickshaw,Clear,Urban Road,Under Construction,Dusk,20.5937,78.9629,Night
Coimbatore,18-30,High Risk,No distancing,Truck,Clear,Village Road,Wet,Daylight,20.5937,78.9629,Night
Coimbatore,18-30,High Risk,Driving carelessly,Auto-Rickshaw,Hazy,National Highway,Damaged,Daylight,20.5937,78.9629,Evening
Coimbatore,18-30,High Risk,Driving carelessly,Car,Clear,National Highway,Dry,Daylight,20.5937,78.9629,Morning
Coimbatore,18-30,High Risk,Moving Backward,Auto-Rickshaw,Clear,Urban Road,Wet,Dawn,20.5937,78.9629,Morning
Coimbatore,18-30,High Risk,Overtaking,Bus,Clear,Urban Road,Wet,Daylight,20.5937,78.9629,Afternoon
Coimbatore,18-30,High Risk,No priority to vehicle,Auto-Rickshaw,Stormy,National Highway,Wet,Daylight,20.5937,78.9629,Evening
Coimbatore,50+,High Risk,No priority to vehicle,Bus,Clear,Urban Road,Normal,Dusk,20.5937,78.9629,Night
Coimbatore,18-30,Low Risk,Changing lane to the left,Bus,Rainy,Highways,Normal,Daylight,20.5937,78.9629,Morning
Coimbatore,50+,High Risk,No priority to vehicle,Two-Wheeler,Clear,Village Road,Dry,Daylight,20.5937,78.9629,Night
Coimbatore,31-50,High Risk,No distancing,Auto-Rickshaw,Rainy,Village Road,Wet,Dark,20.5937,78.9629,Night
Patna,18-30,Medium Risk,Moving Backward,Car,Stormy,Highways,Normal,Dark,25.5941,85.1376,Night
Coimbatore,31-50,High Risk,Changing lane to the right,Cycle,Rainy,State Highway,Wet,Daylight,20.5937,78.9629,Night
Coimbatore,18-30,High Risk,No distancing,Bus,Hazy,National Highway,Damaged,Dark,20.5937,78.9629,Morning
Coimbatore,50+,High Risk,Overtaking,Two-Wheeler,Clear,Village Road,Damaged,Dusk,20.5937,78.9629,Night
Ludhiana,18-30,Low Risk,No distancing,Cycle,Stormy,Highways,Normal,Daylight,20.5937,78.9629,Evening
Coimbatore,18-30,Medium Risk,Changing lane to the left,Truck,Stormy,Highways,Normal,Dark,20.5937,78.9629,Morning
Coimbatore,18-30,Low Risk,Driving under the influence of drugs,Two-Wheeler,Clear,Highways,Normal,Dark,20.5937,78.9629,Night
Dhanbad,18-30,Low Risk,No distancing,Bus,Clear,Highways,Normal,Dusk,20.5937,78.9629,Night
Rajkot,18-30,Low Risk,No distancing,Car,Clear,Highways,Normal,Daylight,20.5937,78.9629,Morning
Coimbatore,31-50,Medium Risk,Changing lane to the right,Pedestrian,Clear,Urban Road,Under Construction,Dark,20.5937,78.9629,Night
Bhopal,31-50,Medium Risk,Changing lane to the left,Pedestrian,Stormy,Highways,Normal,Dawn,20.5937,78.9629,Afternoon
Coimbatore,18-30,High Risk,Moving Backward,Truck,Clear,National Highway,Under Construction,Daylight,20.5937,78.9629,Morning
Coimbatore,31-50,High Risk,No distancing,Auto-Rickshaw,Stormy,Urban Road,Under Construction,Daylight,20.5937,78.9629,Evening
Coimbatore,50+,High Risk,No distancing,Pedestrian,Clear,National Highway,Dry,Dawn,20.5937,78.9629,Night
Coimbatore,50+,High Risk,Driving carelessly,Truck,Clear,State Highway,Under Construction,Daylight,20.5937,78.9629,Afternoon
Coimbatore,31-50,High Risk,Moving Backward,Auto-Rickshaw,Clear,Urban Road,Wet,Daylight,20.5937,78.9629,Night
Delhi,31-50,High Risk,No distancing,Cycle,Foggy,Urban Road,Normal,Dawn,28.6139,77.209,Morning
Jamshedpur,18-30,Low Risk,Changing lane to the right,Truck,Rainy,Highways,Normal,Dark,20.5937,78.9629,Morning
Delhi,18-30,Medium Risk,Driving carelessly,Pedestrian,Stormy,Village Road,Dry,Daylight,28.6139,77.209,Afternoon
Delhi,31-50,Medium Risk,Driving to the left,Car,Clear,Highways,Normal,Daylight,28.6139,77.209,Night
Delhi,18-30,High Risk,Changing lane to the right,Pedestrian,Foggy,Village Road,Dry,Dawn,28.6139,77.209,Afternoon
Delhi,18-30,High Risk,Driving carelessly,Two-Wheeler,Hazy,Urban Road,Under Construction,Dusk,28.6139,77.209,Evening
Aurangabad,18-30,Medium Risk,Changing lane to the right,Auto-Rickshaw,Rainy,Highways,Normal,Daylight,20.5937,78.9629,Evening
Delhi,18-30,Low Risk,No priority to vehicle,Car,Rainy,Highways,Normal,Daylight,28.6139,77.209,Night
Delhi,18-30,High Risk,Changing lane to the right,Pedestrian,Clear,State Highway,Under Construction,Dusk,28.6139,77.209,Evening
Delhi,18-30,High Risk,Turnover,Cycle,Clear,National Highway,Dry,Dawn,28.6139,77.209,Evening
Delhi,18-30,Low Risk,No priority to vehicle,Two-Wheeler,Clear,Highways,Normal,Daylight,28.6139,77.209,Night
Delhi,18-30,High Risk,Driving at high speed,Car,Clear,Urban Road,Dry,Daylight,28.6139,77.209,Night
Delhi,18-30,High Risk,No distancing,Pedestrian,Foggy,Village Road,Wet,Daylight,28.6139,77.209,Afternoon
Delhi,50+,High Risk,No distancing,Cycle,Rainy,Highways,Normal,Dark,28.6139,77.209,Afternoon
Delhi,18-30,High Risk,Driving carelessly,Truck,Rainy,Village Road,Wet,Dark,28.6139,77.209,Evening
Faridabad,18-30,Low Risk,Driving carelessly,Car,Clear,Highways,Normal,Dusk,20.5937,78.9629,Morning
Delhi,18-30,High Risk,Moving Backward,Two-Wheeler,Clear,Village Road,Dry,Dark,28.6139,77.209,Morning
Delhi,50+,High Risk,No distancing,Pedestrian,Clear,Highways,Normal,Dawn,28.6139,77.209,Morning
Vijaywada city,18-30,Low Risk,Changing lane to the right,Pedestrian,Clear,Highways,Normal,Daylight,20.5937,78.9629,Morning
Delhi,18-30,High Risk,Overtaking,Car,Stormy,National Highway,Wet,Dawn,28.6139,77.209,Morning
Delhi,31-50,Medium Risk,No distancing,Two-Wheeler,Hazy,Highways,Normal,Daylight,28.6139,77.209,Afternoon
Delhi,18-30,High Risk,Overtaking,Cycle,Foggy,National Highway,Wet,Dark,28.6139,77.209,Afternoon
Delhi,18-30,High Risk,Moving Backward,Pedestrian,Rainy,National Highway,Normal,Daylight,28.6139,77.209,Night
Delhi,31-50,High Risk,No distancing,Car,Clear,State Highway,Damaged,Dusk,28.6139,77.209,Night
Vadodra,31-50,Low Risk,No distancing,Car,Clear,Highways,Normal,Dusk,20.5937,78.9629,Evening
Delhi,31-50,Medium Risk,No priority to vehicle,Cycle,Clear,Highways,Normal,Dusk,28.6139,77.209,Night
Amritsar,31-50,Low Risk,No priority to vehicle,Pedestrian,Hazy,Highways,Normal,Dawn,20.5937,78.9629,Morning
Delhi,18-30,Low Risk,Changing lane to the left,Two-Wheeler,Rainy,Highways,Normal,Daylight,28.6139,77.209,Evening
Delhi,18-30,High Risk,No distancing,Truck,Foggy,State Highway,Under Construction,Dawn,28.6139,77.209,Afternoon
Raipur,31-50,Low Risk,Driving under the influence of drugs,Auto-Rickshaw,Hazy,Highways,Normal,Dawn,20.5937,78.9629,Night
Delhi,18-30,High Risk,Changing lane to the left,Two-Wheeler,Clear,Urban Road,Normal,Daylight,28.6139,77.209,Night
Delhi,31-50,Low Risk,Changing lane to the right,Pedestrian,Clear,Highways,Normal,Dawn,28.6139,77.209,Morning
Delhi,31-50,High Risk,Driving to the left,Pedestrian,Foggy,National Highway,Dry,Dawn,28.6139,77.209,Night
Ghaziabad,18-30,Low Risk,Driving at high speed,Bus,Clear,Highways,Normal,Dawn,20.5937,78.9629,Night
Raipur,18-30,Medium Risk,Overtaking,Pedestrian,Clear,Highways,Normal,Dark,20.5937,78.9629,Night
Delhi,18-30,Low Risk,Changing lane to the right,Auto-Rickshaw,Clear,Highways,Normal,Dark,28.6139,77.209,Evening
Dhanbad,31-50,High Risk,Changing lane to the right,Pedestrian,Rainy,Village Road,Under Construction,Dusk,20.5937,78.9629,Night
Dhanbad,31-50,High Risk,Moving Backward,Auto-Rickshaw,Clear,Village Road,Wet,Dawn,20.5937,78.9629,Evening
Dhanbad,18-30,High Risk,Moving Backward,Car,Rainy,Village Road,Normal,Daylight,20.5937,78.9629,Night
Dhanbad,50+,High Risk,Changing lane to the left,Two-Wheeler,Foggy,Village Road,Under Construction,Dark,20.5937,78.9629,Morning
Dhanbad,31-50,High Risk,Moving Backward,Truck,Rainy,State Highway,Wet,Daylight,20.5937,78.9629,Morning
Dhanbad,18-30,High Risk,No distancing,Pedestrian,Foggy,Village Road,Under Construction,Daylight,20.5937,78.9629,Night
Dhanbad,18-30,High Risk,Moving Backward,Auto-Rickshaw,Rainy,National Highway,Under Construction,Daylight,20.5937,78.9629,Night
Dhanbad,31-50,High Risk,Changing lane to the right,Bus,Stormy,Village Road,Damaged,Daylight,20.5937,78.9629,Afternoon
Dhanbad,31-50,High Risk,Changing lane to the left,Truck,Foggy,National Highway,Under Construction,Dusk,20.5937,78.9629,Morning
Dhanbad,50+,High Risk,No priority to vehicle,Car,Stormy,National Highway,Dry,Daylight,20.5937,78.9629,Night
Dhanbad,50+,Medium Risk,No distancing,Cycle,Clear,State Highway,Damaged,Dusk,20.5937,78.9629,Night
Dhanbad,18-30,Medium Risk,No priority to vehicle,Car,Clear,State Highway,Damaged,Dark,20.5937,78.9629,Night
Dhanbad,18-30,High Risk,Driving under the influence of drugs,Cycle,Clear,State Highway,Dry,Daylight,20.5937,78.9629,Morning
Dhanbad,18-30,High Risk,Changing lane to the right,Pedestrian,Stormy,Urban Road,Wet,Daylight,20.5937,78.9629,Night
Meerut,18-30,Low Risk,No distancing,Car,Clear,Highways,Normal,Daylight,20.5937,78.9629,Night
Dhanbad,18-30,High Risk,No distancing,Two-Wheeler,Foggy,Highways,Normal,Dark,20.5937,78.9629,Night
Dhanbad,18-30,Low Risk,Changing lane to the left,Bus,Clear,Highways,Normal,Daylight,20.5937,78.9629,Afternoon
Dhanbad,18-30,High Risk,Changing lane to the right,Cycle,Stormy,National Highway,Dry,Dawn,20.5937,78.9629,Morning
Dhanbad,50+,Medium Risk,Changing lane to the right,Pedestrian,Clear,Highways,Normal,Dawn,20.5937,78.9629,Evening
Dhanbad,31-50,Low Risk,Driving under the influence of drugs,Truck,Clear,Highways,Normal,Dark,20.5937,78.9629,Morning
Madurai,18-30,Medium Risk,Moving Backward,Pedestrian,Clear,Highways,Normal,Dark,20.5937,78.9629,Night
Dhanbad,18-30,High Risk,Changing lane to the left,Auto-Rickshaw,Clear,National Highway,Damaged,Dawn,20.5937,78.9629,Morning
Chennai,18-30,Low Risk,No priority to pedestrian,Truck,Hazy,Highways,Normal,Daylight,13.0827,80.2707,Night
Dhanbad,18-30,Low Risk,No distancing,Two-Wheeler,Clear,Highways,Normal,Dark,20.5937,78.9629,Afternoon
Dhanbad,18-30,Low Risk,No distancing,Pedestrian,Clear,Highways,Normal,Daylight,20.5937,78.9629,Afternoon
Dhanbad,18-30,Low Risk,Changing lane to the left,Car,Clear,Highways,Normal,Daylight,20.5937,78.9629,Evening
Dhanbad,31-50,High Risk,Changing lane to the right,Truck,Clear,National Highway,Normal,Dawn,20.5937,78.9629,Night
Dhanbad,18-30,Low Risk,Driving carelessly,Truck,Stormy,Highways,Normal,Daylight,20.5937,78.9629,Evening
Dhanbad,18-30,High Risk,No distancing,Bus,Clear,Village Road,Dry,Dawn,20.5937,78.9629,Night
Dhanbad,18-30,High Risk,Changing lane to the left,Two-Wheeler,Clear,Urban Road,Damaged,Dawn,20.5937,78.9629,Morning
Indore,31-50,Low Risk,Moving Backward,Car,Foggy,Highways,Normal,Dark,20.5937,78.9629,Evening
Dhanbad,50+,High Risk,No distancing,Auto-Rickshaw,Stormy,Urban Road,Dry,Daylight,20.5937,78.9629,Night
Dhanbad,18-30,Medium Risk,No priority to pedestrian,Two-Wheeler,Clear,Highways,Normal,Dark,20.5937,78.9629,Evening
Jaipur,50+,Low Risk,Changing lane to the left,Auto-Rickshaw,Rainy,Highways,Normal,Dusk,26.9124,75.7873,Afternoon
Dhanbad,50+,High Risk,No distancing,Truck,Clear,Village Road,Wet,Dawn,20.5937,78.9629,Morning
Indore,18-30,Medium Risk,Driving carelessly,Truck,Clear,Highways,Normal,Dark,20.5937,78.9629,Night
Faridabad,31-50,High Risk,No priority to vehicle,Car,Stormy,State Highway,Under Construction,Daylight,20.5937,78.9629,Morning
Faridabad,18-30,High Risk,Changing lane to the right,Pedestrian,Clear,Urban Road,Dry,Daylight,20.5937,78.9629,Night
Faridabad,31-50,High Risk,Moving Backward,Two-Wheeler,Rainy,State Highway,Under Construction,Dusk,20.5937,78.9629,Morning
Faridabad,18-30,High Risk,No priority to vehicle,Cycle,Clear,National Highway,Damaged,Daylight,20.5937,78.9629,Night
Faridabad,18-30,High Risk,No priority to pedestrian,Cycle,Stormy,National Highway,Under Construction,Dawn,20.5937,78.9629,Morning
Srinagar,18-30,Medium Risk,Changing lane to the left,Two-Wheeler,Clear,Highways,Normal,Dusk,20.5937,78.9629,Evening
Faridabad,50+,High Risk,Changing lane to the left,Bus,Stormy,National Highway,Dry,Dark,20.5937,78.9629,Afternoon
Jaipur,18-30,Low Risk,Driving under the influence of drugs,Pedestrian,Stormy,Highways,Normal,Daylight,26.9124,75.7873,Evening
Faridabad,18-30,High Risk,Moving Backward,Car,Stormy,Village Road,Dry,Dusk,20.5937,78.9629,Afternoon
Faridabad,18-30,Medium Risk,Changing lane to the right,Pedestrian,Clear,Urban Road,Normal,Dawn,20.5937,78.9629,Afternoon
Faridabad,18-30,Medium Risk,Changing lane to the right,Cycle,Clear,Highways,Normal,Daylight,20.5937,78.9629,Afternoon
Faridabad,18-30,High Risk,No distancing,Car,Hazy,State Highway,Dry,Daylight,20.5937,78.9629,Afternoon
Faridabad,50+,High Risk,Moving Backward,Bus,Stormy,State Highway,Wet,Daylight,20.5937,78.9629,Night
Faridabad,18-30,Medium Risk,No distancing,Pedestrian,Clear,Village Road,Wet,Daylight,20.5937,78.9629,Evening
Faridabad,31-50,Medium Risk,Driving carelessly,Truck,Stormy,State Highway,Dry,Dawn,20.5937,78.9629,Morning
Jamshedpur,18-30,Medium Risk,No priority to pedestrian,Two-Wheeler,Hazy,Highways,Normal,Dusk,20.5937,78.9629,Evening
Faridabad,18-30,Low Risk,No priority to vehicle,Truck,Clear,Highways,Normal,Dark,20.5937,78.9629,Evening
Faridabad,50+,High Risk,Moving Backward,Cycle,Foggy,National Highway,Damaged,Daylight,20.5937,78.9629,Night
Faridabad,31-50,High Risk,Changing lane to the right,Two-Wheeler,Clear,Urban Road,Wet,Dawn,20.5937,78.9629,Morning
Faridabad,31-50,High Risk,No distancing,Auto-Rickshaw,Clear,Village Road,Under Construction,Dusk,20.5937,78.9629,Morning
Faridabad,18-30,High Risk,Driving carelessly,Auto-Rickshaw,Foggy,Urban Road,Under Construction,Daylight,20.5937,78.9629,Morning
Faridabad,31-50,High Risk,Changing lane to the left,Two-Wheeler,Foggy,Urban Road,Dry,Dusk,20.5937,78.9629,Morning
Faridabad,18-30,High Risk,Moving Backward,Car,Hazy,National Highway,Under Construction,Daylight,20.5937,78.9629,Afternoon
Faridabad,18-30,Medium Risk,No distancing,Car,Hazy,Village Road,Damaged,Dusk,20.5937,78.9629,Morning
Faridabad,31-50,High Risk,Changing lane to the right,Two-Wheeler,Hazy,State Highway,Dry,Dark,20.5937,78.9629,Night
Faridabad,31-50,High Risk,No priority to vehicle,Bus,Clear,State Highway,Damaged,Dark,20.5937,78.9629,Night
Faridabad,18-30,Low Risk,Getting off the vehicle improperly,Auto-Rickshaw,Hazy,Highways,Normal,Dusk,20.5937,78.9629,Afternoon
Faridabad,50+,High Risk,No distancing,Car,Clear,State Highway,Dry,Daylight,20.5937,78.9629,Afternoon
Faridabad,18-30,High Risk,No distancing,Auto-Rickshaw,Rainy,National Highway,Under Construction,Daylight,20.5937,78.9629,Morning
Faridabad,18-30,High Risk,Changing lane to the left,Car,Hazy,Highways,Normal,Dawn,20.5937,78.9629,Morning
Faridabad,18-30,High Risk,No priority to vehicle,Auto-Rickshaw,Stormy,Highways,Normal,Daylight,20.5937,78.9629,Night
Faridabad,18-30,High Risk,Driving carelessly,Pedestrian,Foggy,Urban Road,Dry,Daylight,20.5937,78.9629,Morning
Faridabad,18-30,Medium Risk,Changing lane to the right,Pedestrian,Rainy,Village Road,Dry,Dusk,20.5937,78.9629,Afternoon
Faridabad,18-30,Medium Risk,No distancing,Car,Clear,National Highway,Wet,Daylight,20.5937,78.9629,Night
Faridabad,18-30,Medium Risk,Changing lane to the right,Cycle,Clear,National Highway,Dry,Daylight,20.5937,78.9629,Night
Faridabad,50+,High Risk,No distancing,Two-Wheeler,Clear,Village Road,Wet,Dawn,20.5937,78.9629,Afternoon
Ghaziabad,31-50,High Risk,Driving under the influence of drugs,Cycle,Clear,National Highway,Damaged,Daylight,20.5937,78.9629,Afternoon
Ghaziabad,31-50,High Risk,Changing lane to the left,Bus,Clear,State Highway,Wet,Dark,20.5937,78.9629,Night
Ghaziabad,18-30,High Risk,Getting off the vehicle improperly,Cycle,Hazy,State Highway,Wet,Dark,20.5937,78.9629,Night
Ghaziabad,50+,High Risk,Overloading,Car,Clear,State Highway,Damaged,Dawn,20.5937,78.9629,Night
Ghaziabad,18-30,Low Risk,Driving carelessly,Pedestrian,Foggy,Highways,Normal,Daylight,20.5937,78.9629,Evening