Million_Plus_Cities,Age_band_of_driver,Accident_severity,Cause_of_accident,Vehicle Type Involved,Weather Conditions,Road Type,Road Condition,Lighting Conditions,Latitude,Longitude,Time_Block
Ghaziabad,50+,High Risk,Overtaking,Car,Clear,National Highway,Wet,Dawn,20.5937,78.9629,Morning
Ghaziabad,18-30,High Risk,No distancing,Car,Stormy,National Highway,Wet,Dawn,20.5937,78.9629,Night
Ghaziabad,31-50,High Risk,Overturning,Pedestrian,Clear,National Highway,Damaged,Daylight,20.5937,78.9629,Evening
Ghaziabad,18-30,Medium Risk,Driving carelessly,Truck,Clear,Urban Road,Wet,Dusk,20.5937,78.9629,Evening
Ghaziabad,18-30,Medium Risk,No priority to pedestrian,Cycle,Clear,Village Road,Wet,Daylight,20.5937,78.9629,Night
Ghaziabad,18-30,High Risk,No distancing,Two-Wheeler,Rainy,Village Road,Wet,Dark,20.5937,78.9629,Night
Ghaziabad,18-30,Low Risk,No priority to vehicle,Cycle,Clear,Highways,Normal,Dawn,20.5937,78.9629,Morning
Ghaziabad,31-50,High Risk,Getting off the vehicle improperly,Two-Wheeler,Hazy,State Highway,Wet,Dark,20.5937,78.9629,Morning
Ghaziabad,18-30,High Risk,No priority to pedestrian,Car,Clear,Urban Road,Damaged,Daylight,20.5937,78.9629,Afternoon
Jabalpur,18-30,Low Risk,Changing lane to the right,Two-Wheeler,Rainy,Highways,Normal,Daylight,20.5937,78.9629,Night
Ghaziabad,31-50,Low Risk,Moving Backward,Cycle,Hazy,Highways,Normal,Dusk,20.5937,78.9629,Night
Vijaywada city,31-50,Low Risk,Changing lane to the left,Cycle,Clear,Highways,Normal,Dark,20.5937,78.9629,Morning
Ghaziabad,31-50,High Risk,No distancing,Two-Wheeler,Clear,Village Road,Damaged,Daylight,20.5937,78.9629,Afternoon
Ghaziabad,18-30,Medium Risk,Driving carelessly,Pedestrian,Clear,State Highway,Damaged,Dawn,20.5937,78.9629,Evening
Ghaziabad,18-30,Medium Risk,Driving under the influence of drugs,Truck,Stormy,Urban Road,Dry,Daylight,20.5937,78.9629,Evening
Ghaziabad,18-30,High Risk,Driving carelessly,Truck,Clear,National Highway,Dry,Dusk,20.5937,78.9629,Night
Ghaziabad,50+,High Risk,Driving carelessly,Two-Wheeler,Clear,National Highway,Damaged,Daylight,20.5937,78.9629,Morning
Ghaziabad,50+,High Risk,Changing lane to the right,Bus,Clear,Village Road,Under Construction,Dark,20.5937,78.9629,Night
Ghaziabad,18-30,High Risk,No distancing,Cycle,Clear,National Highway,Dry,Dawn,20.5937,78.9629,Morning
Kollam,31-50,Low Risk,Driving carelessly,Bus,Clear,Highways,Normal,Daylight,20.5937,78.9629,Morning
Ghaziabad,18-30,High Risk,No priority to pedestrian,Bus,Rainy,National Highway,Wet,Dawn,20.5937,78.9629,Afternoon
Ghaziabad,50+,High Risk,No distancing,Pedestrian,Clear,Village Road,Dry,Daylight,20.5937,78.9629,Night
Ghaziabad,31-50,High Risk,Moving Backward,Two-Wheeler,Clear,State Highway,Damaged,Daylight,20.5937,78.9629,Morning
Ghaziabad,18-30,High Risk,Moving Backward,Pedestrian,Foggy,Village Road,Under Construction,Daylight,20.5937,78.9629,Morning
Ghaziabad,18-30,High Risk,No priority to vehicle,Two-Wheeler,Foggy,Village Road,Dry,Dawn,20.5937,78.9629,Afternoon
Ghaziabad,31-50,Low Risk,No distancing,Two-Wheeler,Rainy,Highways,Normal,Daylight,20.5937,78.9629,Morning
Ghaziabad,18-30,High Risk,Moving Backward,Car,Hazy,National Highway,Dry,Dusk,20.5937,78.9629,Afternoon
Ghaziabad,50+,High Risk,Changing lane to the right,Cycle,Foggy,State Highway,Dry,Dusk,20.5937,78.9629,Morning
Ghaziabad,31-50,High Risk,Moving Backward,Pedestrian,Clear,Urban Road,Under Construction,Daylight,20.5937,78.9629,Morning
Ghaziabad,50+,High Risk,Changing lane to the right,Pedestrian,Foggy,Village Road,Under Construction,Dark,20.5937,78.9629,Afternoon
Ghaziabad,50+,High Risk,Driving carelessly,Auto-Rickshaw,Stormy,National Highway,Wet,Dark,20.5937,78.9629,Night
Gwalior,18-30,Low Risk,Changing lane to the right,Two-Wheeler,Foggy,Highways,Normal,Dark,20.5937,78.9629,Morning
Gwalior,18-30,High Risk,No distancing,Two-Wheeler,Clear,Village Road,Damaged,Dark,20.5937,78.9629,Morning
Jaipur,50+,Medium Risk,Moving Backward,Pedestrian,Rainy,Highways,Normal,Daylight,26.9124,75.7873,Night
Gwalior,50+,High Risk,Driving carelessly,Car,Clear,Village Road,Under Construction,Daylight,20.5937,78.9629,Afternoon
Thrissur,31-50,Low Risk,No distancing,Two-Wheeler,Clear,Highways,Normal,Daylight,20.5937,78.9629,Evening
Gwalior,18-30,High Risk,No priority to vehicle,Two-Wheeler,Foggy,State Highway,Dry,Daylight,20.5937,78.9629,Afternoon
Gwalior,50+,High Risk,Changing lane to the right,Truck,Clear,State Highway,Damaged,Daylight,20.5937,78.9629,Afternoon
Gwalior,18-30,High Risk,Moving Backward,Truck,Foggy,National Highway,Under Construction,Dusk,20.5937,78.9629,Morning
Gwalior,50+,Low Risk,Driving under the influence of drugs,Auto-Rickshaw,Stormy,Highways,Normal,Daylight,20.5937,78.9629,Morning
Dhanbad,18-30,Low Risk,Changing lane to the right,Cycle,Clear,Highways,Normal,Daylight,20.5937,78.9629,Evening
Gwalior,18-30,Low Risk,No priority to vehicle,Truck,Stormy,Highways,Normal,Daylight,20.5937,78.9629,Morning
Gwalior,18-30,High Risk,Changing lane to the left,Cycle,Clear,Urban Road,Damaged,Daylight,20.5937,78.9629,Night
Gwalior,18-30,High Risk,Driving carelessly,Pedestrian,Rainy,Village Road,Wet,Daylight,20.5937,78.9629,Evening
Gwalior,18-30,High Risk,No priority to pedestrian,Truck,Hazy,Village Road,Damaged,Daylight,20.5937,78.9629,Afternoon
Gwalior,18-30,High Risk,No priority to pedestrian,Bus,Hazy,Highways,Normal,Daylight,20.5937,78.9629,Evening
Gwalior,18-30,High Risk,Changing lane to the right,Bus,Clear,State Highway,Under Construction,Dawn,20.5937,78.9629,Morning
Gwalior,18-30,High Risk,Drunk driving,Cycle,Clear,Urban Road,Wet,Daylight,20.5937,78.9629,Morning
Gwalior,18-30,High Risk,Changing lane to the left,Auto-Rickshaw,Clear,Village Road,Under Construction,Daylight,20.5937,78.9629,Morning
Gwalior,18-30,Medium Risk,Changing lane to the left,Bus,Clear,Highways,Normal,Daylight,20.5937,78.9629,Evening
Gwalior,18-30,High Risk,Driving to the left,Two-Wheeler,Stormy,Village Road,Under Construction,Daylight,20.5937,78.9629,Morning
Dhanbad,31-50,Low Risk,Changing lane to the left,Cycle,Foggy,Highways,Normal,Daylight,20.5937,78.9629,Night
Gwalior,18-30,High Risk,Driving under the influence of drugs,Bus,Stormy,Village Road,Damaged,Dusk,20.5937,78.9629,Night
Gwalior,18-30,High Risk,No priority to pedestrian,Auto-Rickshaw,Clear,State Highway,Dry,Daylight,20.5937,78.9629,Night
Gwalior,18-30,High Risk,Changing lane to the left,Truck,Foggy,Urban Road,Dry,Daylight,20.5937,78.9629,Morning
Gwalior,31-50,High Risk,Moving Backward,Auto-Rickshaw,Clear,Village Road,Damaged,Dark,20.5937,78.9629,Morning
Gwalior,31-50,Low Risk,No distancing,Auto-Rickshaw,Hazy,Highways,Normal,Daylight,20.5937,78.9629,Morning
Gwalior,31-50,Medium Risk,Changing lane to the right,Car,Clear,Highways,Normal,Dawn,20.5937,78.9629,Evening
Gwalior,31-50,Low Risk,No priority to vehicle,Two-Wheeler,Rainy,Highways,Normal,Dark,20.5937,78.9629,Night
Gwalior,18-30,High Risk,Moving Backward,Car,Clear,Urban Road,Wet,Dusk,20.5937,78.9629,Afternoon
Gwalior,31-50,High Risk,Overtaking,Bus,Clear,Urban Road,Dry,Daylight,20.5937,78.9629,Night
Gwalior,18-30,High Risk,Changing lane to the left,Car,Clear,State Highway,Damaged,Dusk,20.5937,78.9629,Morning
Gwalior,31-50,High Risk,Changing lane to the right,Car,Stormy,Village Road,Damaged,Dark,20.5937,78.9629,Afternoon
Gwalior,31-50,Low Risk,Overtaking,Pedestrian,Clear,Highways,Normal,Daylight,20.5937,78.9629,Morning
Gwalior,18-30,Medium Risk,Overloading,Truck,Clear,Highways,Normal,Daylight,20.5937,78.9629,Morning
Gwalior,18-30,High Risk,Other,Auto-Rickshaw,Clear,Village Road,Under Construction,Dusk,20.5937,78.9629,Night
Tiruchirapalli,18-30,Low Risk,No priority to vehicle,Bus,Clear,Highways,Normal,Daylight,20.5937,78.9629,Afternoon
Hyderabad,50+,High Risk,Changing lane to the right,Bus,Stormy,Urban Road,Damaged,Dark,17.385,78.4867,Morning
Hyderabad,18-30,High Risk,Moving Backward,Cycle,Foggy,State Highway,Wet,Dusk,17.385,78.4867,Night
Hyderabad,50+,High Risk,Changing lane to the left,Cycle,Foggy,State Highway,Damaged,Daylight,17.385,78.4867,Morning
Hyderabad,31-50,High Risk,No priority to pedestrian,Bus,Rainy,State Highway,Under Construction,Daylight,17.385,78.4867,Night
Hyderabad,31-50,High Risk,No distancing,Two-Wheeler,Clear,Village Road,Normal,Daylight,17.385,78.4867,Morning
Hyderabad,31-50,High Risk,No priority to vehicle,Two-Wheeler,Hazy,Village Road,Under Construction,Dusk,17.385,78.4867,Evening
Hyderabad,31-50,High Risk,No distancing,Car,Clear,State Highway,Wet,Dark,17.385,78.4867,Evening
Hyderabad,31-50,High Risk,No distancing,Car,Rainy,National Highway,Dry,Dawn,17.385,78.4867,Afternoon
Hyderabad,18-30,High Risk,Moving Backward,Car,Clear,Urban Road,Wet,Dusk,17.385,78.4867,Morning
Hyderabad,18-30,High Risk,Changing lane to the right,Car,Foggy,Village Road,Normal,Dark,17.385,78.4867,Morning
Hyderabad,18-30,High Risk,No priority to pedestrian,Cycle,Clear,State Highway,Under Construction,Daylight,17.385,78.4867,Morning
Ludhiana,18-30,Medium Risk,Moving Backward,Pedestrian,Clear,Highways,Normal,Daylight,20.5937,78.9629,Morning
Hyderabad,18-30,High Risk,Getting off the vehicle improperly,Bus,Clear,Village Road,Wet,Daylight,17.385,78.4867,Night
Hyderabad,18-30,Medium Risk,Overtaking,Car,Clear,Highways,Normal,Dawn,17.385,78.4867,Night
Hyderabad,18-30,High Risk,Overloading,Truck,Rainy,Urban Road,Normal,Daylight,17.385,78.4867,Night
Hyderabad,31-50,High Risk,Changing lane to the right,Two-Wheeler,Hazy,Highways,Normal,Dusk,17.385,78.4867,Evening
Nagpur,31-50,Medium Risk,Improper parking,Bus,Clear,Highways,Normal,Dawn,20.5937,78.9629,Night
Hyderabad,18-30,Medium Risk,Other,Two-Wheeler,Clear,Highways,Normal,Dawn,17.385,78.4867,Night
Hyderabad,18-30,High Risk,Changing lane to the left,Two-Wheeler,Clear,State Highway,Dry,Daylight,17.385,78.4867,Night
Hyderabad,18-30,Medium Risk,Changing lane to the right,Truck,Rainy,Highways,Normal,Daylight,17.385,78.4867,Morning
Hyderabad,18-30,High Risk,No priority to pedestrian,Cycle,Rainy,State Highway,Dry,Dusk,17.385,78.4867,Morning
Hyderabad,18-30,High Risk,Overspeed,Cycle,Foggy,Village Road,Damaged,Daylight,17.385,78.4867,Night
Hyderabad,50+,High Risk,Changing lane to the left,Cycle,Stormy,Urban Road,Wet,Daylight,17.385,78.4867,Afternoon
Hyderabad,18-30,High Risk,No priority to vehicle,Auto-Rickshaw,Rainy,Village Road,Wet,Dusk,17.385,78.4867,Night
Kolkata,18-30,Low Risk,Changing lane to the right,Car,Stormy,Highways,Normal,Dawn,22.5726,88.3639,Night
Hyderabad,18-30,High Risk,No distancing,Auto-Rickshaw,Clear,State Highway,Dry,Dawn,17.385,78.4867,Evening
Hyderabad,31-50,High Risk,No priority to pedestrian,Pedestrian,Clear,Village Road,Damaged,Daylight,17.385,78.4867,Night
Jodhpur,18-30,Medium Risk,No distancing,Auto-Rickshaw,Clear,Highways,Normal,Dusk,20.5937,78.9629,Afternoon
Hyderabad,18-30,Low Risk,No priority to vehicle,Two-Wheeler,Foggy,Highways,Normal,Dusk,17.385,78.4867,Evening
Hyderabad,31-50,High Risk,Other,Pedestrian,Rainy,State Highway,Normal,Daylight,17.385,78.4867,Night
Hyderabad,18-30,High Risk,Driving carelessly,Bus,Stormy,Village Road,Dry,Dawn,17.385,78.4867,Night
Hyderabad,18-30,Low Risk,Changing lane to the left,Bus,Clear,Highways,Normal,Daylight,17.385,78.4867,Night
Hyderabad,18-30,High Risk,Driving carelessly,Car,Rainy,Village Road,Under Construction,Daylight,17.385,78.4867,Evening
Hyderabad,18-30,Medium Risk,Changing lane to the left,Bus,Clear,Highways,Normal,Dark,17.385,78.4867,Night
Hyderabad,18-30,High Risk,No priority to vehicle,Car,Stormy,Urban Road,Wet,Dawn,17.385,78.4867,Afternoon
Hyderabad,18-30,High Risk,No distancing,Car,Clear,Highways,Normal,Dark,17.385,78.4867,Afternoon
Indore,18-30,High Risk,Changing lane to the right,Cycle,Stormy,Urban Road,Dry,Daylight,20.5937,78.9629,Afternoon
Indore,18-30,Low Risk,Changing lane to the right,Truck,Clear,Highways,Normal,Daylight,20.5937,78.9629,Night
Indore,18-30,High Risk,Driving at high speed,Cycle,Stormy,Village Road,Wet,Daylight,20.5937,78.9629,Evening
Indore,18-30,High Risk,No distancing,Auto-Rickshaw,Clear,Village Road,Damaged,Dusk,20.5937,78.9629,Morning
Indore,18-30,Low Risk,Changing lane to the right,Auto-Rickshaw,Foggy,Highways,Normal,Daylight,20.5937,78.9629,Night
Indore,31-50,High Risk,Changing lane to the left,Car,Stormy,State Highway,Wet,Daylight,20.5937,78.9629,Night
Indore,31-50,High Risk,Getting off the vehicle improperly,Truck,Clear,State Highway,Damaged,Dusk,20.5937,78.9629,Morning
Indore,31-50,High Risk,Other,Two-Wheeler,Clear,Urban Road,Under Construction,Daylight,20.5937,78.9629,Morning
Kochi,18-30,Low Risk,Other,Two-Wheeler,Stormy,Highways,Normal,Daylight,20.5937,78.9629,Morning
Indore,18-30,High Risk,No distancing,Bus,Foggy,State Highway,Dry,Dawn,20.5937,78.9629,Night
Indore,18-30,High Risk,No priority to vehicle,Auto-Rickshaw,Clear,National Highway,Dry,Daylight,20.5937,78.9629,Morning
Indore,18-30,High Risk,Overtaking,Car,Clear,State Highway,Under Construction,Daylight,20.5937,78.9629,Morning
Indore,50+,High Risk,No priority to pedestrian,Two-Wheeler,Foggy,Urban Road,Damaged,Dark,20.5937,78.9629,Night
Indore,18-30,High Risk,No distancing,Bus,Hazy,State Highway,Dry,Dawn,20.5937,78.9629,Morning
Indore,18-30,High Risk,Changing lane to the right,Car,Clear,National Highway,Under Construction,Daylight,20.5937,78.9629,Morning
Srinagar,18-30,Low Risk,Driving carelessly,Pedestrian,Clear,Highways,Normal,Daylight,20.5937,78.9629,Night
Indore,31-50,High Risk,Changing lane to the right,Car,Stormy,Urban Road,Damaged,Dusk,20.5937,78.9629,Night
Indore,18-30,Medium Risk,Overtaking,Car,Clear,Village Road,Under Construction,Daylight,20.5937,78.9629,Afternoon
Indore,31-50,Medium Risk,Other,Car,Clear,Highways,Normal,Daylight,20.5937,78.9629,Evening
Faridabad,18-30,Medium Risk,Driving to the left,Car,Hazy,Highways,Normal,Dark,20.5937,78.9629,Afternoon
Indore,18-30,High Risk,Driving at high speed,Truck,Clear,Highways,Normal,Daylight,20.5937,78.9629,Night
Indore,18-30,High Risk,Unknown,Truck,Rainy,State Highway,Damaged,Dusk,20.5937,78.9629,Night
Indore,18-30,Medium Risk,Changing lane to the right,Two-Wheeler,Hazy,Highways,Normal,Daylight,20.5937,78.9629,Night
Dhanbad,50+,Low Risk,No distancing,Pedestrian,Clear,Highways,Normal,Daylight,20.5937,78.9629,Afternoon
Nagpur,18-30,Low Risk,Other,Two-Wheeler,Clear,Highways,Normal,Daylight,20.5937,78.9629,Night
Indore,18-30,High Risk,No priority to vehicle,Car,Hazy,State Highway,Damaged,Dark,20.5937,78.9629,Morning
Indore,18-30,High Risk,Changing lane to the left,Auto-Rickshaw,Clear,Village Road,Dry,Dusk,20.5937,78.9629,Evening
Indore,18-30,Low Risk,No priority to pedestrian,Pedestrian,Clear,Highways,Normal,Dark,20.5937,78.9629,Morning
Indore,18-30,Medium Risk,Overtaking,Bus,Clear,Village Road,Under Construction,Daylight,20.5937,78.9629,Morning
Indore,31-50,High Risk,Driving carelessly,Car,Clear,Village Road,Dry,Dark,20.5937,78.9629,Morning
Indore,18-30,High Risk,No priority to vehicle,Cycle,Clear,Urban Road,Normal,Daylight,20.5937,78.9629,Afternoon
Indore,31-50,High Risk,No priority to pedestrian,Truck,Stormy,State Highway,Dry,Dark,20.5937,78.9629,Morning
Indore,31-50,High Risk,Changing lane to the right,Car,Clear,National Highway,Under Construction,Dawn,20.5937,78.9629,Evening
Indore,18-30,High Risk,Driving carelessly,Pedestrian,Clear,Highways,Normal,Daylight,20.5937,78.9629,Night
Indore,31-50,High Risk,Changing lane to the right,Truck,Rainy,Highways,Normal,Daylight,20.5937,78.9629,Morning
Indore,18-30,High Risk,Changing lane to the right,Pedestrian,Clear,Village Road,Under Construction,Daylight,20.5937,78.9629,Morning
Jabalpur,31-50,Low Risk,Changing lane to the left,Cycle,Foggy,Highways,Normal,Dusk,20.5937,78.9629,Morning
Jamshedpur,18-30,Low Risk,Overturning,Auto-Rickshaw,Rainy,Highways,Normal,Daylight,20.5937,78.9629,Evening
Asansol Durgapur,31-50,Low Risk,Driving carelessly,Bus,Hazy,Highways,Normal,Daylight,20.5937,78.9629,Night
Jabalpur,31-50,High Risk,No distancing,Two-Wheeler,Stormy,National Highway,Under Construction,Daylight,20.5937,78.9629,Night
Jabalpur,31-50,Medium Risk,Driving carelessly,Two-Wheeler,Rainy,Highways,Normal,Dark,20.5937,78.9629,Evening
Nagpur,18-30,Low Risk,Changing lane to the left,Auto-Rickshaw,Clear,Highways,Normal,Daylight,20.5937,78.9629,Morning
Jabalpur,18-30,High Risk,No priority to vehicle,Car,Clear,Urban Road,Wet,Daylight,20.5937,78.9629,Morning
Jabalpur,18-30,High Risk,Changing lane to the right,Cycle,Hazy,Village Road,Wet,Daylight,20.5937,78.9629,Night
Jabalpur,18-30,High Risk,No distancing,Pedestrian,Hazy,Urban Road,Wet,Dusk,20.5937,78.9629,Morning
Jabalpur,18-30,High Risk,Moving Backward,Bus,Clear,Village Road,Under Construction,Dark,20.5937,78.9629,Night
Jabalpur,18-30,High Risk,Moving Backward,Auto-Rickshaw,Hazy,State Highway,Damaged,Dusk,20.5937,78.9629,Night
Jabalpur,31-50,High Risk,No distancing,Truck,Clear,Urban Road,Dry,Daylight,20.5937,78.9629,Evening
Jabalpur,31-50,High Risk,No distancing,Auto-Rickshaw,Clear,Village Road,Under Construction,Dusk,20.5937,78.9629,Afternoon
Jabalpur,18-30,High Risk,No distancing,Pedestrian,Foggy,National Highway,Under Construction,Daylight,20.5937,78.9629,Night
Jabalpur,31-50,High Risk,No priority to pedestrian,Auto-Rickshaw,Hazy,Urban Road,Dry,Dusk,20.5937,78.9629,Night
Lucknow,18-30,Low Risk,Driving carelessly,Pedestrian,Foggy,Highways,Normal,Dark,26.8467,80.9462,Afternoon
Jabalpur,18-30,High Risk,Changing lane to the right,Bus,Rainy,Village Road,Dry,Daylight,20.5937,78.9629,Afternoon
Jabalpur,18-30,High Risk,Changing lane to the left,Cycle,Clear,National Highway,Damaged,Dawn,20.5937,78.9629,Morning
Jabalpur,50+,Medium Risk,Driving carelessly,Bus,Clear,National Highway,Dry,Daylight,20.5937,78.9629,Morning
Jabalpur,50+,High Risk,Driving carelessly,Pedestrian,Rainy,State Highway,Damaged,Daylight,20.5937,78.9629,Morning
Jabalpur,31-50,Medium Risk,No distancing,Car,Hazy,Highways,Normal,Dawn,20.5937,78.9629,Evening
Jabalpur,31-50,High Risk,Other,Bus,Rainy,Urban Road,Damaged,Dark,20.5937,78.9629,Night
Jabalpur,18-30,High Risk,Changing lane to the right,Car,Stormy,State Highway,Wet,Daylight,20.5937,78.9629,Afternoon
Jabalpur,18-30,High Risk,Changing lane to the right,Cycle,Rainy,National Highway,Under Construction,Daylight,20.5937,78.9629,Night
Jabalpur,18-30,High Risk,No distancing,Two-Wheeler,Clear,National Highway,Under Construction,Daylight,20.5937,78.9629,Morning
Kochi,18-30,Low Risk,No distancing,Cycle,Clear,Highways,Normal,Dusk,20.5937,78.9629,Night
Kannur,18-30,Low Risk,Overturning,Car,Rainy,Highways,Normal,Daylight,20.5937,78.9629,Morning
Jabalpur,31-50,High Risk,Driving at high speed,Two-Wheeler,Clear,Village Road,Dry,Daylight,20.5937,78.9629,Morning
Patna,18-30,Medium Risk,No priority to vehicle,Auto-Rickshaw,Foggy,Highways,Normal,Dusk,25.5941,85.1376,Night
Jabalpur,18-30,Medium Risk,No priority to pedestrian,Auto-Rickshaw,Clear,Village Road,Wet,Dusk,20.5937,78.9629,Morning
Jabalpur,18-30,Medium Risk,No priority to vehicle,Bus,Clear,Urban Road,Wet,Daylight,20.5937,78.9629,Morning
Jabalpur,18-30,Medium Risk,Other,Cycle,Clear,Village Road,Damaged,Dark,20.5937,78.9629,Afternoon
Jabalpur,50+,High Risk,Other,Truck,Clear,Highways,Normal,Dawn,20.5937,78.9629,Morning
Jabalpur,18-30,Medium Risk,Moving Backward,Cycle,Clear,Highways,Normal,Dawn,20.5937,78.9629,Night
Jabalpur,50+,High Risk,No distancing,Two-Wheeler,Clear,Highways,Normal,Daylight,20.5937,78.9629,Evening
Jabalpur,18-30,High Risk,Moving Backward,Two-Wheeler,Hazy,National Highway,Wet,Dark,20.5937,78.9629,Afternoon
Jaipur,18-30,High Risk,No priority to vehicle,Truck,Foggy,Village Road,Dry,Dawn,26.9124,75.7873,Night
Jaipur,18-30,High Risk,Driving carelessly,Bus,Clear,National Highway,Dry,Dusk,26.9124,75.7873,Morning
Jaipur,18-30,High Risk,No distancing,Auto-Rickshaw,Rainy,State Highway,Damaged,Daylight,26.9124,75.7873,Morning
Jaipur,18-30,Medium Risk,Other,Truck,Stormy,Highways,Normal,Dark,26.9124,75.7873,Afternoon
Jaipur,18-30,High Risk,Changing lane to the right,Cycle,Clear,State Highway,Wet,Dawn,26.9124,75.7873,Afternoon
Gwalior,18-30,Medium Risk,No distancing,Car,Clear,Highways,Normal,Daylight,20.5937,78.9629,Evening
Jaipur,18-30,High Risk,Driving carelessly,Cycle,Clear,National Highway,Damaged,Dark,26.9124,75.7873,Night
Jaipur,18-30,Low Risk,No distancing,Car,Clear,Highways,Normal,Daylight,26.9124,75.7873,Evening
Jaipur,18-30,High Risk,No priority to vehicle,Car,Stormy,National Highway,Wet,Dawn,26.9124,75.7873,Morning
Jaipur,18-30,High Risk,Changing lane to the right,Two-Wheeler,Clear,State Highway,Wet,Dusk,26.9124,75.7873,Night
Jaipur,18-30,High Risk,No priority to pedestrian,Pedestrian,Clear,State Highway,Under Construction,Daylight,26.9124,75.7873,Morning
Jaipur,18-30,Medium Risk,No priority to vehicle,Truck,Stormy,Highways,Normal,Dawn,26.9124,75.7873,Evening
Jaipur,18-30,High Risk,Changing lane to the left,Pedestrian,Stormy,State Highway,Dry,Dawn,26.9124,75.7873,Night
Jaipur,18-30,High Risk,Turnover,Auto-Rickshaw,Rainy,State Highway,Normal,Daylight,26.9124,75.7873,Morning
Jaipur,31-50,High Risk,Driving to the left,Car,Clear,National Highway,Wet,Dusk,26.9124,75.7873,Morning
Thiruvanthapuram,18-30,Low Risk,Driving carelessly,Auto-Rickshaw,Hazy,Highways,Normal,Daylight,20.5937,78.9629,Evening
Jaipur,18-30,Medium Risk,Driving to the left,Two-Wheeler,Rainy,Highways,Normal,Dawn,26.9124,75.7873,Afternoon
Jaipur,31-50,Medium Risk,Driving carelessly,Two-Wheeler,Clear,Highways,Normal,Daylight,26.9124,75.7873,Night
Varanasi,18-30,Low Risk,No priority to pedestrian,Cycle,Clear,Highways,Normal,Dusk,25.3176,82.9739,Afternoon
Thrissur,18-30,Low Risk,Driving carelessly,Pedestrian,Foggy,Highways,Normal,Dusk,20.5937,78.9629,Evening
Jaipur,18-30,High Risk,Changing lane to the right,Pedestrian,Foggy,Urban Road,Damaged,Daylight,26.9124,75.7873,Morning
Kollam,18-30,Low Risk,Moving Backward,Auto-Rickshaw,Stormy,Highways,Normal,Dawn,20.5937,78.9629,Night
Jaipur,18-30,High Risk,Driving carelessly,Auto-Rickshaw,Hazy,Urban Road,Under Construction,Daylight,26.9124,75.7873,Morning
Jaipur,18-30,Medium Risk,Changing lane to the right,Bus,Clear,National Highway,Dry,Dark,26.9124,75.7873,Evening
Jaipur,18-30,Medium Risk,Driving carelessly,Auto-Rickshaw,Clear,Urban Road,Wet,Daylight,26.9124,75.7873,Night
Jaipur,18-30,Medium Risk,Driving carelessly,Truck,Clear,Urban Road,Wet,Daylight,26.9124,75.7873,Afternoon
Jaipur,18-30,High Risk,Driving carelessly,Car,Rainy,Urban Road,Dry,Daylight,26.9124,75.7873,Night
Aurangabad,50+,Low Risk,Changing lane to the right,Cycle,Clear,Highways,Normal,Dusk,20.5937,78.9629,Night
Jaipur,31-50,Medium Risk,Changing lane to the right,Bus,Rainy,National Highway,Wet,Dark,26.9124,75.7873,Morning
Jaipur,31-50,High Risk,Driving carelessly,Pedestrian,Rainy,Urban Road,Under Construction,Daylight,26.9124,75.7873,Night
Jaipur,18-30,High Risk,Overtaking,Pedestrian,Stormy,Urban Road,Damaged,Daylight,26.9124,75.7873,Afternoon
Jaipur,18-30,High Risk,Changing lane to the right,Two-Wheeler,Clear,Village Road,Wet,Dusk,26.9124,75.7873,Night
Jaipur,18-30,High Risk,No distancing,Car,Clear,Urban Road,Dry,Dark,26.9124,75.7873,Night
Jaipur,18-30,High Risk,Other,Bus,Foggy,Village Road,Under Construction,Daylight,26.9124,75.7873,Night
Jaipur,50+,High Risk,Changing lane to the right,Auto-Rickshaw,Clear,Village Road,Dry,Dark,26.9124,75.7873,Night
Patna,18-30,Low Risk,Changing lane to the right,Car,Clear,Highways,Normal,Dark,25.5941,85.1376,Morning
Kolkata,18-30,Low Risk,Overtaking,Car,Rainy,Highways,Normal,Daylight,22.5726,88.3639,Night
Jamshedpur,18-30,Medium Risk,Other,Auto-Rickshaw,Rainy,Urban Road,Wet,Dusk,20.5937,78.9629,Morning
Kolkata,18-30,Low Risk,Driving to the left,Auto-Rickshaw,Stormy,Highways,Normal,Daylight,22.5726,88.3639,Afternoon
Jamshedpur,50+,High Risk,Overtaking,Auto-Rickshaw,Stormy,National Highway,Normal,Dawn,20.5937,78.9629,Morning
Coimbatore,18-30,Low Risk,No priority to vehicle,Car,Rainy,Highways,Normal,Daylight,20.5937,78.9629,Night
Jamshedpur,18-30,High Risk,Moving Backward,Cycle,Foggy,Village Road,Wet,Daylight,20.5937,78.9629,Afternoon
Jamshedpur,18-30,High Risk,Other,Bus,Hazy,Village Road,Wet,Daylight,20.5937,78.9629,Night
Jamshedpur,31-50,High Risk,No priority to vehicle,Auto-Rickshaw,Hazy,National Highway,Dry,Daylight,20.5937,78.9629,Afternoon
Jamshedpur,18-30,High Risk,No priority to pedestrian,Car,Clear,Village Road,Damaged,Dusk,20.5937,78.9629,Night
Jamshedpur,18-30,High Risk,Changing lane to the right,Pedestrian,Stormy,Village Road,Under Construction,Daylight,20.5937,78.9629,Evening
Jamshedpur,18-30,High Risk,Changing lane to the right,Auto-Rickshaw,Clear,Urban Road,Under Construction,Dusk,20.5937,78.9629,Evening