Million_Plus_Cities,Age_band_of_driver,Accident_severity,Cause_of_accident,Vehicle Type Involved,Weather Conditions,Road Type,Road Condition,Lighting Conditions,Latitude,Longitude,Time_Block
Jamshedpur,31-50,High Risk,Changing lane to the right,Cycle,Foggy,Urban Road,Damaged,Daylight,20.5937,78.9629,Morning
Jamshedpur,50+,High Risk,Driving to the left,Two-Wheeler,Rainy,Urban Road,Damaged,Dawn,20.5937,78.9629,Afternoon
Jamshedpur,18-30,Medium Risk,Changing lane to the left,Car,Rainy,Highways,Normal,Dawn,20.5937,78.9629,Morning
Agra,31-50,Low Risk,Moving Backward,Car,Hazy,Highways,Normal,Daylight,27.1767,78.0081,Afternoon
Jamshedpur,31-50,High Risk,Driving at high speed,Two-Wheeler,Hazy,Urban Road,Normal,Daylight,20.5937,78.9629,Morning
Jamshedpur,31-50,High Risk,Moving Backward,Bus,Clear,Village Road,Under Construction,Daylight,20.5937,78.9629,Night
Jamshedpur,18-30,High Risk,No distancing,Two-Wheeler,Clear,Urban Road,Under Construction,Dawn,20.5937,78.9629,Evening
Jamshedpur,18-30,High Risk,Other,Bus,Rainy,Village Road,Dry,Dark,20.5937,78.9629,Night
Jamshedpur,18-30,High Risk,No priority to vehicle,Two-Wheeler,Rainy,Village Road,Wet,Daylight,20.5937,78.9629,Morning
Jamshedpur,18-30,High Risk,Changing lane to the right,Car,Foggy,National Highway,Under Construction,Dusk,20.5937,78.9629,Night
Jamshedpur,18-30,High Risk,Other,Auto-Rickshaw,Clear,National Highway,Damaged,Daylight,20.5937,78.9629,Afternoon
Jaipur,18-30,Low Risk,No distancing,Pedestrian,Foggy,Highways,Normal,Dark,26.9124,75.7873,Morning
Jamshedpur,18-30,High Risk,Driving carelessly,Car,Stormy,Urban Road,Dry,Dawn,20.5937,78.9629,Afternoon
Jamshedpur,18-30,Low Risk,No distancing,Car,Foggy,Highways,Normal,Daylight,20.5937,78.9629,Evening
Jamshedpur,18-30,High Risk,Moving Backward,Car,Clear,State Highway,Dry,Dusk,20.5937,78.9629,Morning
Jamshedpur,18-30,High Risk,No distancing,Car,Clear,National Highway,Wet,Daylight,20.5937,78.9629,Morning
Jamshedpur,18-30,High Risk,Moving Backward,Two-Wheeler,Stormy,National Highway,Wet,Dawn,20.5937,78.9629,Morning
Chandigarh,31-50,Medium Risk,No priority to pedestrian,Cycle,Rainy,Highways,Normal,Daylight,20.5937,78.9629,Night
Jamshedpur,50+,High Risk,Changing lane to the left,Car,Clear,Urban Road,Damaged,Dawn,20.5937,78.9629,Night
Ahmedabad,18-30,Medium Risk,No distancing,Car,Clear,Highways,Normal,Dark,23.0225,72.5714,Morning
Surat,18-30,Medium Risk,Other,Two-Wheeler,Hazy,Highways,Normal,Daylight,21.1702,72.8311,Night
Jamshedpur,18-30,Low Risk,No distancing,Auto-Rickshaw,Stormy,Highways,Normal,Daylight,20.5937,78.9629,Morning
Jamshedpur,18-30,High Risk,No priority to pedestrian,Two-Wheeler,Clear,State Highway,Damaged,Daylight,20.5937,78.9629,Night
Jamshedpur,18-30,Medium Risk,Moving Backward,Auto-Rickshaw,Clear,Highways,Normal,Dark,20.5937,78.9629,Afternoon
Jamshedpur,31-50,Low Risk,No priority to pedestrian,Cycle,Rainy,Highways,Normal,Dawn,20.5937,78.9629,Night
Jodhpur,18-30,High Risk,No distancing,Car,Clear,Urban Road,Dry,Dusk,20.5937,78.9629,Night
Jodhpur,18-30,Low Risk,No priority to pedestrian,Auto-Rickshaw,Clear,Highways,Normal,Daylight,20.5937,78.9629,Morning
Jodhpur,18-30,Medium Risk,Driving carelessly,Cycle,Clear,Highways,Normal,Dawn,20.5937,78.9629,Night
Jodhpur,18-30,Low Risk,Getting off the vehicle improperly,Two-Wheeler,Clear,Highways,Normal,Dawn,20.5937,78.9629,Night
Jodhpur,18-30,High Risk,Driving carelessly,Cycle,Hazy,Village Road,Wet,Dusk,20.5937,78.9629,Night
Kota,31-50,Low Risk,Changing lane to the left,Truck,Clear,Highways,Normal,Daylight,20.5937,78.9629,Morning
Jodhpur,18-30,High Risk,No priority to vehicle,Car,Stormy,State Highway,Wet,Daylight,20.5937,78.9629,Afternoon
Jodhpur,18-30,High Risk,Changing lane to the right,Auto-Rickshaw,Rainy,Village Road,Under Construction,Daylight,20.5937,78.9629,Afternoon
Jodhpur,18-30,High Risk,Changing lane to the right,Two-Wheeler,Hazy,National Highway,Wet,Dark,20.5937,78.9629,Morning
Jodhpur,50+,High Risk,No distancing,Bus,Rainy,State Highway,Dry,Daylight,20.5937,78.9629,Morning
Jodhpur,18-30,High Risk,No distancing,Car,Clear,Village Road,Dry,Dark,20.5937,78.9629,Night
Jodhpur,18-30,Low Risk,Changing lane to the left,Auto-Rickshaw,Hazy,Highways,Normal,Dawn,20.5937,78.9629,Evening
Jodhpur,18-30,Low Risk,Changing lane to the right,Pedestrian,Stormy,Highways,Normal,Dusk,20.5937,78.9629,Night
Jodhpur,18-30,High Risk,No priority to vehicle,Car,Clear,Urban Road,Under Construction,Daylight,20.5937,78.9629,Evening
Jodhpur,31-50,High Risk,Changing lane to the left,Bus,Clear,State Highway,Dry,Dawn,20.5937,78.9629,Afternoon
Jodhpur,18-30,High Risk,No priority to vehicle,Car,Clear,National Highway,Wet,Dark,20.5937,78.9629,Afternoon
Jodhpur,18-30,Medium Risk,Moving Backward,Car,Clear,Highways,Normal,Dawn,20.5937,78.9629,Morning
Jodhpur,18-30,Low Risk,Turnover,Two-Wheeler,Rainy,Highways,Normal,Dark,20.5937,78.9629,Night
Jodhpur,31-50,Medium Risk,No distancing,Cycle,Clear,National Highway,Under Construction,Daylight,20.5937,78.9629,Night
Jodhpur,18-30,Low Risk,No distancing,Cycle,Stormy,Highways,Normal,Dark,20.5937,78.9629,Morning
Jodhpur,31-50,High Risk,No distancing,Car,Foggy,Highways,Normal,Daylight,20.5937,78.9629,Night
Jodhpur,50+,High Risk,Changing lane to the left,Auto-Rickshaw,Foggy,Urban Road,Dry,Daylight,20.5937,78.9629,Evening
Jodhpur,18-30,High Risk,No priority to vehicle,Cycle,Clear,Highways,Normal,Dusk,20.5937,78.9629,Night
Jodhpur,18-30,Medium Risk,Driving at high speed,Auto-Rickshaw,Clear,Urban Road,Wet,Dawn,20.5937,78.9629,Evening
Jodhpur,31-50,Medium Risk,Overtaking,Bus,Clear,State Highway,Damaged,Daylight,20.5937,78.9629,Afternoon
Jodhpur,18-30,High Risk,Other,Truck,Rainy,Highways,Normal,Dusk,20.5937,78.9629,Afternoon
Jodhpur,18-30,Medium Risk,Changing lane to the left,Two-Wheeler,Foggy,National Highway,Under Construction,Dusk,20.5937,78.9629,Night
Vadodra,18-30,Medium Risk,No priority to pedestrian,Truck,Foggy,Highways,Normal,Daylight,20.5937,78.9629,Morning
Jodhpur,18-30,Low Risk,Changing lane to the left,Two-Wheeler,Stormy,Highways,Normal,Daylight,20.5937,78.9629,Morning
Jodhpur,18-30,Medium Risk,No distancing,Pedestrian,Clear,National Highway,Damaged,Dawn,20.5937,78.9629,Afternoon
Rajkot,18-30,Medium Risk,Moving Backward,Car,Clear,Highways,Normal,Dusk,20.5937,78.9629,Afternoon
Jodhpur,18-30,Medium Risk,Changing lane to the left,Car,Stormy,State Highway,Damaged,Daylight,20.5937,78.9629,Morning
Jodhpur,50+,Medium Risk,Other,Cycle,Clear,Urban Road,Under Construction,Dawn,20.5937,78.9629,Evening
Ahmedabad,18-30,Low Risk,No distancing,Two-Wheeler,Clear,Highways,Normal,Dusk,23.0225,72.5714,Morning
Jodhpur,18-30,High Risk,Moving Backward,Truck,Clear,Urban Road,Under Construction,Daylight,20.5937,78.9629,Morning
Jodhpur,18-30,Medium Risk,No distancing,Bus,Clear,Village Road,Damaged,Dawn,20.5937,78.9629,Afternoon
Kannur,31-50,Medium Risk,Changing lane to the left,Pedestrian,Foggy,Village Road,Wet,Dark,20.5937,78.9629,Morning
Kannur,31-50,Low Risk,Changing lane to the left,Truck,Rainy,Highways,Normal,Dawn,20.5937,78.9629,Morning
Kannur,18-30,High Risk,No priority to pedestrian,Pedestrian,Stormy,National Highway,Dry,Daylight,20.5937,78.9629,Evening
Kannur,50+,High Risk,Changing lane to the left,Auto-Rickshaw,Hazy,State Highway,Dry,Dawn,20.5937,78.9629,Afternoon
Kannur,18-30,High Risk,Driving carelessly,Bus,Clear,State Highway,Under Construction,Daylight,20.5937,78.9629,Afternoon
Kannur,18-30,High Risk,Driving carelessly,Auto-Rickshaw,Foggy,State Highway,Under Construction,Dusk,20.5937,78.9629,Afternoon
Kannur,18-30,High Risk,No priority to pedestrian,Truck,Clear,Urban Road,Wet,Daylight,20.5937,78.9629,Morning
Kannur,18-30,High Risk,Getting off the vehicle improperly,Truck,Clear,State Highway,Under Construction,Dark,20.5937,78.9629,Afternoon
Kannur,18-30,High Risk,No distancing,Auto-Rickshaw,Clear,Highways,Normal,Dusk,20.5937,78.9629,Afternoon
Kannur,31-50,High Risk,Changing lane to the left,Two-Wheeler,Clear,Urban Road,Under Construction,Dawn,20.5937,78.9629,Morning
Kannur,18-30,Medium Risk,No priority to vehicle,Auto-Rickshaw,Clear,Highways,Normal,Daylight,20.5937,78.9629,Night
Kannur,18-30,High Risk,No distancing,Pedestrian,Rainy,Highways,Normal,Daylight,20.5937,78.9629,Night
Kannur,18-30,High Risk,No priority to pedestrian,Auto-Rickshaw,Clear,Urban Road,Wet,Dark,20.5937,78.9629,Afternoon
Kannur,18-30,Low Risk,No priority to pedestrian,Car,Clear,Highways,Normal,Daylight,20.5937,78.9629,Afternoon
Kannur,31-50,Medium Risk,No priority to vehicle,Car,Hazy,Highways,Normal,Daylight,20.5937,78.9629,Morning
Kannur,18-30,High Risk,Driving carelessly,Pedestrian,Hazy,Urban Road,Normal,Daylight,20.5937,78.9629,Night
Kannur,50+,Low Risk,Changing lane to the right,Bus,Hazy,Highways,Normal,Dark,20.5937,78.9629,Afternoon
Kannur,31-50,High Risk,Changing lane to the left,Pedestrian,Stormy,Urban Road,Under Construction,Dusk,20.5937,78.9629,Afternoon
Kannur,31-50,High Risk,Moving Backward,Bus,Foggy,Highways,Normal,Dusk,20.5937,78.9629,Night
Kannur,50+,High Risk,Driving carelessly,Car,Hazy,Urban Road,Wet,Daylight,20.5937,78.9629,Night
Kannur,18-30,High Risk,Driving to the left,Truck,Foggy,Urban Road,Under Construction,Daylight,20.5937,78.9629,Night
Raipur,31-50,Medium Risk,Driving to the left,Auto-Rickshaw,Clear,Highways,Normal,Daylight,20.5937,78.9629,Night
Kannur,18-30,High Risk,No priority to pedestrian,Car,Clear,National Highway,Dry,Daylight,20.5937,78.9629,Night
Rajkot,31-50,Low Risk,Changing lane to the left,Two-Wheeler,Clear,Highways,Normal,Daylight,20.5937,78.9629,Afternoon
Mumbai,31-50,Low Risk,Changing lane to the right,Pedestrian,Stormy,Highways,Normal,Daylight,19.076,72.8777,Morning
Kannur,31-50,High Risk,Driving carelessly,Car,Stormy,Urban Road,Wet,Dark,20.5937,78.9629,Afternoon
Kannur,18-30,Low Risk,No distancing,Car,Foggy,Highways,Normal,Dark,20.5937,78.9629,Morning
Kannur,18-30,Low Risk,Getting off the vehicle improperly,Bus,Stormy,Highways,Normal,Daylight,20.5937,78.9629,Morning
Kannur,18-30,Low Risk,Driving under the influence of drugs,Car,Clear,Highways,Normal,Daylight,20.5937,78.9629,Evening
Kannur,50+,High Risk,Changing lane to the right,Pedestrian,Clear,State Highway,Dry,Dawn,20.5937,78.9629,Morning
Kochi,18-30,Medium Risk,Driving carelessly,Cycle,Clear,Highways,Normal,Dusk,20.5937,78.9629,Morning
Kannur,18-30,High Risk,Moving Backward,Bus,Clear,Village Road,Dry,Daylight,20.5937,78.9629,Afternoon
Kannur,18-30,Medium Risk,Turnover,Pedestrian,Hazy,Highways,Normal,Dusk,20.5937,78.9629,Morning
Kannur,31-50,Low Risk,Changing lane to the right,Cycle,Foggy,National Highway,Under Construction,Dusk,20.5937,78.9629,Afternoon
Kannur,50+,Low Risk,Driving carelessly,Two-Wheeler,Stormy,State Highway,Damaged,Dusk,20.5937,78.9629,Morning
Kannur,31-50,Medium Risk,No priority to vehicle,Car,Clear,State Highway,Damaged,Daylight,20.5937,78.9629,Afternoon
Kanpur,18-30,Low Risk,Moving Backward,Bus,Clear,State Highway,Wet,Daylight,26.4499,80.3319,Afternoon
Kanpur,18-30,Low Risk,Changing lane to the left,Pedestrian,Clear,State Highway,Wet,Dusk,26.4499,80.3319,Night
Kanpur,18-30,Low Risk,Overturning,Two-Wheeler,Foggy,Urban Road,Wet,Dark,26.4499,80.3319,Night
Kanpur,18-30,Low Risk,No distancing,Two-Wheeler,Clear,State Highway,Dry,Dark,26.4499,80.3319,Morning
Kanpur,31-50,Low Risk,Driving carelessly,Car,Foggy,State Highway,Dry,Daylight,26.4499,80.3319,Evening
Nagpur,50+,Low Risk,No distancing,Two-Wheeler,Clear,Highways,Normal,Daylight,20.5937,78.9629,Afternoon
Kanpur,18-30,Low Risk,Changing lane to the left,Auto-Rickshaw,Clear,Highways,Normal,Dusk,26.4499,80.3319,Afternoon
Kanpur,18-30,Low Risk,No priority to pedestrian,Two-Wheeler,Foggy,State Highway,Damaged,Daylight,26.4499,80.3319,Evening
Kanpur,18-30,Low Risk,No distancing,Auto-Rickshaw,Clear,State Highway,Under Construction,Dark,26.4499,80.3319,Morning
Kanpur,18-30,Low Risk,No distancing,Two-Wheeler,Clear,State Highway,Damaged,Daylight,26.4499,80.3319,Afternoon
Kanpur,31-50,Low Risk,Changing lane to the left,Car,Clear,State Highway,Dry,Dawn,26.4499,80.3319,Afternoon
Kanpur,18-30,Low Risk,No distancing,Cycle,Rainy,Village Road,Dry,Dawn,26.4499,80.3319,Evening
Kanpur,18-30,Low Risk,Changing lane to the left,Truck,Foggy,Urban Road,Dry,Daylight,26.4499,80.3319,Morning
Kanpur,18-30,Low Risk,No distancing,Two-Wheeler,Clear,State Highway,Wet,Daylight,26.4499,80.3319,Afternoon
Kanpur,31-50,Low Risk,No distancing,Auto-Rickshaw,Clear,Highways,Normal,Dark,26.4499,80.3319,Evening
Kanpur,18-30,Low Risk,No distancing,Truck,Clear,State Highway,Under Construction,Dark,26.4499,80.3319,Night
Nagpur,31-50,Low Risk,Changing lane to the left,Pedestrian,Clear,Highways,Normal,Dawn,20.5937,78.9629,Morning
Kanpur,18-30,Low Risk,Changing lane to the right,Bus,Clear,National Highway,Wet,Daylight,26.4499,80.3319,Evening
Dhanbad,18-30,Low Risk,Moving Backward,Cycle,Clear,Highways,Normal,Daylight,20.5937,78.9629,Afternoon
Kanpur,18-30,Low Risk,Changing lane to the right,Auto-Rickshaw,Stormy,Village Road,Dry,Dusk,26.4499,80.3319,Evening
Kanpur,18-30,Low Risk,No distancing,Bus,Hazy,Highways,Normal,Daylight,26.4499,80.3319,Night
Madurai,18-30,Low Risk,Overtaking,Car,Stormy,Highways,Normal,Daylight,20.5937,78.9629,Afternoon
Kanpur,31-50,Low Risk,Other,Pedestrian,Hazy,Village Road,Dry,Daylight,26.4499,80.3319,Morning
Kanpur,18-30,High Risk,Other,Truck,Hazy,Village Road,Wet,Dark,26.4499,80.3319,Night
Kanpur,18-30,Low Risk,Changing lane to the right,Auto-Rickshaw,Hazy,State Highway,Damaged,Daylight,26.4499,80.3319,Night
Kanpur,31-50,Low Risk,No priority to pedestrian,Pedestrian,Clear,Urban Road,Damaged,Dusk,26.4499,80.3319,Night
Kanpur,18-30,Low Risk,No priority to vehicle,Car,Stormy,Highways,Normal,Dusk,26.4499,80.3319,Afternoon
Kanpur,18-30,Low Risk,Changing lane to the left,Two-Wheeler,Clear,National Highway,Damaged,Daylight,26.4499,80.3319,Afternoon
Amritsar,18-30,Low Risk,Changing lane to the left,Car,Hazy,Highways,Normal,Daylight,20.5937,78.9629,Night
Kanpur,18-30,Low Risk,Overtaking,Car,Hazy,Village Road,Under Construction,Daylight,26.4499,80.3319,Evening
Kanpur,18-30,Low Risk,No distancing,Car,Foggy,Village Road,Damaged,Dark,26.4499,80.3319,Evening
Kanpur,18-30,Low Risk,No priority to vehicle,Two-Wheeler,Rainy,Urban Road,Damaged,Dark,26.4499,80.3319,Morning
Kanpur,18-30,Low Risk,Changing lane to the right,Car,Stormy,Urban Road,Wet,Dawn,26.4499,80.3319,Morning
Kanpur,18-30,Low Risk,Changing lane to the left,Truck,Hazy,Village Road,Dry,Daylight,26.4499,80.3319,Morning
Kanpur,18-30,Low Risk,No distancing,Car,Hazy,Highways,Normal,Daylight,26.4499,80.3319,Night
Kanpur,50+,Low Risk,Driving carelessly,Truck,Hazy,Highways,Normal,Dark,26.4499,80.3319,Evening
Khozikode,18-30,Low Risk,No priority to pedestrian,Car,Clear,Highways,Normal,Dusk,20.5937,78.9629,Morning
Khozikode,18-30,Low Risk,Driving carelessly,Car,Rainy,National Highway,Dry,Dusk,20.5937,78.9629,Morning
Khozikode,18-30,Low Risk,Moving Backward,Truck,Hazy,Urban Road,Under Construction,Dark,20.5937,78.9629,Afternoon
Khozikode,18-30,Low Risk,No distancing,Truck,Clear,Highways,Normal,Daylight,20.5937,78.9629,Night
Khozikode,18-30,Medium Risk,No distancing,Car,Clear,Urban Road,Dry,Dawn,20.5937,78.9629,Afternoon
Khozikode,18-30,Low Risk,No distancing,Car,Clear,Highways,Normal,Dawn,20.5937,78.9629,Night
Khozikode,18-30,Low Risk,Changing lane to the left,Pedestrian,Foggy,Highways,Normal,Dusk,20.5937,78.9629,Evening
Patna,31-50,Low Risk,Changing lane to the left,Cycle,Stormy,Highways,Normal,Dusk,25.5941,85.1376,Morning
Khozikode,18-30,Low Risk,Moving Backward,Bus,Foggy,Highways,Normal,Dark,20.5937,78.9629,Morning
Khozikode,18-30,Low Risk,Changing lane to the right,Pedestrian,Foggy,State Highway,Damaged,Dusk,20.5937,78.9629,Afternoon
Khozikode,18-30,Low Risk,No priority to vehicle,Two-Wheeler,Hazy,National Highway,Dry,Dawn,20.5937,78.9629,Evening
Jabalpur,18-30,Medium Risk,Moving Backward,Car,Clear,Highways,Normal,Dark,20.5937,78.9629,Morning
Khozikode,18-30,Low Risk,Driving carelessly,Pedestrian,Rainy,Village Road,Wet,Daylight,20.5937,78.9629,Evening
Khozikode,31-50,Low Risk,Driving carelessly,Bus,Hazy,Highways,Normal,Dark,20.5937,78.9629,Night
Khozikode,31-50,Low Risk,Driving under the influence of drugs,Car,Hazy,Urban Road,Under Construction,Daylight,20.5937,78.9629,Afternoon
Khozikode,18-30,Medium Risk,No priority to pedestrian,Pedestrian,Clear,State Highway,Normal,Daylight,20.5937,78.9629,Afternoon
Khozikode,31-50,Medium Risk,No priority to vehicle,Cycle,Hazy,State Highway,Wet,Daylight,20.5937,78.9629,Evening
Thrissur,31-50,Low Risk,Driving carelessly,Pedestrian,Foggy,Highways,Normal,Daylight,20.5937,78.9629,Morning
Khozikode,18-30,Medium Risk,Moving Backward,Bus,Clear,State Highway,Damaged,Daylight,20.5937,78.9629,Morning
Khozikode,31-50,Medium Risk,Driving carelessly,Auto-Rickshaw,Rainy,Highways,Normal,Daylight,20.5937,78.9629,Afternoon
Khozikode,31-50,Low Risk,No priority to vehicle,Bus,Stormy,National Highway,Under Construction,Daylight,20.5937,78.9629,Night
Khozikode,31-50,Low Risk,Changing lane to the right,Pedestrian,Clear,State Highway,Damaged,Dawn,20.5937,78.9629,Afternoon
Khozikode,18-30,Low Risk,Changing lane to the left,Pedestrian,Foggy,National Highway,Under Construction,Daylight,20.5937,78.9629,Night
Khozikode,18-30,Low Risk,No priority to vehicle,Truck,Clear,National Highway,Damaged,Dusk,20.5937,78.9629,Afternoon
Khozikode,18-30,Low Risk,Driving carelessly,Bus,Stormy,Highways,Normal,Daylight,20.5937,78.9629,Morning
Khozikode,18-30,Low Risk,Moving Backward,Two-Wheeler,Clear,Urban Road,Dry,Daylight,20.5937,78.9629,Morning
Khozikode,31-50,Low Risk,No distancing,Car,Rainy,Village Road,Under Construction,Dark,20.5937,78.9629,Morning
Khozikode,31-50,Medium Risk,Changing lane to the left,Two-Wheeler,Clear,Highways,Normal,Daylight,20.5937,78.9629,Night
Khozikode,31-50,Low Risk,Changing lane to the left,Pedestrian,Clear,State Highway,Damaged,Daylight,20.5937,78.9629,Afternoon
Khozikode,31-50,Low Risk,No distancing,Two-Wheeler,Foggy,Highways,Normal,Dark,20.5937,78.9629,Night
Khozikode,18-30,Low Risk,Changing lane to the left,Cycle,Clear,State Highway,Damaged,Daylight,20.5937,78.9629,Afternoon
Khozikode,18-30,Low Risk,Driving carelessly,Bus,Foggy,National Highway,Dry,Dusk,20.5937,78.9629,Night
Khozikode,18-30,Low Risk,Changing lane to the left,Truck,Clear,National Highway,Wet,Dusk,20.5937,78.9629,Afternoon
Khozikode,18-30,Low Risk,No distancing,Auto-Rickshaw,Hazy,Urban Road,Wet,Daylight,20.5937,78.9629,Morning
Khozikode,18-30,Low Risk,Changing lane to the right,Pedestrian,Clear,Urban Road,Wet,Daylight,20.5937,78.9629,Afternoon
Khozikode,31-50,Low Risk,No distancing,Auto-Rickshaw,Clear,National Highway,Damaged,Daylight,20.5937,78.9629,Night
Kochi,50+,Low Risk,Driving to the left,Car,Foggy,Urban Road,Under Construction,Daylight,20.5937,78.9629,Morning
Kochi,18-30,Low Risk,No distancing,Bus,Hazy,National Highway,Dry,Daylight,20.5937,78.9629,Afternoon
Kochi,18-30,Low Risk,Overtaking,Truck,Clear,National Highway,Dry,Dark,20.5937,78.9629,Night
Kochi,18-30,Low Risk,Driving under the influence of drugs,Two-Wheeler,Hazy,Highways,Normal,Daylight,20.5937,78.9629,Evening
Kochi,18-30,Low Risk,No priority to pedestrian,Auto-Rickshaw,Rainy,National Highway,Damaged,Daylight,20.5937,78.9629,Night
Kochi,18-30,Low Risk,Moving Backward,Cycle,Foggy,State Highway,Damaged,Dark,20.5937,78.9629,Evening
Kochi,18-30,Low Risk,Changing lane to the right,Car,Rainy,Urban Road,Dry,Dawn,20.5937,78.9629,Morning
Kochi,18-30,Low Risk,Changing lane to the left,Two-Wheeler,Foggy,Highways,Normal,Dawn,20.5937,78.9629,Evening
Kochi,18-30,Low Risk,Changing lane to the right,Cycle,Clear,State Highway,Damaged,Daylight,20.5937,78.9629,Night
Kochi,18-30,Low Risk,Driving under the influence of drugs,Auto-Rickshaw,Clear,State Highway,Under Construction,Dark,20.5937,78.9629,Night
Kanpur,50+,Medium Risk,No priority to vehicle,Auto-Rickshaw,Clear,Highways,Normal,Dark,26.4499,80.3319,Evening
Kochi,18-30,Low Risk,No priority to vehicle,Auto-Rickshaw,Clear,State Highway,Dry,Daylight,20.5937,78.9629,Afternoon
Rajkot,18-30,Low Risk,Changing lane to the left,Car,Rainy,Highways,Normal,Dawn,20.5937,78.9629,Night
Kochi,18-30,Low Risk,Changing lane to the right,Cycle,Foggy,Urban Road,Under Construction,Daylight,20.5937,78.9629,Morning
Kochi,18-30,Low Risk,Changing lane to the right,Car,Clear,Urban Road,Wet,Dawn,20.5937,78.9629,Evening
Kochi,50+,Low Risk,Changing lane to the left,Auto-Rickshaw,Rainy,Urban Road,Wet,Dawn,20.5937,78.9629,Afternoon
Kochi,18-30,Low Risk,Changing lane to the left,Auto-Rickshaw,Rainy,Highways,Normal,Dark,20.5937,78.9629,Night
Kochi,18-30,Low Risk,Getting off the vehicle improperly,Cycle,Stormy,State Highway,Normal,Dusk,20.5937,78.9629,Morning
Kochi,18-30,Low Risk,Overtaking,Auto-Rickshaw,Clear,National Highway,Under Construction,Dawn,20.5937,78.9629,Night
Kochi,31-50,Low Risk,Changing lane to the left,Truck,Clear,State Highway,Damaged,Dark,20.5937,78.9629,Morning
Kochi,18-30,Low Risk,Driving under the influence of drugs,Truck,Clear,Highways,Normal,Daylight,20.5937,78.9629,Night
Kochi,31-50,Low Risk,Driving carelessly,Truck,Clear,State Highway,Under Construction,Dusk,20.5937,78.9629,Evening
Pune,18-30,Low Risk,Moving Backward,Pedestrian,Hazy,Highways,Normal,Dark,18.5204,73.8567,Evening
Kochi,31-50,Low Risk,No distancing,Cycle,Hazy,State Highway,Under Construction,Daylight,20.5937,78.9629,Afternoon
Kochi,18-30,Low Risk,No priority to vehicle,Auto-Rickshaw,Clear,National Highway,Damaged,Daylight,20.5937,78.9629,Evening
Kochi,31-50,Low Risk,Overturning,Bus,Foggy,Village Road,Under Construction,Daylight,20.5937,78.9629,Evening
Kochi,50+,Low Risk,Changing lane to the left,Auto-Rickshaw,Stormy,State Highway,Dry,Dawn,20.5937,78.9629,Evening
Kochi,18-30,Low Risk,No distancing,Car,Clear,State Highway,Dry,Daylight,20.5937,78.9629,Afternoon
Kochi,18-30,Low Risk,Moving Backward,Bus,Foggy,Highways,Normal,Dusk,20.5937,78.9629,Morning
Kochi,18-30,Low Risk,No priority to vehicle,Auto-Rickshaw,Clear,State Highway,Damaged,Daylight,20.5937,78.9629,Evening
Kochi,18-30,Low Risk,No priority to vehicle,Auto-Rickshaw,Clear,Village Road,Wet,Daylight,20.5937,78.9629,Morning
Kochi,18-30,Low Risk,No distancing,Auto-Rickshaw,Rainy,State Highway,Wet,Daylight,20.5937,78.9629,Evening
Kochi,31-50,Low Risk,No distancing,Truck,Clear,National Highway,Damaged,Dark,20.5937,78.9629,Morning
Kochi,18-30,Low Risk,Overtaking,Bus,Clear,Urban Road,Dry,Dark,20.5937,78.9629,Afternoon
Kochi,18-30,Low Risk,Driving under the influence of drugs,Pedestrian,Stormy,Urban Road,Normal,Dark,20.5937,78.9629,Night
Kochi,18-30,Low Risk,Changing lane to the right,Car,Rainy,National Highway,Damaged,Dark,20.5937,78.9629,Evening
Kolkata,31-50,Low Risk,Changing lane to the left,Cycle,Foggy,State Highway,Dry,Daylight,22.5726,88.3639,Evening
Kolkata,31-50,Low Risk,Driving carelessly,Pedestrian,Stormy,National Highway,Wet,Daylight,22.5726,88.3639,Morning
Faridabad,18-30,Medium Risk,Moving Backward,Pedestrian,Clear,Highways,Normal,Dawn,20.5937,78.9629,Morning
Kolkata,50+,Low Risk,Moving Backward,Car,Clear,National Highway,Dry,Dusk,22.5726,88.3639,Night
Kolkata,18-30,Low Risk,Changing lane to the right,Bus,Foggy,Village Road,Dry,Daylight,22.5726,88.3639,Afternoon
Kannur,18-30,Medium Risk,No priority to vehicle,Car,Clear,Highways,Normal,Daylight,20.5937,78.9629,Morning
Kolkata,18-30,Low Risk,Driving at high speed,Car,Stormy,State Highway,Damaged,Daylight,22.5726,88.3639,Morning
Vijaywada city,31-50,Low Risk,Driving under the influence of drugs,Pedestrian,Clear,Highways,Normal,Daylight,20.5937,78.9629,Morning
Agra,31-50,Low Risk,Changing lane to the right,Car,Clear,Highways,Normal,Daylight,27.1767,78.0081,Afternoon
Kolkata,18-30,Low Risk,Driving carelessly,Bus,Hazy,National Highway,Normal,Dark,22.5726,88.3639,Night
Kolkata,18-30,Low Risk,No distancing,Truck,Clear,Village Road,Under Construction,Daylight,22.5726,88.3639,Night
Kolkata,18-30,Low Risk,Changing lane to the left,Pedestrian,Clear,State Highway,Damaged,Daylight,22.5726,88.3639,Night
Raipur,18-30,Low Risk,No distancing,Pedestrian,Clear,Highways,Normal,Dusk,20.5937,78.9629,Morning
Kolkata,31-50,Low Risk,No distancing,Two-Wheeler,Clear,Urban Road,Wet,Dark,22.5726,88.3639,Night
Kolkata,50+,Medium Risk,Getting off the vehicle improperly,Two-Wheeler,Clear,Highways,Normal,Dusk,22.5726,88.3639,Evening
Kolkata,18-30,Low Risk,Overtaking,Cycle,Rainy,State Highway,Dry,Dusk,22.5726,88.3639,Evening
Kolkata,18-30,Low Risk,Driving carelessly,Pedestrian,Clear,National Highway,Wet,Daylight,22.5726,88.3639,Night