Million_Plus_Cities,Age_band_of_driver,Accident_severity,Cause_of_accident,Vehicle Type Involved,Weather Conditions,Road Type,Road Condition,Lighting Conditions,Latitude,Longitude,Time_Block
Ahmedabad,18-30,Low Risk,Driving under the influence of drugs,Auto-Rickshaw,Stormy,Highways,Normal,Dawn,23.0225,72.5714,Evening
Kolkata,31-50,Medium Risk,Moving Backward,Two-Wheeler,Clear,Highways,Normal,Daylight,22.5726,88.3639,Night
Kolkata,18-30,Low Risk,Overturning,Cycle,Clear,National Highway,Wet,Daylight,22.5726,88.3639,Morning
Kolkata,18-30,Low Risk,Driving under the influence of drugs,Pedestrian,Hazy,Village Road,Dry,Dawn,22.5726,88.3639,Evening
Kolkata,18-30,Low Risk,Changing lane to the right,Car,Clear,Highways,Normal,Daylight,22.5726,88.3639,Afternoon
Kolkata,18-30,Low Risk,Changing lane to the left,Cycle,Foggy,National Highway,Wet,Dawn,22.5726,88.3639,Afternoon
Rajkot,18-30,Low Risk,No distancing,Pedestrian,Clear,Highways,Normal,Daylight,20.5937,78.9629,Night
Surat,18-30,Medium Risk,No distancing,Bus,Stormy,Highways,Normal,Dark,21.1702,72.8311,Afternoon
Kolkata,18-30,Low Risk,No priority to vehicle,Cycle,Rainy,State Highway,Wet,Daylight,22.5726,88.3639,Morning
Kolkata,18-30,Low Risk,Moving Backward,Bus,Clear,Urban Road,Dry,Daylight,22.5726,88.3639,Night
Kolkata,18-30,Medium Risk,Moving Backward,Auto-Rickshaw,Clear,Highways,Normal,Dusk,22.5726,88.3639,Night
Ludhiana,18-30,Low Risk,Getting off the vehicle improperly,Two-Wheeler,Rainy,Highways,Normal,Dawn,20.5937,78.9629,Night
Kolkata,18-30,Low Risk,Changing lane to the left,Car,Clear,State Highway,Wet,Daylight,22.5726,88.3639,Evening
Kolkata,18-30,Low Risk,Changing lane to the left,Cycle,Hazy,State Highway,Under Construction,Daylight,22.5726,88.3639,Night
Kolkata,18-30,Low Risk,No priority to vehicle,Cycle,Foggy,Highways,Normal,Dawn,22.5726,88.3639,Night
Kolkata,18-30,Low Risk,Changing lane to the right,Auto-Rickshaw,Rainy,Urban Road,Under Construction,Daylight,22.5726,88.3639,Afternoon
Kolkata,18-30,Low Risk,Changing lane to the right,Car,Clear,Highways,Normal,Daylight,22.5726,88.3639,Morning
Kolkata,31-50,Low Risk,Driving carelessly,Auto-Rickshaw,Clear,Urban Road,Dry,Dark,22.5726,88.3639,Morning
Kolkata,18-30,Low Risk,Changing lane to the left,Two-Wheeler,Rainy,Highways,Normal,Dawn,22.5726,88.3639,Night
Kollam,31-50,Low Risk,Changing lane to the right,Auto-Rickshaw,Foggy,Highways,Normal,Daylight,20.5937,78.9629,Night
Kollam,18-30,Low Risk,Driving under the influence of drugs,Bus,Clear,Village Road,Dry,Dusk,20.5937,78.9629,Night
Kollam,18-30,Low Risk,Driving carelessly,Pedestrian,Clear,Highways,Normal,Daylight,20.5937,78.9629,Night
Kollam,18-30,Low Risk,No distancing,Bus,Hazy,Highways,Normal,Dawn,20.5937,78.9629,Afternoon
Kollam,18-30,Low Risk,No priority to vehicle,Cycle,Foggy,Highways,Normal,Dusk,20.5937,78.9629,Morning
Gwalior,18-30,Low Risk,No priority to vehicle,Auto-Rickshaw,Stormy,Highways,Normal,Daylight,20.5937,78.9629,Night
Kollam,18-30,Low Risk,No priority to vehicle,Auto-Rickshaw,Hazy,Highways,Normal,Dusk,20.5937,78.9629,Night
Kollam,18-30,Low Risk,Changing lane to the left,Bus,Clear,Urban Road,Damaged,Dark,20.5937,78.9629,Night
Kollam,31-50,Low Risk,Moving Backward,Car,Clear,Urban Road,Wet,Dusk,20.5937,78.9629,Afternoon
Kollam,18-30,Low Risk,Driving carelessly,Car,Stormy,National Highway,Under Construction,Daylight,20.5937,78.9629,Afternoon
Kollam,31-50,Low Risk,Driving under the influence of drugs,Pedestrian,Clear,National Highway,Dry,Daylight,20.5937,78.9629,Morning
Kollam,18-30,Low Risk,Changing lane to the right,Bus,Stormy,State Highway,Dry,Dusk,20.5937,78.9629,Morning
Kollam,18-30,Low Risk,No priority to vehicle,Cycle,Rainy,State Highway,Under Construction,Dusk,20.5937,78.9629,Evening
Kollam,50+,Low Risk,Changing lane to the right,Pedestrian,Clear,State Highway,Wet,Dawn,20.5937,78.9629,Afternoon
Kollam,50+,Low Risk,Driving to the left,Auto-Rickshaw,Rainy,National Highway,Wet,Dusk,20.5937,78.9629,Night
Faridabad,31-50,Low Risk,Moving Backward,Car,Rainy,Highways,Normal,Daylight,20.5937,78.9629,Night
Kollam,31-50,Low Risk,No priority to vehicle,Car,Foggy,Village Road,Dry,Dawn,20.5937,78.9629,Evening
Kollam,18-30,Low Risk,No distancing,Cycle,Hazy,Village Road,Damaged,Daylight,20.5937,78.9629,Afternoon
Kollam,31-50,Low Risk,Driving carelessly,Truck,Rainy,National Highway,Under Construction,Daylight,20.5937,78.9629,Morning
Kollam,31-50,Low Risk,Changing lane to the left,Car,Rainy,Village Road,Damaged,Dark,20.5937,78.9629,Morning
Kollam,31-50,Low Risk,No priority to vehicle,Car,Clear,State Highway,Dry,Dawn,20.5937,78.9629,Morning
Kollam,31-50,Medium Risk,No priority to vehicle,Truck,Clear,Highways,Normal,Daylight,20.5937,78.9629,Morning
Kollam,31-50,Low Risk,No distancing,Car,Clear,Urban Road,Wet,Daylight,20.5937,78.9629,Night
Kollam,50+,Medium Risk,Driving to the left,Car,Clear,Highways,Normal,Dawn,20.5937,78.9629,Night
Ghaziabad,18-30,Low Risk,Driving carelessly,Pedestrian,Clear,Highways,Normal,Dawn,20.5937,78.9629,Evening
Kochi,18-30,Low Risk,Driving carelessly,Bus,Clear,Highways,Normal,Daylight,20.5937,78.9629,Night
Kollam,18-30,Low Risk,Changing lane to the right,Two-Wheeler,Clear,Village Road,Dry,Daylight,20.5937,78.9629,Afternoon
Kota,31-50,Low Risk,Driving carelessly,Auto-Rickshaw,Rainy,Highways,Normal,Daylight,20.5937,78.9629,Night
Kollam,18-30,Low Risk,Changing lane to the left,Pedestrian,Clear,Village Road,Wet,Dusk,20.5937,78.9629,Evening
Kollam,31-50,Low Risk,Driving carelessly,Pedestrian,Clear,Village Road,Dry,Daylight,20.5937,78.9629,Evening
Kollam,31-50,Low Risk,Driving carelessly,Two-Wheeler,Rainy,State Highway,Normal,Daylight,20.5937,78.9629,Evening
Chandigarh,31-50,Low Risk,Driving under the influence of drugs,Car,Clear,Highways,Normal,Dusk,20.5937,78.9629,Night
Kollam,31-50,Low Risk,Driving carelessly,Car,Hazy,Village Road,Dry,Daylight,20.5937,78.9629,Afternoon
Kollam,18-30,Medium Risk,No distancing,Car,Clear,Highways,Normal,Dusk,20.5937,78.9629,Night
Kollam,31-50,Medium Risk,Driving carelessly,Pedestrian,Rainy,State Highway,Damaged,Dawn,20.5937,78.9629,Morning
Kollam,18-30,Low Risk,Driving to the left,Car,Clear,Highways,Normal,Dark,20.5937,78.9629,Night
Kota,31-50,Medium Risk,Overtaking,Cycle,Clear,Highways,Normal,Dusk,20.5937,78.9629,Night
Kota,18-30,Low Risk,No distancing,Car,Foggy,State Highway,Dry,Daylight,20.5937,78.9629,Afternoon
Kota,50+,Medium Risk,Driving carelessly,Car,Clear,State Highway,Dry,Daylight,20.5937,78.9629,Night
Kota,50+,Low Risk,No priority to vehicle,Cycle,Stormy,National Highway,Wet,Dark,20.5937,78.9629,Afternoon
Kanpur,31-50,Low Risk,No priority to vehicle,Two-Wheeler,Clear,Highways,Normal,Dawn,26.4499,80.3319,Night
Kota,18-30,Low Risk,No priority to vehicle,Cycle,Rainy,National Highway,Under Construction,Dusk,20.5937,78.9629,Night
Kota,18-30,Low Risk,No priority to vehicle,Auto-Rickshaw,Clear,Village Road,Under Construction,Dawn,20.5937,78.9629,Night
Kanpur,18-30,Low Risk,No distancing,Truck,Hazy,Highways,Normal,Dawn,26.4499,80.3319,Afternoon
Dhanbad,18-30,Low Risk,Moving Backward,Car,Clear,Highways,Normal,Daylight,20.5937,78.9629,Morning
Kota,31-50,Low Risk,No distancing,Car,Clear,National Highway,Damaged,Daylight,20.5937,78.9629,Afternoon
Kota,18-30,Low Risk,Changing lane to the left,Car,Clear,Highways,Normal,Dusk,20.5937,78.9629,Evening
Kota,31-50,Low Risk,Changing lane to the left,Truck,Clear,Village Road,Wet,Dawn,20.5937,78.9629,Night
Kota,18-30,Low Risk,No priority to pedestrian,Truck,Rainy,National Highway,Damaged,Daylight,20.5937,78.9629,Afternoon
Kota,18-30,Low Risk,Moving Backward,Car,Clear,State Highway,Wet,Dawn,20.5937,78.9629,Afternoon
Kota,18-30,Low Risk,Changing lane to the left,Car,Hazy,Urban Road,Damaged,Daylight,20.5937,78.9629,Night
Kota,18-30,Low Risk,No distancing,Pedestrian,Clear,National Highway,Dry,Dark,20.5937,78.9629,Afternoon
Kota,18-30,Medium Risk,No priority to vehicle,Auto-Rickshaw,Stormy,Highways,Normal,Dark,20.5937,78.9629,Morning
Kota,18-30,Low Risk,Changing lane to the right,Pedestrian,Foggy,Village Road,Under Construction,Dawn,20.5937,78.9629,Afternoon
Kota,18-30,Low Risk,No distancing,Auto-Rickshaw,Rainy,State Highway,Dry,Daylight,20.5937,78.9629,Night
Kota,50+,Low Risk,No distancing,Pedestrian,Clear,State Highway,Dry,Daylight,20.5937,78.9629,Night
Kota,50+,Low Risk,Getting off the vehicle improperly,Car,Hazy,Urban Road,Under Construction,Dark,20.5937,78.9629,Night
Raipur,50+,Low Risk,No priority to pedestrian,Pedestrian,Rainy,Highways,Normal,Daylight,20.5937,78.9629,Morning
Kota,18-30,Low Risk,Changing lane to the left,Cycle,Stormy,National Highway,Dry,Dark,20.5937,78.9629,Night
Kota,18-30,Low Risk,No distancing,Pedestrian,Hazy,Village Road,Dry,Dawn,20.5937,78.9629,Afternoon
Kota,18-30,Medium Risk,Driving carelessly,Cycle,Clear,Highways,Normal,Daylight,20.5937,78.9629,Morning
Kota,31-50,Low Risk,No distancing,Car,Clear,National Highway,Wet,Daylight,20.5937,78.9629,Evening
Kota,18-30,Low Risk,Changing lane to the right,Auto-Rickshaw,Rainy,Village Road,Under Construction,Daylight,20.5937,78.9629,Afternoon
Kota,18-30,Low Risk,Overtaking,Car,Foggy,Urban Road,Damaged,Dusk,20.5937,78.9629,Afternoon
Kota,31-50,Medium Risk,Driving carelessly,Two-Wheeler,Clear,Highways,Normal,Dawn,20.5937,78.9629,Afternoon
Kota,31-50,Low Risk,Moving Backward,Car,Rainy,State Highway,Damaged,Dusk,20.5937,78.9629,Night
Kota,18-30,Low Risk,No distancing,Pedestrian,Clear,Highways,Normal,Daylight,20.5937,78.9629,Night
Kota,31-50,Low Risk,Overtaking,Two-Wheeler,Clear,State Highway,Dry,Dark,20.5937,78.9629,Evening
Kota,18-30,Low Risk,Driving carelessly,Car,Rainy,State Highway,Dry,Daylight,20.5937,78.9629,Afternoon
Kota,18-30,Low Risk,Driving carelessly,Truck,Hazy,Highways,Normal,Dark,20.5937,78.9629,Night
Kota,18-30,Low Risk,Moving Backward,Car,Clear,State Highway,Dry,Daylight,20.5937,78.9629,Night
Kota,31-50,Low Risk,Driving carelessly,Pedestrian,Rainy,Village Road,Under Construction,Dawn,20.5937,78.9629,Morning
Lucknow,18-30,Low Risk,Driving to the left,Auto-Rickshaw,Hazy,Urban Road,Under Construction,Dark,26.8467,80.9462,Morning
Lucknow,18-30,Low Risk,Changing lane to the left,Two-Wheeler,Clear,National Highway,Wet,Dark,26.8467,80.9462,Morning
Lucknow,50+,Low Risk,No distancing,Truck,Foggy,National Highway,Under Construction,Daylight,26.8467,80.9462,Morning
Lucknow,18-30,Low Risk,No distancing,Cycle,Stormy,State Highway,Dry,Dawn,26.8467,80.9462,Evening
Lucknow,18-30,Low Risk,Changing lane to the right,Two-Wheeler,Clear,Urban Road,Dry,Dark,26.8467,80.9462,Morning
Lucknow,18-30,Low Risk,Driving under the influence of drugs,Cycle,Clear,State Highway,Under Construction,Daylight,26.8467,80.9462,Night
Nashik,31-50,Low Risk,Changing lane to the right,Car,Rainy,Highways,Normal,Daylight,20.5937,78.9629,Night
Lucknow,18-30,High Risk,Changing lane to the left,Two-Wheeler,Stormy,State Highway,Under Construction,Daylight,26.8467,80.9462,Night
Lucknow,18-30,Low Risk,Moving Backward,Auto-Rickshaw,Clear,Urban Road,Dry,Dawn,26.8467,80.9462,Evening
Lucknow,18-30,Low Risk,No distancing,Pedestrian,Rainy,Village Road,Normal,Dusk,26.8467,80.9462,Morning
Lucknow,31-50,Low Risk,Changing lane to the right,Car,Clear,Village Road,Dry,Daylight,26.8467,80.9462,Morning
Lucknow,18-30,Low Risk,Moving Backward,Auto-Rickshaw,Clear,Urban Road,Dry,Dark,26.8467,80.9462,Morning
Lucknow,31-50,Low Risk,No distancing,Bus,Stormy,Highways,Normal,Dark,26.8467,80.9462,Evening
Lucknow,31-50,Low Risk,Driving to the left,Two-Wheeler,Hazy,National Highway,Dry,Daylight,26.8467,80.9462,Afternoon
Lucknow,31-50,Low Risk,Driving to the left,Car,Hazy,Highways,Normal,Daylight,26.8467,80.9462,Night
Lucknow,31-50,Low Risk,Moving Backward,Two-Wheeler,Clear,National Highway,Damaged,Daylight,26.8467,80.9462,Evening
Lucknow,31-50,Low Risk,Moving Backward,Pedestrian,Foggy,Village Road,Dry,Dawn,26.8467,80.9462,Afternoon
Lucknow,18-30,Low Risk,Overtaking,Auto-Rickshaw,Stormy,National Highway,Damaged,Daylight,26.8467,80.9462,Night
Lucknow,18-30,Low Risk,Driving carelessly,Two-Wheeler,Rainy,Highways,Normal,Dawn,26.8467,80.9462,Night
Lucknow,18-30,Low Risk,Changing lane to the left,Cycle,Rainy,State Highway,Under Construction,Dawn,26.8467,80.9462,Night
Lucknow,18-30,Low Risk,Driving under the influence of drugs,Pedestrian,Foggy,State Highway,Wet,Dusk,26.8467,80.9462,Night
Lucknow,18-30,Low Risk,No distancing,Pedestrian,Foggy,National Highway,Damaged,Dawn,26.8467,80.9462,Afternoon
Lucknow,18-30,Medium Risk,Moving Backward,Two-Wheeler,Clear,Highways,Normal,Dusk,26.8467,80.9462,Night
Surat,18-30,Low Risk,Changing lane to the left,Bus,Hazy,Highways,Normal,Dusk,21.1702,72.8311,Afternoon
Lucknow,31-50,Low Risk,Changing lane to the right,Bus,Rainy,Urban Road,Damaged,Dawn,26.8467,80.9462,Afternoon
Lucknow,18-30,Low Risk,No distancing,Auto-Rickshaw,Clear,State Highway,Dry,Dark,26.8467,80.9462,Night
Lucknow,18-30,Low Risk,Driving at high speed,Truck,Clear,Urban Road,Dry,Daylight,26.8467,80.9462,Evening
Lucknow,18-30,Low Risk,Changing lane to the right,Two-Wheeler,Clear,State Highway,Under Construction,Daylight,26.8467,80.9462,Night
Lucknow,18-30,Low Risk,No priority to vehicle,Car,Clear,Highways,Normal,Daylight,26.8467,80.9462,Morning
Lucknow,18-30,Medium Risk,No distancing,Bus,Stormy,Highways,Normal,Daylight,26.8467,80.9462,Evening
Lucknow,31-50,Low Risk,Turnover,Truck,Clear,Urban Road,Damaged,Dawn,26.8467,80.9462,Night
Lucknow,18-30,Medium Risk,No distancing,Pedestrian,Clear,Urban Road,Dry,Dawn,26.8467,80.9462,Afternoon
Lucknow,18-30,Medium Risk,Changing lane to the right,Cycle,Clear,Urban Road,Under Construction,Dusk,26.8467,80.9462,Afternoon
Lucknow,18-30,Low Risk,No distancing,Bus,Clear,Urban Road,Under Construction,Dawn,26.8467,80.9462,Night
Lucknow,18-30,Low Risk,Changing lane to the left,Car,Stormy,National Highway,Dry,Dusk,26.8467,80.9462,Morning
Lucknow,50+,Low Risk,Driving carelessly,Bus,Clear,Urban Road,Under Construction,Dark,26.8467,80.9462,Evening
Ludhiana,18-30,Low Risk,Changing lane to the right,Car,Clear,Village Road,Under Construction,Dusk,20.5937,78.9629,Morning
Ludhiana,18-30,Medium Risk,No priority to vehicle,Bus,Clear,Village Road,Damaged,Daylight,20.5937,78.9629,Night
Ludhiana,18-30,Medium Risk,No distancing,Bus,Clear,Urban Road,Wet,Daylight,20.5937,78.9629,Afternoon
Ludhiana,18-30,Low Risk,No priority to pedestrian,Car,Hazy,Highways,Normal,Dark,20.5937,78.9629,Morning
Lucknow,31-50,Low Risk,No priority to pedestrian,Cycle,Hazy,Highways,Normal,Dusk,26.8467,80.9462,Night
Ludhiana,18-30,Low Risk,No priority to vehicle,Cycle,Clear,Highways,Normal,Dawn,20.5937,78.9629,Afternoon
Ludhiana,31-50,Low Risk,Changing lane to the left,Truck,Clear,National Highway,Wet,Dark,20.5937,78.9629,Morning
Ludhiana,18-30,Low Risk,Changing lane to the left,Car,Stormy,Village Road,Wet,Dark,20.5937,78.9629,Evening
Ludhiana,18-30,Low Risk,No distancing,Two-Wheeler,Clear,Urban Road,Wet,Daylight,20.5937,78.9629,Evening
Ludhiana,18-30,Low Risk,No priority to vehicle,Two-Wheeler,Hazy,National Highway,Wet,Daylight,20.5937,78.9629,Afternoon
Ludhiana,50+,Low Risk,No distancing,Two-Wheeler,Stormy,Urban Road,Under Construction,Dawn,20.5937,78.9629,Afternoon
Asansol Durgapur,18-30,Medium Risk,No distancing,Two-Wheeler,Clear,Highways,Normal,Dark,20.5937,78.9629,Morning
Ludhiana,18-30,Medium Risk,Changing lane to the right,Bus,Clear,Highways,Normal,Daylight,20.5937,78.9629,Night
Khozikode,31-50,Low Risk,Changing lane to the left,Cycle,Rainy,Highways,Normal,Daylight,20.5937,78.9629,Night
Ludhiana,31-50,Low Risk,No distancing,Cycle,Clear,Urban Road,Dry,Daylight,20.5937,78.9629,Morning
Ludhiana,18-30,Low Risk,Overturning,Pedestrian,Clear,Village Road,Wet,Daylight,20.5937,78.9629,Afternoon
Ludhiana,31-50,Medium Risk,No priority to vehicle,Pedestrian,Clear,Highways,Normal,Daylight,20.5937,78.9629,Night
Ludhiana,18-30,Low Risk,Moving Backward,Car,Clear,Urban Road,Damaged,Daylight,20.5937,78.9629,Night
Tiruchirapalli,31-50,Low Risk,Driving under the influence of drugs,Cycle,Foggy,Highways,Normal,Dusk,20.5937,78.9629,Night
Pune,50+,Medium Risk,Moving Backward,Car,Foggy,Highways,Normal,Dusk,18.5204,73.8567,Afternoon
Ludhiana,50+,Low Risk,Changing lane to the right,Cycle,Clear,Village Road,Damaged,Dusk,20.5937,78.9629,Afternoon
Ludhiana,18-30,Low Risk,Overspeed,Car,Hazy,National Highway,Wet,Daylight,20.5937,78.9629,Night
Jamshedpur,18-30,Low Risk,Driving under the influence of drugs,Car,Clear,Highways,Normal,Daylight,20.5937,78.9629,Afternoon
Varanasi,18-30,Low Risk,Driving carelessly,Auto-Rickshaw,Clear,Highways,Normal,Dusk,25.3176,82.9739,Night
Ludhiana,18-30,Low Risk,No distancing,Bus,Clear,State Highway,Under Construction,Dusk,20.5937,78.9629,Night
Ludhiana,31-50,Low Risk,No priority to vehicle,Auto-Rickshaw,Rainy,Village Road,Dry,Daylight,20.5937,78.9629,Morning
Ludhiana,18-30,Low Risk,Overspeed,Bus,Rainy,Village Road,Wet,Daylight,20.5937,78.9629,Evening
Ludhiana,50+,Low Risk,Driving under the influence of drugs,Cycle,Clear,Highways,Normal,Daylight,20.5937,78.9629,Morning
Ludhiana,18-30,Low Risk,Changing lane to the right,Pedestrian,Hazy,National Highway,Under Construction,Daylight,20.5937,78.9629,Morning
Ludhiana,18-30,Low Risk,Changing lane to the right,Car,Rainy,Urban Road,Under Construction,Dark,20.5937,78.9629,Night
Ludhiana,18-30,Low Risk,Changing lane to the right,Bus,Clear,National Highway,Under Construction,Daylight,20.5937,78.9629,Night
Ludhiana,18-30,Low Risk,Changing lane to the right,Auto-Rickshaw,Clear,Village Road,Damaged,Dark,20.5937,78.9629,Morning
Ludhiana,31-50,Low Risk,Moving Backward,Truck,Stormy,Highways,Normal,Daylight,20.5937,78.9629,Morning
Ludhiana,18-30,Low Risk,No distancing,Bus,Hazy,Highways,Normal,Dark,20.5937,78.9629,Morning
Indore,31-50,Medium Risk,Overspeed,Bus,Rainy,Highways,Normal,Daylight,20.5937,78.9629,Night
Ludhiana,31-50,Medium Risk,No distancing,Two-Wheeler,Clear,Village Road,Damaged,Daylight,20.5937,78.9629,Morning
Madurai,18-30,Medium Risk,Driving carelessly,Auto-Rickshaw,Clear,National Highway,Under Construction,Daylight,20.5937,78.9629,Night
Madurai,31-50,Low Risk,No distancing,Two-Wheeler,Clear,National Highway,Dry,Daylight,20.5937,78.9629,Morning
Madurai,50+,Low Risk,No distancing,Auto-Rickshaw,Rainy,Urban Road,Wet,Dark,20.5937,78.9629,Afternoon
Madurai,18-30,Low Risk,No distancing,Truck,Clear,National Highway,Wet,Dark,20.5937,78.9629,Morning
Madurai,31-50,Low Risk,Changing lane to the right,Cycle,Clear,State Highway,Under Construction,Daylight,20.5937,78.9629,Morning
Bhopal,18-30,Low Risk,No distancing,Car,Stormy,Highways,Normal,Dark,20.5937,78.9629,Night
Madurai,18-30,Low Risk,No priority to vehicle,Cycle,Foggy,Village Road,Damaged,Daylight,20.5937,78.9629,Evening
Madurai,31-50,Low Risk,Changing lane to the left,Pedestrian,Clear,National Highway,Dry,Dark,20.5937,78.9629,Night
Madurai,18-30,Low Risk,Moving Backward,Cycle,Foggy,Village Road,Damaged,Daylight,20.5937,78.9629,Morning
Madurai,18-30,Low Risk,Driving carelessly,Car,Clear,National Highway,Damaged,Dark,20.5937,78.9629,Morning
Madurai,18-30,Low Risk,Changing lane to the left,Two-Wheeler,Foggy,National Highway,Wet,Daylight,20.5937,78.9629,Evening
Chennai,31-50,Medium Risk,No priority to pedestrian,Cycle,Clear,Highways,Normal,Dark,13.0827,80.2707,Evening
Madurai,18-30,Low Risk,No distancing,Bus,Stormy,Village Road,Normal,Dusk,20.5937,78.9629,Afternoon
Madurai,31-50,Low Risk,No distancing,Bus,Clear,State Highway,Dry,Dawn,20.5937,78.9629,Evening
Indore,31-50,Low Risk,Overturning,Cycle,Clear,Highways,Normal,Daylight,20.5937,78.9629,Night
Bengaluru,18-30,Low Risk,No distancing,Car,Rainy,Highways,Normal,Daylight,12.9716,77.5946,Morning
Madurai,31-50,Medium Risk,Drunk driving,Pedestrian,Clear,Highways,Normal,Daylight,20.5937,78.9629,Night
Madurai,18-30,Low Risk,Moving Backward,Auto-Rickshaw,Foggy,Village Road,Under Construction,Dawn,20.5937,78.9629,Evening
Madurai,50+,Low Risk,No priority to pedestrian,Car,Clear,Village Road,Dry,Dawn,20.5937,78.9629,Evening
Madurai,18-30,Low Risk,Changing lane to the left,Two-Wheeler,Hazy,Highways,Normal,Daylight,20.5937,78.9629,Morning
Madurai,18-30,Low Risk,Changing lane to the left,Car,Clear,State Highway,Normal,Daylight,20.5937,78.9629,Evening
Madurai,18-30,Low Risk,Getting off the vehicle improperly,Car,Clear,State Highway,Dry,Dawn,20.5937,78.9629,Evening
Madurai,31-50,Low Risk,No distancing,Two-Wheeler,Clear,Village Road,Wet,Daylight,20.5937,78.9629,Evening
Madurai,18-30,Low Risk,Changing lane to the right,Bus,Clear,Village Road,Wet,Dark,20.5937,78.9629,Evening
Madurai,18-30,Low Risk,Changing lane to the right,Cycle,Clear,National Highway,Dry,Dusk,20.5937,78.9629,Morning
Madurai,31-50,Low Risk,Moving Backward,Pedestrian,Clear,State Highway,Wet,Dawn,20.5937,78.9629,Evening
Madurai,31-50,Medium Risk,Driving at high speed,Pedestrian,Clear,State Highway,Normal,Dark,20.5937,78.9629,Evening
Madurai,18-30,Medium Risk,Changing lane to the left,Auto-Rickshaw,Foggy,State Highway,Dry,Daylight,20.5937,78.9629,Morning
Madurai,50+,Low Risk,Changing lane to the right,Pedestrian,Foggy,National Highway,Wet,Daylight,20.5937,78.9629,Afternoon
Madurai,18-30,Low Risk,No distancing,Car,Clear,State Highway,Dry,Dusk,20.5937,78.9629,Morning
Madurai,18-30,Low Risk,Changing lane to the right,Two-Wheeler,Clear,State Highway,Under Construction,Dark,20.5937,78.9629,Morning
Madurai,31-50,Low Risk,Changing lane to the right,Car,Clear,National Highway,Damaged,Daylight,20.5937,78.9629,Morning
Madurai,18-30,Low Risk,No distancing,Truck,Clear,Village Road,Wet,Dawn,20.5937,78.9629,Evening
Madurai,18-30,Low Risk,Changing lane to the right,Auto-Rickshaw,Clear,Village Road,Wet,Dawn,20.5937,78.9629,Morning
Madurai,31-50,Low Risk,Driving carelessly,Car,Clear,Urban Road,Under Construction,Daylight,20.5937,78.9629,Night
Madurai,18-30,Low Risk,Driving carelessly,Bus,Stormy,National Highway,Damaged,Daylight,20.5937,78.9629,Morning
Mallapuram,31-50,Low Risk,Changing lane to the right,Pedestrian,Foggy,Village Road,Dry,Daylight,20.5937,78.9629,Evening
Mallapuram,18-30,Low Risk,Overturning,Car,Foggy,Highways,Normal,Dawn,20.5937,78.9629,Night
Patna,18-30,Low Risk,Changing lane to the right,Bus,Clear,Highways,Normal,Dark,25.5941,85.1376,Evening
Mallapuram,18-30,Low Risk,Moving Backward,Two-Wheeler,Clear,Village Road,Dry,Daylight,20.5937,78.9629,Night
Mallapuram,18-30,Low Risk,No distancing,Car,Clear,Urban Road,Dry,Dark,20.5937,78.9629,Afternoon
Mallapuram,18-30,Low Risk,Overturning,Car,Clear,Village Road,Wet,Dawn,20.5937,78.9629,Morning
Mallapuram,50+,Low Risk,Driving carelessly,Bus,Clear,Village Road,Wet,Dusk,20.5937,78.9629,Night
Mallapuram,18-30,Low Risk,Changing lane to the right,Auto-Rickshaw,Clear,Urban Road,Under Construction,Daylight,20.5937,78.9629,Afternoon
Mallapuram,18-30,Low Risk,Driving at high speed,Cycle,Clear,National Highway,Wet,Dusk,20.5937,78.9629,Afternoon
Mallapuram,18-30,Low Risk,Changing lane to the left,Two-Wheeler,Clear,State Highway,Damaged,Daylight,20.5937,78.9629,Afternoon
Mallapuram,18-30,Medium Risk,Driving carelessly,Cycle,Foggy,Highways,Normal,Dawn,20.5937,78.9629,Morning
Mallapuram,18-30,Low Risk,No distancing,Truck,Rainy,Highways,Normal,Dusk,20.5937,78.9629,Night
Mallapuram,18-30,Low Risk,Moving Backward,Cycle,Clear,Highways,Normal,Dusk,20.5937,78.9629,Night
Dhanbad,18-30,Low Risk,No priority to pedestrian,Cycle,Rainy,Highways,Normal,Dawn,20.5937,78.9629,Evening
Surat,18-30,Medium Risk,Moving Backward,Auto-Rickshaw,Stormy,Highways,Normal,Daylight,21.1702,72.8311,Afternoon
Mallapuram,18-30,Low Risk,Changing lane to the right,Two-Wheeler,Clear,State Highway,Damaged,Daylight,20.5937,78.9629,Morning
Mallapuram,50+,Low Risk,No distancing,Car,Clear,Urban Road,Wet,Daylight,20.5937,78.9629,Morning
Mallapuram,31-50,Low Risk,Drunk driving,Cycle,Hazy,State Highway,Damaged,Daylight,20.5937,78.9629,Night
Mallapuram,31-50,Low Risk,Changing lane to the right,Truck,Stormy,State Highway,Wet,Daylight,20.5937,78.9629,Night
Mallapuram,18-30,Low Risk,Driving carelessly,Car,Clear,Highways,Normal,Dark,20.5937,78.9629,Night
Mallapuram,18-30,Low Risk,Driving to the left,Two-Wheeler,Clear,Village Road,Normal,Dark,20.5937,78.9629,Afternoon
Mallapuram,50+,Medium Risk,Changing lane to the right,Car,Clear,Urban Road,Dry,Daylight,20.5937,78.9629,Night
Mallapuram,31-50,Medium Risk,Changing lane to the right,Auto-Rickshaw,Clear,State Highway,Under Construction,Dusk,20.5937,78.9629,Morning
Mallapuram,18-30,Medium Risk,Driving carelessly,Auto-Rickshaw,Foggy,State Highway,Normal,Dark,20.5937,78.9629,Afternoon