Million_Plus_Cities,Age_band_of_driver,Accident_severity,Cause_of_accident,Vehicle Type Involved,Weather Conditions,Road Type,Road Condition,Lighting Conditions,Latitude,Longitude,Time_Block
Mallapuram,18-30,Low Risk,Changing lane to the left,Cycle,Rainy,State Highway,Normal,Daylight,20.5937,78.9629,Morning
Mallapuram,18-30,Low Risk,No priority to vehicle,Auto-Rickshaw,Foggy,Urban Road,Wet,Dawn,20.5937,78.9629,Afternoon
Mallapuram,18-30,Low Risk,Driving carelessly,Bus,Foggy,State Highway,Dry,Daylight,20.5937,78.9629,Afternoon
Mallapuram,18-30,Low Risk,Changing lane to the right,Car,Stormy,National Highway,Under Construction,Dusk,20.5937,78.9629,Morning
Mallapuram,31-50,Low Risk,Driving carelessly,Two-Wheeler,Foggy,Urban Road,Wet,Dawn,20.5937,78.9629,Night
Mallapuram,50+,Low Risk,Driving under the influence of drugs,Bus,Clear,Village Road,Normal,Dark,20.5937,78.9629,Afternoon
Mallapuram,31-50,Low Risk,No distancing,Bus,Clear,National Highway,Dry,Dark,20.5937,78.9629,Night
Mallapuram,18-30,Low Risk,Changing lane to the left,Pedestrian,Rainy,Urban Road,Damaged,Daylight,20.5937,78.9629,Night
Mallapuram,50+,Low Risk,No priority to vehicle,Two-Wheeler,Clear,State Highway,Under Construction,Daylight,20.5937,78.9629,Evening
Mallapuram,31-50,Low Risk,Moving Backward,Pedestrian,Hazy,Village Road,Damaged,Dark,20.5937,78.9629,Morning
Mallapuram,18-30,Low Risk,Moving Backward,Cycle,Foggy,National Highway,Damaged,Daylight,20.5937,78.9629,Morning
Mallapuram,18-30,Low Risk,No distancing,Cycle,Clear,State Highway,Under Construction,Dawn,20.5937,78.9629,Morning
Meerut,18-30,Low Risk,Changing lane to the right,Cycle,Clear,Highways,Normal,Daylight,20.5937,78.9629,Evening
Meerut,31-50,Low Risk,Changing lane to the right,Car,Stormy,National Highway,Normal,Dark,20.5937,78.9629,Afternoon
Meerut,50+,Low Risk,Moving Backward,Cycle,Stormy,Village Road,Dry,Daylight,20.5937,78.9629,Afternoon
Faridabad,31-50,Medium Risk,Driving carelessly,Car,Clear,Highways,Normal,Dark,20.5937,78.9629,Night
Meerut,31-50,Low Risk,Driving under the influence of drugs,Auto-Rickshaw,Clear,National Highway,Under Construction,Daylight,20.5937,78.9629,Morning
Meerut,18-30,Low Risk,No distancing,Truck,Clear,National Highway,Damaged,Dark,20.5937,78.9629,Night
Meerut,18-30,Low Risk,No distancing,Two-Wheeler,Clear,Urban Road,Damaged,Daylight,20.5937,78.9629,Night
Jabalpur,18-30,Low Risk,No priority to vehicle,Auto-Rickshaw,Clear,Highways,Normal,Dawn,20.5937,78.9629,Evening
Meerut,18-30,Medium Risk,Driving to the left,Car,Clear,Highways,Normal,Dusk,20.5937,78.9629,Afternoon
Meerut,18-30,Low Risk,No priority to vehicle,Pedestrian,Clear,Village Road,Dry,Daylight,20.5937,78.9629,Afternoon
Meerut,31-50,Medium Risk,No priority to vehicle,Car,Clear,Village Road,Under Construction,Dark,20.5937,78.9629,Morning
Kota,31-50,Low Risk,No priority to vehicle,Car,Clear,Highways,Normal,Daylight,20.5937,78.9629,Evening
Meerut,18-30,Low Risk,No distancing,Bus,Clear,Village Road,Under Construction,Daylight,20.5937,78.9629,Afternoon
Meerut,31-50,Low Risk,Moving Backward,Car,Clear,National Highway,Under Construction,Dawn,20.5937,78.9629,Morning
Meerut,31-50,Low Risk,Changing lane to the right,Two-Wheeler,Clear,National Highway,Dry,Dawn,20.5937,78.9629,Evening
Meerut,18-30,Low Risk,Driving carelessly,Bus,Clear,Urban Road,Dry,Dusk,20.5937,78.9629,Evening
Meerut,31-50,Low Risk,Changing lane to the left,Truck,Foggy,Urban Road,Normal,Dusk,20.5937,78.9629,Morning
Meerut,31-50,Low Risk,No distancing,Car,Rainy,State Highway,Damaged,Daylight,20.5937,78.9629,Morning
Meerut,31-50,Low Risk,Changing lane to the right,Pedestrian,Clear,Urban Road,Damaged,Dawn,20.5937,78.9629,Night
Meerut,31-50,Low Risk,Driving under the influence of drugs,Auto-Rickshaw,Hazy,State Highway,Wet,Daylight,20.5937,78.9629,Night
Meerut,18-30,Low Risk,No distancing,Car,Hazy,Highways,Normal,Daylight,20.5937,78.9629,Evening
Vizaq,31-50,Low Risk,Overturning,Pedestrian,Clear,Highways,Normal,Daylight,20.5937,78.9629,Night
Meerut,18-30,Low Risk,No distancing,Auto-Rickshaw,Hazy,Urban Road,Damaged,Dark,20.5937,78.9629,Night
Vadodra,18-30,Low Risk,Changing lane to the right,Auto-Rickshaw,Rainy,Highways,Normal,Dawn,20.5937,78.9629,Morning
Meerut,31-50,Low Risk,No priority to vehicle,Pedestrian,Clear,Village Road,Under Construction,Dawn,20.5937,78.9629,Morning
Meerut,50+,Low Risk,Changing lane to the right,Pedestrian,Clear,Urban Road,Under Construction,Daylight,20.5937,78.9629,Morning
Meerut,18-30,Low Risk,Changing lane to the left,Cycle,Clear,Urban Road,Damaged,Daylight,20.5937,78.9629,Afternoon
Meerut,18-30,Low Risk,No distancing,Pedestrian,Clear,State Highway,Dry,Daylight,20.5937,78.9629,Night
Meerut,18-30,Low Risk,No priority to pedestrian,Pedestrian,Rainy,State Highway,Wet,Dusk,20.5937,78.9629,Afternoon
Meerut,18-30,Low Risk,Driving carelessly,Auto-Rickshaw,Stormy,National Highway,Normal,Daylight,20.5937,78.9629,Afternoon
Meerut,18-30,Low Risk,No distancing,Auto-Rickshaw,Hazy,Urban Road,Dry,Daylight,20.5937,78.9629,Morning
Meerut,31-50,Low Risk,Driving carelessly,Car,Foggy,State Highway,Wet,Daylight,20.5937,78.9629,Afternoon
Meerut,18-30,Medium Risk,Driving carelessly,Bus,Clear,Highways,Normal,Dawn,20.5937,78.9629,Night
Meerut,31-50,Low Risk,Moving Backward,Pedestrian,Hazy,State Highway,Damaged,Dusk,20.5937,78.9629,Morning
Meerut,31-50,Low Risk,Overtaking,Auto-Rickshaw,Clear,Village Road,Dry,Dusk,20.5937,78.9629,Evening
Meerut,50+,Low Risk,No priority to vehicle,Car,Clear,National Highway,Damaged,Dawn,20.5937,78.9629,Morning
Mumbai,18-30,Low Risk,No priority to vehicle,Truck,Foggy,State Highway,Under Construction,Daylight,19.076,72.8777,Morning
Mumbai,18-30,Medium Risk,Changing lane to the left,Car,Clear,Urban Road,Under Construction,Daylight,19.076,72.8777,Afternoon
Mumbai,18-30,Medium Risk,No priority to vehicle,Pedestrian,Clear,Highways,Normal,Dawn,19.076,72.8777,Evening
Mumbai,18-30,Low Risk,No distancing,Bus,Clear,Urban Road,Normal,Daylight,19.076,72.8777,Morning
Mumbai,31-50,Low Risk,Moving Backward,Two-Wheeler,Stormy,Urban Road,Wet,Daylight,19.076,72.8777,Night
Jodhpur,18-30,Low Risk,Changing lane to the right,Pedestrian,Stormy,Highways,Normal,Dawn,20.5937,78.9629,Evening
Mumbai,18-30,Low Risk,No distancing,Cycle,Rainy,State Highway,Wet,Dusk,19.076,72.8777,Morning
Mumbai,18-30,Low Risk,Overtaking,Car,Rainy,National Highway,Wet,Dusk,19.076,72.8777,Afternoon
Kochi,18-30,Medium Risk,No distancing,Auto-Rickshaw,Rainy,Highways,Normal,Dark,20.5937,78.9629,Night
Mumbai,50+,Low Risk,Changing lane to the left,Pedestrian,Clear,State Highway,Dry,Daylight,19.076,72.8777,Afternoon
Mumbai,18-30,Low Risk,Driving under the influence of drugs,Cycle,Clear,State Highway,Damaged,Dawn,19.076,72.8777,Morning
Bengaluru,31-50,Low Risk,No distancing,Cycle,Clear,Highways,Normal,Dark,12.9716,77.5946,Morning
Mumbai,31-50,Low Risk,No distancing,Car,Clear,State Highway,Damaged,Daylight,19.076,72.8777,Night
Mumbai,31-50,Low Risk,Changing lane to the right,Cycle,Clear,National Highway,Dry,Dark,19.076,72.8777,Morning
Hyderabad,18-30,Low Risk,Changing lane to the left,Truck,Rainy,Highways,Normal,Dawn,17.385,78.4867,Night
Mumbai,18-30,Low Risk,Moving Backward,Car,Clear,State Highway,Dry,Daylight,19.076,72.8777,Night
Ahmedabad,18-30,Medium Risk,No distancing,Bus,Clear,Highways,Normal,Dawn,23.0225,72.5714,Night
Mumbai,18-30,Low Risk,No distancing,Auto-Rickshaw,Hazy,Urban Road,Wet,Dawn,19.076,72.8777,Afternoon
Mumbai,18-30,Low Risk,Driving carelessly,Bus,Clear,National Highway,Damaged,Daylight,19.076,72.8777,Morning
Mumbai,31-50,Low Risk,Moving Backward,Car,Clear,Urban Road,Under Construction,Dark,19.076,72.8777,Evening
Mumbai,18-30,Low Risk,No distancing,Auto-Rickshaw,Clear,Urban Road,Damaged,Dawn,19.076,72.8777,Night
Mumbai,18-30,Low Risk,Changing lane to the right,Bus,Hazy,Village Road,Under Construction,Daylight,19.076,72.8777,Night
Mumbai,18-30,Low Risk,Driving carelessly,Truck,Hazy,Urban Road,Dry,Daylight,19.076,72.8777,Night
Hyderabad,31-50,Low Risk,Driving to the left,Two-Wheeler,Stormy,Highways,Normal,Dark,17.385,78.4867,Afternoon
Mumbai,18-30,Medium Risk,Changing lane to the right,Pedestrian,Clear,State Highway,Dry,Dark,19.076,72.8777,Morning
Mumbai,18-30,Low Risk,Driving carelessly,Two-Wheeler,Clear,Highways,Normal,Dawn,19.076,72.8777,Night
Amritsar,18-30,Low Risk,Changing lane to the right,Car,Clear,Highways,Normal,Dusk,20.5937,78.9629,Night
Mumbai,18-30,Low Risk,No priority to vehicle,Pedestrian,Clear,State Highway,Dry,Dark,19.076,72.8777,Afternoon
Mumbai,18-30,Low Risk,Changing lane to the right,Auto-Rickshaw,Clear,Highways,Normal,Daylight,19.076,72.8777,Afternoon
Mumbai,18-30,Medium Risk,Turnover,Two-Wheeler,Rainy,Highways,Normal,Daylight,19.076,72.8777,Morning
Mumbai,18-30,Low Risk,No priority to vehicle,Pedestrian,Clear,Urban Road,Damaged,Daylight,19.076,72.8777,Night
Mumbai,18-30,Medium Risk,Driving at high speed,Car,Foggy,State Highway,Under Construction,Daylight,19.076,72.8777,Evening
Mumbai,18-30,Low Risk,No distancing,Bus,Hazy,Village Road,Wet,Dawn,19.076,72.8777,Evening
Mumbai,31-50,Low Risk,No distancing,Car,Hazy,State Highway,Normal,Daylight,19.076,72.8777,Morning
Mumbai,31-50,Low Risk,Driving carelessly,Two-Wheeler,Clear,National Highway,Dry,Daylight,19.076,72.8777,Night
Mumbai,18-30,Medium Risk,Driving carelessly,Two-Wheeler,Hazy,Highways,Normal,Daylight,19.076,72.8777,Night
Nagpur,18-30,Low Risk,Moving Backward,Pedestrian,Stormy,Urban Road,Dry,Dusk,20.5937,78.9629,Morning
Nagpur,50+,Low Risk,No distancing,Cycle,Hazy,Village Road,Damaged,Daylight,20.5937,78.9629,Afternoon
Nagpur,18-30,Medium Risk,Changing lane to the right,Auto-Rickshaw,Clear,National Highway,Wet,Daylight,20.5937,78.9629,Morning
Nagpur,31-50,Medium Risk,Overtaking,Auto-Rickshaw,Clear,Village Road,Dry,Dawn,20.5937,78.9629,Afternoon
Ghaziabad,18-30,Medium Risk,No distancing,Car,Clear,Highways,Normal,Daylight,20.5937,78.9629,Night
Nagpur,50+,Low Risk,Overtaking,Pedestrian,Stormy,Highways,Normal,Daylight,20.5937,78.9629,Night
Nagpur,50+,Low Risk,Moving Backward,Cycle,Clear,State Highway,Normal,Daylight,20.5937,78.9629,Night
Nagpur,31-50,Low Risk,No distancing,Auto-Rickshaw,Clear,Urban Road,Under Construction,Dawn,20.5937,78.9629,Night
Nagpur,50+,Low Risk,No distancing,Car,Clear,Highways,Normal,Daylight,20.5937,78.9629,Morning
Nagpur,18-30,Low Risk,No priority to vehicle,Two-Wheeler,Clear,National Highway,Normal,Dark,20.5937,78.9629,Morning
Nagpur,18-30,Low Risk,No priority to vehicle,Two-Wheeler,Clear,Urban Road,Under Construction,Daylight,20.5937,78.9629,Afternoon
Raipur,50+,Low Risk,Changing lane to the left,Two-Wheeler,Clear,Highways,Normal,Dark,20.5937,78.9629,Afternoon
Nagpur,50+,Low Risk,No distancing,Pedestrian,Hazy,Highways,Normal,Daylight,20.5937,78.9629,Night
Nagpur,18-30,Medium Risk,Driving under the influence of drugs,Pedestrian,Foggy,Village Road,Normal,Dawn,20.5937,78.9629,Night
Nagpur,18-30,Medium Risk,Changing lane to the left,Cycle,Clear,Highways,Normal,Daylight,20.5937,78.9629,Afternoon
Nagpur,18-30,Low Risk,Changing lane to the right,Bus,Clear,Highways,Normal,Dark,20.5937,78.9629,Morning
Nagpur,18-30,Medium Risk,Driving to the left,Car,Foggy,National Highway,Under Construction,Daylight,20.5937,78.9629,Afternoon
Nagpur,18-30,Low Risk,Driving at high speed,Two-Wheeler,Clear,State Highway,Under Construction,Dawn,20.5937,78.9629,Afternoon
Nagpur,18-30,Low Risk,Overtaking,Truck,Clear,State Highway,Dry,Daylight,20.5937,78.9629,Night
Nagpur,18-30,Low Risk,Changing lane to the right,Auto-Rickshaw,Clear,Highways,Normal,Dawn,20.5937,78.9629,Evening
Nagpur,18-30,Low Risk,Changing lane to the right,Pedestrian,Clear,Village Road,Wet,Daylight,20.5937,78.9629,Morning
Vadodra,50+,Low Risk,Moving Backward,Bus,Rainy,Highways,Normal,Dawn,20.5937,78.9629,Morning
Nagpur,18-30,Low Risk,Moving Backward,Cycle,Rainy,Urban Road,Wet,Daylight,20.5937,78.9629,Night
Nagpur,18-30,Low Risk,Changing lane to the left,Cycle,Clear,Urban Road,Dry,Dusk,20.5937,78.9629,Evening
Nagpur,18-30,Low Risk,Moving Backward,Auto-Rickshaw,Rainy,Highways,Normal,Dark,20.5937,78.9629,Night
Nagpur,31-50,Low Risk,No distancing,Pedestrian,Stormy,Urban Road,Normal,Daylight,20.5937,78.9629,Morning
Nagpur,31-50,Low Risk,Moving Backward,Two-Wheeler,Rainy,National Highway,Under Construction,Dark,20.5937,78.9629,Night
Nagpur,31-50,Low Risk,Changing lane to the right,Car,Foggy,National Highway,Under Construction,Daylight,20.5937,78.9629,Morning
Nagpur,31-50,Low Risk,Changing lane to the left,Truck,Rainy,Village Road,Wet,Daylight,20.5937,78.9629,Night
Nagpur,50+,Low Risk,No priority to vehicle,Pedestrian,Stormy,Village Road,Damaged,Dark,20.5937,78.9629,Morning
Nagpur,18-30,Low Risk,No distancing,Pedestrian,Foggy,State Highway,Damaged,Daylight,20.5937,78.9629,Afternoon
Nagpur,31-50,Low Risk,No priority to vehicle,Bus,Clear,State Highway,Normal,Daylight,20.5937,78.9629,Night
Faridabad,18-30,Low Risk,Driving under the influence of drugs,Cycle,Foggy,Highways,Normal,Dark,20.5937,78.9629,Evening
Nagpur,18-30,Medium Risk,Changing lane to the right,Cycle,Rainy,Urban Road,Under Construction,Dusk,20.5937,78.9629,Afternoon
Meerut,50+,Low Risk,No distancing,Bus,Rainy,Highways,Normal,Dawn,20.5937,78.9629,Evening
Indore,50+,Low Risk,No distancing,Auto-Rickshaw,Clear,Highways,Normal,Dawn,20.5937,78.9629,Afternoon
Vadodra,31-50,Low Risk,Changing lane to the left,Car,Rainy,Highways,Normal,Dawn,20.5937,78.9629,Afternoon
Nashik,31-50,Low Risk,Changing lane to the right,Bus,Stormy,Urban Road,Damaged,Daylight,20.5937,78.9629,Evening
Nashik,18-30,Low Risk,Changing lane to the right,Cycle,Clear,National Highway,Under Construction,Daylight,20.5937,78.9629,Night
Nashik,18-30,Low Risk,Driving under the influence of drugs,Bus,Clear,Urban Road,Wet,Dark,20.5937,78.9629,Night
Nashik,18-30,Low Risk,Moving Backward,Pedestrian,Stormy,Highways,Normal,Daylight,20.5937,78.9629,Morning
Nashik,31-50,Medium Risk,Changing lane to the left,Two-Wheeler,Clear,Village Road,Dry,Daylight,20.5937,78.9629,Night
Nashik,31-50,Low Risk,No priority to pedestrian,Bus,Clear,State Highway,Damaged,Daylight,20.5937,78.9629,Morning
Nashik,18-30,Low Risk,No distancing,Car,Clear,National Highway,Damaged,Daylight,20.5937,78.9629,Afternoon
Nashik,18-30,Low Risk,No distancing,Pedestrian,Stormy,Urban Road,Damaged,Dark,20.5937,78.9629,Afternoon
Nashik,50+,Medium Risk,Changing lane to the left,Two-Wheeler,Clear,National Highway,Wet,Dusk,20.5937,78.9629,Evening
Nashik,31-50,Medium Risk,Changing lane to the right,Truck,Hazy,State Highway,Dry,Dark,20.5937,78.9629,Morning
Lucknow,50+,Low Risk,Driving carelessly,Truck,Stormy,Highways,Normal,Daylight,26.8467,80.9462,Morning
Nashik,50+,Medium Risk,No distancing,Auto-Rickshaw,Clear,Highways,Normal,Daylight,20.5937,78.9629,Night
Nashik,18-30,Low Risk,Changing lane to the left,Cycle,Clear,Village Road,Wet,Daylight,20.5937,78.9629,Morning
Nashik,31-50,Low Risk,Moving Backward,Pedestrian,Clear,Highways,Normal,Daylight,20.5937,78.9629,Morning
Nashik,31-50,Low Risk,No distancing,Cycle,Hazy,Highways,Normal,Dark,20.5937,78.9629,Morning
Nashik,31-50,Low Risk,No priority to pedestrian,Bus,Stormy,National Highway,Dry,Daylight,20.5937,78.9629,Evening
Nashik,18-30,Low Risk,Changing lane to the left,Two-Wheeler,Clear,National Highway,Dry,Daylight,20.5937,78.9629,Morning
Nashik,31-50,Low Risk,No distancing,Truck,Rainy,National Highway,Under Construction,Dark,20.5937,78.9629,Night
Nashik,18-30,Low Risk,Driving carelessly,Car,Stormy,National Highway,Damaged,Daylight,20.5937,78.9629,Evening
Nashik,18-30,Low Risk,No priority to vehicle,Cycle,Hazy,National Highway,Damaged,Dark,20.5937,78.9629,Night
Nashik,31-50,Low Risk,Changing lane to the right,Cycle,Hazy,Urban Road,Damaged,Dusk,20.5937,78.9629,Morning
Nashik,31-50,Low Risk,Moving Backward,Truck,Stormy,National Highway,Damaged,Daylight,20.5937,78.9629,Evening
Nashik,18-30,Low Risk,No priority to vehicle,Pedestrian,Clear,Highways,Normal,Dark,20.5937,78.9629,Morning
Nashik,18-30,Low Risk,No priority to pedestrian,Pedestrian,Clear,Highways,Normal,Daylight,20.5937,78.9629,Afternoon
Nashik,18-30,Low Risk,Changing lane to the left,Bus,Hazy,Urban Road,Wet,Daylight,20.5937,78.9629,Morning
Nashik,18-30,Low Risk,Changing lane to the left,Auto-Rickshaw,Clear,Highways,Normal,Daylight,20.5937,78.9629,Afternoon
Nashik,18-30,Low Risk,Driving under the influence of drugs,Auto-Rickshaw,Foggy,State Highway,Dry,Daylight,20.5937,78.9629,Night
Chennai,18-30,Low Risk,Moving Backward,Pedestrian,Clear,Highways,Normal,Dark,13.0827,80.2707,Morning
Nashik,31-50,Medium Risk,Changing lane to the right,Auto-Rickshaw,Clear,Highways,Normal,Dusk,20.5937,78.9629,Morning
Nashik,31-50,Low Risk,Changing lane to the right,Two-Wheeler,Clear,Urban Road,Under Construction,Dusk,20.5937,78.9629,Night
Nashik,18-30,Low Risk,No distancing,Pedestrian,Rainy,Village Road,Wet,Daylight,20.5937,78.9629,Morning
Nashik,18-30,Low Risk,Moving Backward,Two-Wheeler,Clear,Highways,Normal,Dark,20.5937,78.9629,Night
Nashik,18-30,Low Risk,No distancing,Cycle,Foggy,State Highway,Dry,Dusk,20.5937,78.9629,Morning
Nashik,18-30,Low Risk,Driving carelessly,Car,Clear,State Highway,Dry,Dawn,20.5937,78.9629,Night
Nashik,18-30,Low Risk,No priority to pedestrian,Auto-Rickshaw,Stormy,Village Road,Normal,Dawn,20.5937,78.9629,Evening
Patna,31-50,Low Risk,No priority to vehicle,Two-Wheeler,Stormy,Urban Road,Wet,Dark,25.5941,85.1376,Morning
Patna,18-30,Low Risk,Moving Backward,Car,Clear,State Highway,Dry,Dark,25.5941,85.1376,Night
Patna,18-30,Low Risk,Changing lane to the right,Two-Wheeler,Hazy,Village Road,Dry,Daylight,25.5941,85.1376,Afternoon
Patna,50+,Medium Risk,No distancing,Truck,Stormy,State Highway,Under Construction,Dusk,25.5941,85.1376,Morning
Vijaywada city,31-50,Low Risk,Driving carelessly,Auto-Rickshaw,Clear,Highways,Normal,Daylight,20.5937,78.9629,Night
Patna,18-30,Medium Risk,Changing lane to the left,Bus,Rainy,State Highway,Dry,Daylight,25.5941,85.1376,Morning
Patna,18-30,Low Risk,Moving Backward,Car,Hazy,Highways,Normal,Dusk,25.5941,85.1376,Night
Patna,31-50,Medium Risk,No distancing,Car,Hazy,Highways,Normal,Dark,25.5941,85.1376,Evening
Aurangabad,50+,Low Risk,Changing lane to the right,Pedestrian,Hazy,Highways,Normal,Dark,20.5937,78.9629,Morning
Faridabad,18-30,Low Risk,No priority to vehicle,Car,Hazy,Highways,Normal,Dark,20.5937,78.9629,Morning
Patna,31-50,Low Risk,Getting off the vehicle improperly,Pedestrian,Clear,Urban Road,Damaged,Daylight,25.5941,85.1376,Morning
Patna,31-50,Medium Risk,No distancing,Auto-Rickshaw,Stormy,Urban Road,Under Construction,Dawn,25.5941,85.1376,Afternoon
Patna,18-30,Medium Risk,No distancing,Truck,Rainy,Highways,Normal,Dawn,25.5941,85.1376,Night
Patna,18-30,Low Risk,Changing lane to the left,Car,Foggy,National Highway,Under Construction,Dawn,25.5941,85.1376,Evening
Patna,18-30,Low Risk,No priority to vehicle,Car,Clear,National Highway,Under Construction,Dusk,25.5941,85.1376,Afternoon
Patna,18-30,Medium Risk,Driving carelessly,Car,Stormy,Highways,Normal,Daylight,25.5941,85.1376,Night
Patna,18-30,Medium Risk,Changing lane to the right,Car,Rainy,National Highway,Damaged,Dark,25.5941,85.1376,Afternoon
Patna,18-30,Low Risk,No distancing,Car,Rainy,Village Road,Under Construction,Dusk,25.5941,85.1376,Morning
Patna,18-30,Low Risk,Changing lane to the right,Auto-Rickshaw,Rainy,National Highway,Wet,Dusk,25.5941,85.1376,Afternoon
Patna,18-30,Low Risk,No distancing,Pedestrian,Foggy,State Highway,Dry,Daylight,25.5941,85.1376,Morning
Patna,18-30,Low Risk,Driving under the influence of drugs,Truck,Foggy,State Highway,Damaged,Daylight,25.5941,85.1376,Afternoon
Patna,18-30,Medium Risk,Changing lane to the left,Two-Wheeler,Rainy,Highways,Normal,Dawn,25.5941,85.1376,Afternoon
Patna,18-30,Low Risk,Getting off the vehicle improperly,Two-Wheeler,Clear,Village Road,Damaged,Dark,25.5941,85.1376,Afternoon
Patna,50+,Low Risk,Overloading,Two-Wheeler,Rainy,National Highway,Wet,Daylight,25.5941,85.1376,Afternoon
Patna,18-30,Low Risk,Driving carelessly,Two-Wheeler,Hazy,Urban Road,Under Construction,Daylight,25.5941,85.1376,Morning
Patna,31-50,Low Risk,Overtaking,Car,Stormy,State Highway,Damaged,Daylight,25.5941,85.1376,Morning
Patna,31-50,Low Risk,No distancing,Two-Wheeler,Hazy,State Highway,Wet,Daylight,25.5941,85.1376,Night
Patna,31-50,Low Risk,Overturning,Car,Foggy,National Highway,Dry,Daylight,25.5941,85.1376,Night
Patna,18-30,Low Risk,Driving carelessly,Pedestrian,Rainy,State Highway,Wet,Dark,25.5941,85.1376,Morning
Kolkata,50+,Low Risk,No priority to pedestrian,Pedestrian,Clear,Highways,Normal,Dark,22.5726,88.3639,Afternoon
Patna,31-50,Low Risk,No distancing,Two-Wheeler,Hazy,National Highway,Under Construction,Daylight,25.5941,85.1376,Night
Patna,31-50,Low Risk,No priority to vehicle,Pedestrian,Clear,State Highway,Damaged,Daylight,25.5941,85.1376,Evening
Jabalpur,31-50,Medium Risk,Getting off the vehicle improperly,Auto-Rickshaw,Clear,Highways,Normal,Dusk,20.5937,78.9629,Morning
Patna,50+,Low Risk,No priority to pedestrian,Car,Foggy,Highways,Normal,Daylight,25.5941,85.1376,Night
Patna,18-30,Low Risk,Changing lane to the right,Two-Wheeler,Foggy,Village Road,Wet,Daylight,25.5941,85.1376,Morning
Patna,18-30,Low Risk,Moving Backward,Pedestrian,Clear,National Highway,Damaged,Dawn,25.5941,85.1376,Evening
Pune,31-50,Low Risk,Changing lane to the left,Car,Hazy,State Highway,Normal,Daylight,18.5204,73.8567,Night
Pune,18-30,Low Risk,No distancing,Pedestrian,Clear,State Highway,Dry,Dark,18.5204,73.8567,Night
Pune,18-30,Low Risk,Driving carelessly,Cycle,Foggy,Urban Road,Damaged,Daylight,18.5204,73.8567,Night
Pune,18-30,Low Risk,Driving under the influence of drugs,Car,Clear,National Highway,Damaged,Dusk,18.5204,73.8567,Evening
Pune,18-30,Low Risk,Driving carelessly,Pedestrian,Foggy,Village Road,Normal,Dusk,18.5204,73.8567,Morning
Pune,31-50,Medium Risk,Driving carelessly,Car,Foggy,State Highway,Wet,Daylight,18.5204,73.8567,Evening
Pune,31-50,Low Risk,Changing lane to the right,Auto-Rickshaw,Clear,Highways,Normal,Dark,18.5204,73.8567,Night
Pune,31-50,Low Risk,No distancing,Car,Rainy,Village Road,Damaged,Daylight,18.5204,73.8567,Afternoon
Pune,18-30,Low Risk,Driving carelessly,Cycle,Clear,Urban Road,Wet,Daylight,18.5204,73.8567,Morning
Aurangabad,18-30,Low Risk,No priority to pedestrian,Pedestrian,Clear,Highways,Normal,Dawn,20.5937,78.9629,Morning
Pune,18-30,Low Risk,No distancing,Pedestrian,Clear,Urban Road,Damaged,Daylight,18.5204,73.8567,Evening
Kochi,31-50,Low Risk,Moving Backward,Cycle,Clear,Highways,Normal,Dark,20.5937,78.9629,Night
Pune,50+,Low Risk,Moving Backward,Auto-Rickshaw,Clear,Village Road,Dry,Dusk,18.5204,73.8567,Night
Kollam,50+,Low Risk,No priority to vehicle,Car,Clear,Highways,Normal,Daylight,20.5937,78.9629,Morning
Pune,18-30,Low Risk,No distancing,Pedestrian,Stormy,National Highway,Under Construction,Dawn,18.5204,73.8567,Night
Pune,18-30,Low Risk,Moving Backward,Car,Foggy,Highways,Normal,Daylight,18.5204,73.8567,Night
Pune,18-30,Low Risk,Changing lane to the right,Auto-Rickshaw,Hazy,Highways,Normal,Dusk,18.5204,73.8567,Morning
Pune,18-30,Low Risk,Moving Backward,Two-Wheeler,Clear,National Highway,Wet,Daylight,18.5204,73.8567,Afternoon
Pune,18-30,Low Risk,Changing lane to the right,Car,Foggy,Urban Road,Dry,Dawn,18.5204,73.8567,Afternoon
Pune,31-50,Low Risk,Driving carelessly,Pedestrian,Clear,State Highway,Normal,Daylight,18.5204,73.8567,Night
Pune,18-30,Medium Risk,Changing lane to the right,Truck,Stormy,National Highway,Wet,Dusk,18.5204,73.8567,Afternoon
Pune,31-50,Medium Risk,No distancing,Bus,Hazy,State Highway,Under Construction,Dusk,18.5204,73.8567,Evening
Chennai,18-30,Low Risk,Moving Backward,Pedestrian,Clear,Highways,Normal,Dawn,13.0827,80.2707,Night
Pune,31-50,Medium Risk,Driving carelessly,Cycle,Foggy,Village Road,Under Construction,Dark,18.5204,73.8567,Morning
Pune,31-50,Medium Risk,No distancing,Truck,Rainy,State Highway,Under Construction,Dusk,18.5204,73.8567,Night
Pune,18-30,Medium Risk,No priority to vehicle,Car,Clear,Highways,Normal,Dark,18.5204,73.8567,Evening
Pune,18-30,Low Risk,Changing lane to the right,Cycle,Clear,Highways,Normal,Dusk,18.5204,73.8567,Afternoon
Pune,18-30,Low Risk,Moving Backward,Car,Foggy,State Highway,Damaged,Daylight,18.5204,73.8567,Morning
Pune,18-30,Low Risk,Driving under the influence of drugs,Pedestrian,Rainy,Urban Road,Dry,Dawn,18.5204,73.8567,Morning
Pune,18-30,Low Risk,Changing lane to the right,Car,Clear,State Highway,Wet,Daylight,18.5204,73.8567,Morning