Million_Plus_Cities,Age_band_of_driver,Accident_severity,Cause_of_accident,Vehicle Type Involved,Weather Conditions,Road Type,Road Condition,Lighting Conditions,Latitude,Longitude,Time_Block
Pune,18-30,Low Risk,No priority to vehicle,Car,Clear,State Highway,Dry,Daylight,18.5204,73.8567,Morning
Pune,18-30,Low Risk,Changing lane to the left,Truck,Clear,Highways,Normal,Dusk,18.5204,73.8567,Morning
Gwalior,18-30,Medium Risk,Driving carelessly,Car,Clear,Highways,Normal,Dark,20.5937,78.9629,Morning
Pune,18-30,Low Risk,No priority to pedestrian,Pedestrian,Hazy,Urban Road,Dry,Daylight,18.5204,73.8567,Morning
Pune,18-30,Low Risk,No priority to pedestrian,Cycle,Clear,National Highway,Wet,Dawn,18.5204,73.8567,Morning
Pune,18-30,Low Risk,Changing lane to the right,Cycle,Clear,National Highway,Dry,Daylight,18.5204,73.8567,Morning
Raipur,18-30,Low Risk,Drunk driving,Bus,Clear,State Highway,Damaged,Daylight,20.5937,78.9629,Afternoon
Raipur,18-30,Low Risk,Changing lane to the left,Car,Clear,Highways,Normal,Daylight,20.5937,78.9629,Night
Raipur,18-30,Low Risk,Changing lane to the left,Pedestrian,Hazy,National Highway,Wet,Daylight,20.5937,78.9629,Afternoon
Gwalior,18-30,Medium Risk,Driving to the left,Two-Wheeler,Hazy,Highways,Normal,Dark,20.5937,78.9629,Night
Raipur,18-30,Low Risk,Changing lane to the left,Two-Wheeler,Clear,State Highway,Damaged,Dark,20.5937,78.9629,Morning
Raipur,18-30,Low Risk,Driving under the influence of drugs,Truck,Foggy,National Highway,Damaged,Daylight,20.5937,78.9629,Evening
Raipur,18-30,Low Risk,No priority to pedestrian,Pedestrian,Clear,Highways,Normal,Dawn,20.5937,78.9629,Night
Raipur,18-30,Low Risk,Changing lane to the left,Car,Hazy,Urban Road,Dry,Dark,20.5937,78.9629,Night
Raipur,31-50,Medium Risk,Moving Backward,Cycle,Clear,Village Road,Normal,Dawn,20.5937,78.9629,Night
Raipur,31-50,Medium Risk,Overtaking,Cycle,Foggy,State Highway,Damaged,Dawn,20.5937,78.9629,Afternoon
Kanpur,50+,Low Risk,Changing lane to the left,Auto-Rickshaw,Clear,Highways,Normal,Dark,26.4499,80.3319,Evening
Raipur,31-50,Low Risk,Changing lane to the right,Pedestrian,Stormy,National Highway,Damaged,Dusk,20.5937,78.9629,Evening
Raipur,18-30,Low Risk,Overtaking,Auto-Rickshaw,Clear,Urban Road,Wet,Dawn,20.5937,78.9629,Morning
Raipur,18-30,Low Risk,Overloading,Bus,Stormy,Village Road,Wet,Dawn,20.5937,78.9629,Evening
Thrissur,18-30,Low Risk,Other,Auto-Rickshaw,Hazy,Highways,Normal,Dusk,20.5937,78.9629,Night
Mumbai,18-30,Medium Risk,No priority to vehicle,Auto-Rickshaw,Clear,Highways,Normal,Dusk,19.076,72.8777,Evening
Delhi,18-30,Low Risk,Changing lane to the right,Car,Rainy,Highways,Normal,Daylight,28.6139,77.209,Morning
Raipur,18-30,Low Risk,Moving Backward,Truck,Stormy,National Highway,Under Construction,Dawn,20.5937,78.9629,Afternoon
Raipur,18-30,Low Risk,Changing lane to the left,Auto-Rickshaw,Clear,Village Road,Under Construction,Dawn,20.5937,78.9629,Morning
Kollam,18-30,Low Risk,No priority to pedestrian,Pedestrian,Stormy,Highways,Normal,Dusk,20.5937,78.9629,Afternoon
Kanpur,31-50,Low Risk,No distancing,Pedestrian,Clear,Highways,Normal,Dark,26.4499,80.3319,Morning
Raipur,18-30,Low Risk,No priority to vehicle,Bus,Clear,Highways,Normal,Daylight,20.5937,78.9629,Night
Ahmedabad,18-30,Medium Risk,No distancing,Truck,Clear,Highways,Normal,Daylight,23.0225,72.5714,Evening
Raipur,31-50,Low Risk,No distancing,Truck,Clear,Village Road,Damaged,Daylight,20.5937,78.9629,Afternoon
Raipur,18-30,Low Risk,Moving Backward,Auto-Rickshaw,Hazy,State Highway,Wet,Daylight,20.5937,78.9629,Evening
Raipur,18-30,Low Risk,Changing lane to the right,Pedestrian,Clear,National Highway,Dry,Dawn,20.5937,78.9629,Morning
Raipur,31-50,Medium Risk,No priority to pedestrian,Car,Stormy,Highways,Normal,Daylight,20.5937,78.9629,Morning
Raipur,18-30,Low Risk,Moving Backward,Pedestrian,Clear,Urban Road,Wet,Daylight,20.5937,78.9629,Morning
Raipur,31-50,Low Risk,Moving Backward,Car,Stormy,Highways,Normal,Dawn,20.5937,78.9629,Evening
Raipur,31-50,Low Risk,Overtaking,Pedestrian,Clear,Village Road,Dry,Dark,20.5937,78.9629,Night
Raipur,18-30,Low Risk,Changing lane to the left,Two-Wheeler,Clear,Village Road,Under Construction,Daylight,20.5937,78.9629,Afternoon
Raipur,31-50,Low Risk,Changing lane to the right,Pedestrian,Rainy,State Highway,Under Construction,Daylight,20.5937,78.9629,Night
Raipur,18-30,Low Risk,Overtaking,Auto-Rickshaw,Clear,Highways,Normal,Dawn,20.5937,78.9629,Night
Raipur,18-30,Medium Risk,Overloading,Truck,Clear,Highways,Normal,Daylight,20.5937,78.9629,Afternoon
Raipur,50+,Low Risk,Other,Pedestrian,Rainy,Village Road,Wet,Daylight,20.5937,78.9629,Morning
Raipur,18-30,Medium Risk,No priority to vehicle,Bus,Stormy,Urban Road,Under Construction,Daylight,20.5937,78.9629,Afternoon
Rajkot,31-50,Medium Risk,Changing lane to the right,Auto-Rickshaw,Clear,Village Road,Under Construction,Dusk,20.5937,78.9629,Night
Rajkot,18-30,Low Risk,Moving Backward,Pedestrian,Hazy,Village Road,Dry,Daylight,20.5937,78.9629,Evening
Surat,18-30,Low Risk,Changing lane to the left,Auto-Rickshaw,Hazy,Highways,Normal,Daylight,21.1702,72.8311,Afternoon
Rajkot,18-30,Medium Risk,No priority to pedestrian,Pedestrian,Stormy,State Highway,Wet,Dusk,20.5937,78.9629,Night
Varanasi,50+,Low Risk,No distancing,Truck,Foggy,Highways,Normal,Dusk,25.3176,82.9739,Afternoon
Rajkot,50+,Low Risk,No priority to vehicle,Bus,Clear,Highways,Normal,Dark,20.5937,78.9629,Morning
Rajkot,31-50,Medium Risk,No distancing,Bus,Clear,State Highway,Dry,Dusk,20.5937,78.9629,Afternoon
Rajkot,18-30,Low Risk,Moving Backward,Pedestrian,Stormy,Highways,Normal,Daylight,20.5937,78.9629,Morning
Rajkot,31-50,Medium Risk,Overtaking,Truck,Rainy,State Highway,Wet,Daylight,20.5937,78.9629,Night
Rajkot,18-30,Low Risk,Changing lane to the left,Auto-Rickshaw,Clear,Urban Road,Under Construction,Dark,20.5937,78.9629,Night
Rajkot,18-30,Low Risk,Changing lane to the right,Two-Wheeler,Hazy,State Highway,Damaged,Daylight,20.5937,78.9629,Evening
Rajkot,18-30,Low Risk,Overtaking,Two-Wheeler,Clear,Village Road,Damaged,Daylight,20.5937,78.9629,Morning
Tiruchirapalli,18-30,Low Risk,Overloading,Pedestrian,Foggy,Highways,Normal,Dawn,20.5937,78.9629,Evening
Rajkot,31-50,Low Risk,Other,Two-Wheeler,Stormy,Village Road,Damaged,Dark,20.5937,78.9629,Night
Rajkot,50+,Low Risk,No priority to vehicle,Cycle,Clear,State Highway,Damaged,Dawn,20.5937,78.9629,Morning
Rajkot,50+,Low Risk,Changing lane to the right,Cycle,Rainy,State Highway,Normal,Daylight,20.5937,78.9629,Night
Rajkot,18-30,Low Risk,Moving Backward,Two-Wheeler,Foggy,Village Road,Under Construction,Daylight,20.5937,78.9629,Morning
Rajkot,18-30,Low Risk,Changing lane to the left,Car,Hazy,Village Road,Under Construction,Daylight,20.5937,78.9629,Morning
Rajkot,18-30,Low Risk,No priority to pedestrian,Car,Clear,National Highway,Damaged,Dusk,20.5937,78.9629,Afternoon
Rajkot,18-30,Low Risk,No distancing,Pedestrian,Stormy,Highways,Normal,Daylight,20.5937,78.9629,Morning
Aurangabad,18-30,Low Risk,No priority to vehicle,Car,Stormy,Highways,Normal,Dawn,20.5937,78.9629,Morning
Rajkot,18-30,Low Risk,No distancing,Car,Rainy,Urban Road,Wet,Daylight,20.5937,78.9629,Evening
Rajkot,18-30,Low Risk,No distancing,Car,Clear,Highways,Normal,Daylight,20.5937,78.9629,Morning
Rajkot,31-50,Low Risk,Moving Backward,Car,Rainy,Highways,Normal,Daylight,20.5937,78.9629,Night
Rajkot,31-50,Low Risk,Changing lane to the right,Bus,Clear,Highways,Normal,Daylight,20.5937,78.9629,Afternoon
Nashik,31-50,Low Risk,No priority to pedestrian,Bus,Foggy,Highways,Normal,Daylight,20.5937,78.9629,Morning
Rajkot,18-30,Low Risk,Moving Backward,Car,Clear,State Highway,Wet,Dark,20.5937,78.9629,Night
Rajkot,31-50,Low Risk,Getting off the vehicle improperly,Bus,Clear,Village Road,Dry,Daylight,20.5937,78.9629,Morning
Rajkot,31-50,Low Risk,Overtaking,Truck,Foggy,State Highway,Damaged,Daylight,20.5937,78.9629,Afternoon
Asansol Durgapur,18-30,Low Risk,Overloading,Car,Clear,Highways,Normal,Daylight,20.5937,78.9629,Evening
Rajkot,31-50,Low Risk,Changing lane to the right,Car,Clear,Village Road,Dry,Dark,20.5937,78.9629,Morning
Rajkot,18-30,Low Risk,Improper parking,Bus,Clear,Village Road,Dry,Dusk,20.5937,78.9629,Morning
Rajkot,18-30,Low Risk,Other,Car,Rainy,Village Road,Under Construction,Daylight,20.5937,78.9629,Afternoon
Rajkot,18-30,Low Risk,Changing lane to the left,Cycle,Clear,Urban Road,Damaged,Daylight,20.5937,78.9629,Night
Rajkot,18-30,Low Risk,Changing lane to the right,Pedestrian,Clear,Highways,Normal,Dark,20.5937,78.9629,Afternoon
Rajkot,31-50,Low Risk,No priority to pedestrian,Cycle,Clear,Highways,Normal,Daylight,20.5937,78.9629,Night
Srinagar,18-30,Low Risk,Overspeed,Car,Clear,Urban Road,Wet,Daylight,20.5937,78.9629,Afternoon
Srinagar,31-50,Low Risk,Changing lane to the left,Cycle,Clear,Highways,Normal,Dusk,20.5937,78.9629,Night
Bengaluru,31-50,Low Risk,No priority to vehicle,Pedestrian,Clear,Highways,Normal,Daylight,12.9716,77.5946,Evening
Srinagar,18-30,Low Risk,Changing lane to the right,Auto-Rickshaw,Clear,National Highway,Wet,Daylight,20.5937,78.9629,Morning
Srinagar,31-50,Low Risk,No distancing,Cycle,Clear,Village Road,Wet,Daylight,20.5937,78.9629,Afternoon
Srinagar,31-50,Low Risk,No priority to pedestrian,Truck,Clear,Highways,Normal,Daylight,20.5937,78.9629,Night
Srinagar,31-50,Low Risk,No distancing,Cycle,Stormy,National Highway,Wet,Daylight,20.5937,78.9629,Evening
Srinagar,31-50,Low Risk,No priority to vehicle,Two-Wheeler,Hazy,National Highway,Wet,Dark,20.5937,78.9629,Evening
Srinagar,18-30,Low Risk,Other,Bus,Stormy,Village Road,Dry,Dusk,20.5937,78.9629,Evening
Varanasi,31-50,Low Risk,Driving carelessly,Pedestrian,Foggy,Highways,Normal,Dark,25.3176,82.9739,Morning
Srinagar,18-30,Low Risk,Changing lane to the left,Cycle,Hazy,National Highway,Dry,Daylight,20.5937,78.9629,Night
Srinagar,18-30,Low Risk,Driving carelessly,Bus,Hazy,State Highway,Under Construction,Daylight,20.5937,78.9629,Night
Srinagar,18-30,Low Risk,Changing lane to the left,Auto-Rickshaw,Clear,State Highway,Dry,Dusk,20.5937,78.9629,Afternoon
Srinagar,31-50,Low Risk,No priority to vehicle,Car,Rainy,Urban Road,Under Construction,Dawn,20.5937,78.9629,Morning
Srinagar,31-50,Low Risk,No distancing,Bus,Hazy,Highways,Normal,Dawn,20.5937,78.9629,Afternoon
Mallapuram,50+,Low Risk,Changing lane to the right,Auto-Rickshaw,Clear,Highways,Normal,Dusk,20.5937,78.9629,Evening
Srinagar,31-50,Low Risk,Changing lane to the right,Truck,Rainy,Village Road,Dry,Dusk,20.5937,78.9629,Evening
Srinagar,31-50,Low Risk,Driving at high speed,Truck,Rainy,State Highway,Damaged,Daylight,20.5937,78.9629,Night
Srinagar,18-30,Medium Risk,No distancing,Car,Clear,National Highway,Under Construction,Dark,20.5937,78.9629,Night
Srinagar,18-30,Low Risk,Changing lane to the right,Car,Foggy,Highways,Normal,Daylight,20.5937,78.9629,Evening
Srinagar,18-30,Low Risk,Changing lane to the left,Truck,Clear,Urban Road,Wet,Dark,20.5937,78.9629,Morning
Srinagar,18-30,Low Risk,Getting off the vehicle improperly,Two-Wheeler,Clear,Village Road,Under Construction,Dusk,20.5937,78.9629,Evening
Srinagar,18-30,Low Risk,Other,Two-Wheeler,Hazy,National Highway,Under Construction,Dusk,20.5937,78.9629,Afternoon
Srinagar,18-30,Low Risk,Other,Two-Wheeler,Stormy,National Highway,Damaged,Dusk,20.5937,78.9629,Morning
Srinagar,18-30,Low Risk,No distancing,Two-Wheeler,Clear,Highways,Normal,Dark,20.5937,78.9629,Morning
Srinagar,18-30,Medium Risk,No priority to vehicle,Auto-Rickshaw,Foggy,State Highway,Wet,Daylight,20.5937,78.9629,Evening
Srinagar,18-30,Medium Risk,Overtaking,Car,Clear,State Highway,Under Construction,Daylight,20.5937,78.9629,Afternoon
Srinagar,18-30,Low Risk,No priority to pedestrian,Truck,Rainy,Urban Road,Under Construction,Daylight,20.5937,78.9629,Morning
Srinagar,18-30,Low Risk,No distancing,Auto-Rickshaw,Clear,Village Road,Wet,Daylight,20.5937,78.9629,Afternoon
Srinagar,18-30,Low Risk,Changing lane to the right,Bus,Stormy,Highways,Normal,Daylight,20.5937,78.9629,Night
Srinagar,31-50,Low Risk,Driving carelessly,Two-Wheeler,Stormy,Urban Road,Wet,Dark,20.5937,78.9629,Morning
Srinagar,18-30,Low Risk,Changing lane to the right,Auto-Rickshaw,Rainy,Urban Road,Wet,Dark,20.5937,78.9629,Night
Thrissur,18-30,Low Risk,Overtaking,Truck,Clear,Highways,Normal,Daylight,20.5937,78.9629,Evening
Srinagar,18-30,Low Risk,Other,Bus,Foggy,Urban Road,Wet,Dark,20.5937,78.9629,Night
Srinagar,31-50,Low Risk,Driving to the left,Car,Rainy,State Highway,Under Construction,Daylight,20.5937,78.9629,Afternoon
Mumbai,18-30,Low Risk,Driving at high speed,Car,Hazy,Highways,Normal,Dawn,19.076,72.8777,Evening
Surat,18-30,Low Risk,Unknown,Pedestrian,Stormy,Highways,Normal,Daylight,21.1702,72.8311,Night
Surat,31-50,Low Risk,Moving Backward,Cycle,Clear,Highways,Normal,Dawn,21.1702,72.8311,Evening
Delhi,18-30,Low Risk,Overtaking,Two-Wheeler,Foggy,Highways,Normal,Daylight,28.6139,77.209,Afternoon
Surat,18-30,Low Risk,Changing lane to the left,Cycle,Clear,Highways,Normal,Daylight,21.1702,72.8311,Night
Surat,18-30,Low Risk,Changing lane to the right,Bus,Clear,Village Road,Dry,Dawn,21.1702,72.8311,Afternoon
Surat,31-50,Low Risk,Overtaking,Pedestrian,Clear,National Highway,Dry,Dawn,21.1702,72.8311,Night
Surat,31-50,Low Risk,Overloading,Pedestrian,Clear,State Highway,Wet,Daylight,21.1702,72.8311,Evening
Kannur,18-30,Medium Risk,Other,Bus,Rainy,Highways,Normal,Dawn,20.5937,78.9629,Night
Surat,18-30,Low Risk,No priority to vehicle,Auto-Rickshaw,Clear,Village Road,Wet,Daylight,21.1702,72.8311,Night
Surat,31-50,Low Risk,Changing lane to the right,Truck,Clear,Urban Road,Normal,Daylight,21.1702,72.8311,Night
Kanpur,31-50,Low Risk,Moving Backward,Bus,Clear,Highways,Normal,Daylight,26.4499,80.3319,Night
Surat,31-50,Low Risk,Changing lane to the left,Bus,Clear,National Highway,Wet,Dusk,21.1702,72.8311,Afternoon
Surat,50+,Low Risk,No priority to pedestrian,Cycle,Rainy,National Highway,Under Construction,Daylight,21.1702,72.8311,Afternoon
Surat,18-30,Low Risk,No distancing,Car,Hazy,Highways,Normal,Dusk,21.1702,72.8311,Morning
Surat,18-30,Low Risk,No priority to vehicle,Cycle,Rainy,Village Road,Dry,Dark,21.1702,72.8311,Morning
Surat,18-30,Low Risk,No distancing,Auto-Rickshaw,Clear,Highways,Normal,Dark,21.1702,72.8311,Evening
Surat,50+,Low Risk,No distancing,Car,Clear,National Highway,Damaged,Dark,21.1702,72.8311,Night
Surat,18-30,Low Risk,Moving Backward,Two-Wheeler,Hazy,Highways,Normal,Dark,21.1702,72.8311,Morning
Surat,18-30,Low Risk,Changing lane to the right,Car,Hazy,National Highway,Normal,Daylight,21.1702,72.8311,Morning
Surat,18-30,Low Risk,No priority to pedestrian,Auto-Rickshaw,Clear,National Highway,Under Construction,Dark,21.1702,72.8311,Morning
Surat,18-30,Low Risk,Moving Backward,Car,Stormy,Urban Road,Dry,Daylight,21.1702,72.8311,Afternoon
Surat,31-50,Low Risk,Getting off the vehicle improperly,Two-Wheeler,Clear,National Highway,Wet,Daylight,21.1702,72.8311,Morning
Surat,18-30,Low Risk,Overtaking,Pedestrian,Stormy,Urban Road,Under Construction,Dark,21.1702,72.8311,Evening
Surat,18-30,Low Risk,Overloading,Pedestrian,Clear,State Highway,Dry,Dawn,21.1702,72.8311,Night
Surat,31-50,Low Risk,Changing lane to the right,Car,Stormy,State Highway,Damaged,Daylight,21.1702,72.8311,Afternoon
Surat,18-30,Low Risk,Improper parking,Cycle,Clear,National Highway,Damaged,Dusk,21.1702,72.8311,Morning
Surat,18-30,Low Risk,Other,Auto-Rickshaw,Clear,State Highway,Wet,Daylight,21.1702,72.8311,Morning
Surat,31-50,Low Risk,Changing lane to the left,Truck,Clear,Village Road,Under Construction,Dark,21.1702,72.8311,Morning
Surat,31-50,Low Risk,Changing lane to the right,Auto-Rickshaw,Stormy,Village Road,Dry,Daylight,21.1702,72.8311,Evening
Surat,18-30,Low Risk,No priority to pedestrian,Cycle,Rainy,Village Road,Under Construction,Daylight,21.1702,72.8311,Morning
Agra,31-50,Low Risk,Overspeed,Car,Foggy,Highways,Normal,Daylight,27.1767,78.0081,Afternoon
Surat,18-30,Low Risk,Changing lane to the left,Cycle,Foggy,State Highway,Damaged,Dark,21.1702,72.8311,Night
Surat,31-50,Low Risk,No priority to vehicle,Cycle,Clear,State Highway,Under Construction,Dark,21.1702,72.8311,Morning
Surat,31-50,Low Risk,Changing lane to the right,Car,Clear,State Highway,Under Construction,Daylight,21.1702,72.8311,Afternoon
Jaipur,18-30,Low Risk,No distancing,Bus,Clear,Highways,Normal,Dark,26.9124,75.7873,Afternoon
Pune,31-50,Low Risk,No priority to pedestrian,Cycle,Clear,Highways,Normal,Dusk,18.5204,73.8567,Night
Thiruvanthapuram,18-30,Low Risk,No distancing,Two-Wheeler,Rainy,Urban Road,Dry,Daylight,20.5937,78.9629,Afternoon
Thiruvanthapuram,18-30,Medium Risk,No priority to vehicle,Car,Clear,Highways,Normal,Daylight,20.5937,78.9629,Afternoon
Thiruvanthapuram,31-50,Low Risk,Other,Truck,Clear,State Highway,Damaged,Dusk,20.5937,78.9629,Evening
Jamshedpur,31-50,Low Risk,Driving carelessly,Bus,Clear,Highways,Normal,Dusk,20.5937,78.9629,Afternoon
Dhanbad,50+,Low Risk,Changing lane to the left,Two-Wheeler,Clear,Highways,Normal,Dark,20.5937,78.9629,Night
Thiruvanthapuram,18-30,Low Risk,Driving carelessly,Car,Clear,Urban Road,Damaged,Daylight,20.5937,78.9629,Night
Thiruvanthapuram,18-30,Low Risk,Changing lane to the left,Truck,Hazy,Urban Road,Wet,Dawn,20.5937,78.9629,Afternoon
Thiruvanthapuram,31-50,Low Risk,No priority to vehicle,Two-Wheeler,Clear,Village Road,Normal,Dark,20.5937,78.9629,Evening
Thiruvanthapuram,31-50,Low Risk,No distancing,Auto-Rickshaw,Clear,State Highway,Wet,Dawn,20.5937,78.9629,Night
Thiruvanthapuram,31-50,Low Risk,Changing lane to the right,Bus,Hazy,Highways,Normal,Dawn,20.5937,78.9629,Night
Thiruvanthapuram,18-30,Low Risk,Changing lane to the right,Bus,Foggy,National Highway,Dry,Dusk,20.5937,78.9629,Evening
Thiruvanthapuram,31-50,Low Risk,Driving at high speed,Two-Wheeler,Clear,National Highway,Damaged,Dark,20.5937,78.9629,Evening
Thiruvanthapuram,31-50,Low Risk,No distancing,Car,Stormy,National Highway,Wet,Dusk,20.5937,78.9629,Night
Thiruvanthapuram,18-30,Low Risk,Changing lane to the right,Pedestrian,Rainy,Highways,Normal,Daylight,20.5937,78.9629,Afternoon
Varanasi,18-30,Low Risk,Changing lane to the left,Car,Clear,Highways,Normal,Dawn,25.3176,82.9739,Morning
Thiruvanthapuram,31-50,Medium Risk,Getting off the vehicle improperly,Bus,Clear,Village Road,Damaged,Daylight,20.5937,78.9629,Morning
Thiruvanthapuram,18-30,Medium Risk,Other,Truck,Clear,Village Road,Damaged,Dusk,20.5937,78.9629,Afternoon
Thiruvanthapuram,31-50,Low Risk,Other,Truck,Clear,Highways,Normal,Daylight,20.5937,78.9629,Afternoon
Jaipur,31-50,Medium Risk,No distancing,Car,Clear,Highways,Normal,Dark,26.9124,75.7873,Morning
Chandigarh,18-30,Low Risk,No priority to vehicle,Two-Wheeler,Clear,Highways,Normal,Dark,20.5937,78.9629,Morning
Thiruvanthapuram,31-50,Low Risk,Overtaking,Car,Clear,National Highway,Wet,Dawn,20.5937,78.9629,Morning
Thiruvanthapuram,18-30,Medium Risk,No priority to pedestrian,Two-Wheeler,Clear,Urban Road,Under Construction,Daylight,20.5937,78.9629,Night
Thiruvanthapuram,18-30,Medium Risk,No distancing,Car,Clear,National Highway,Wet,Dawn,20.5937,78.9629,Evening
Thiruvanthapuram,18-30,Low Risk,Changing lane to the right,Car,Rainy,Highways,Normal,Dawn,20.5937,78.9629,Morning
Thiruvanthapuram,18-30,Medium Risk,Driving carelessly,Truck,Stormy,Highways,Normal,Dark,20.5937,78.9629,Night
Thiruvanthapuram,31-50,Medium Risk,Changing lane to the right,Bus,Stormy,Village Road,Wet,Dawn,20.5937,78.9629,Morning
Thiruvanthapuram,18-30,Medium Risk,Overtaking,Cycle,Rainy,Village Road,Wet,Dawn,20.5937,78.9629,Morning
Thiruvanthapuram,31-50,Medium Risk,Other,Truck,Clear,National Highway,Damaged,Daylight,20.5937,78.9629,Morning
Thiruvanthapuram,18-30,Medium Risk,Driving to the left,Bus,Hazy,National Highway,Wet,Dawn,20.5937,78.9629,Evening
Thiruvanthapuram,18-30,Low Risk,Driving at high speed,Bus,Rainy,Highways,Normal,Daylight,20.5937,78.9629,Afternoon
Thiruvanthapuram,50+,Low Risk,Unknown,Car,Hazy,State Highway,Dry,Daylight,20.5937,78.9629,Morning
Thiruvanthapuram,50+,Low Risk,Changing lane to the right,Car,Foggy,Highways,Normal,Daylight,20.5937,78.9629,Night
Thiruvanthapuram,18-30,Low Risk,No distancing,Cycle,Clear,Village Road,Damaged,Dark,20.5937,78.9629,Morning
Bengaluru,50+,Medium Risk,Other,Car,Rainy,Highways,Normal,Dawn,12.9716,77.5946,Evening
Thiruvanthapuram,18-30,Low Risk,No priority to vehicle,Auto-Rickshaw,Rainy,Village Road,Wet,Daylight,20.5937,78.9629,Afternoon
Thiruvanthapuram,18-30,Low Risk,Changing lane to the left,Truck,Clear,Highways,Normal,Daylight,20.5937,78.9629,Night
Vadodra,18-30,Low Risk,No priority to pedestrian,Pedestrian,Clear,Highways,Normal,Daylight,20.5937,78.9629,Morning
Thrissur,18-30,Low Risk,Overtaking,Pedestrian,Stormy,Village Road,Under Construction,Daylight,20.5937,78.9629,Night
Thrissur,50+,Low Risk,Driving carelessly,Car,Rainy,State Highway,Damaged,Daylight,20.5937,78.9629,Evening
Thrissur,18-30,Low Risk,No priority to vehicle,Two-Wheeler,Clear,Village Road,Wet,Daylight,20.5937,78.9629,Morning
Thrissur,31-50,Low Risk,No priority to pedestrian,Truck,Clear,National Highway,Dry,Dusk,20.5937,78.9629,Morning
Thrissur,50+,Low Risk,Changing lane to the right,Two-Wheeler,Clear,National Highway,Damaged,Dark,20.5937,78.9629,Afternoon
Thrissur,18-30,Low Risk,Driving carelessly,Auto-Rickshaw,Clear,National Highway,Normal,Dawn,20.5937,78.9629,Morning
Thrissur,18-30,Medium Risk,Changing lane to the right,Pedestrian,Clear,State Highway,Under Construction,Dusk,20.5937,78.9629,Morning
Thrissur,18-30,Low Risk,Changing lane to the right,Cycle,Rainy,Highways,Normal,Daylight,20.5937,78.9629,Evening
Thrissur,18-30,Low Risk,Changing lane to the left,Auto-Rickshaw,Clear,Urban Road,Wet,Daylight,20.5937,78.9629,Morning
Thrissur,18-30,Low Risk,Overturning,Auto-Rickshaw,Rainy,Highways,Normal,Daylight,20.5937,78.9629,Morning
Thrissur,18-30,Low Risk,Driving carelessly,Car,Clear,State Highway,Dry,Dusk,20.5937,78.9629,Afternoon
Thrissur,18-30,Low Risk,No distancing,Car,Foggy,State Highway,Wet,Dark,20.5937,78.9629,Morning
Bhopal,18-30,Low Risk,Driving carelessly,Auto-Rickshaw,Clear,Highways,Normal,Dawn,20.5937,78.9629,Night
Thrissur,18-30,Low Risk,Changing lane to the left,Car,Clear,National Highway,Dry,Dawn,20.5937,78.9629,Morning
Thrissur,31-50,Low Risk,No priority to vehicle,Truck,Rainy,Village Road,Normal,Daylight,20.5937,78.9629,Morning
Thrissur,50+,Low Risk,Changing lane to the right,Bus,Clear,State Highway,Dry,Daylight,20.5937,78.9629,Night
Thrissur,31-50,Low Risk,No distancing,Car,Rainy,Highways,Normal,Dark,20.5937,78.9629,Night
Thrissur,18-30,Low Risk,Moving Backward,Cycle,Rainy,Village Road,Damaged,Daylight,20.5937,78.9629,Morning
Thrissur,18-30,Low Risk,Moving Backward,Car,Stormy,State Highway,Damaged,Dark,20.5937,78.9629,Afternoon
Thrissur,18-30,Low Risk,No distancing,Car,Hazy,National Highway,Under Construction,Daylight,20.5937,78.9629,Night
Thrissur,18-30,Low Risk,No distancing,Pedestrian,Rainy,State Highway,Damaged,Daylight,20.5937,78.9629,Night
Khozikode,18-30,Low Risk,No distancing,Car,Clear,Highways,Normal,Daylight,20.5937,78.9629,Night
Vizaq,31-50,Low Risk,No priority to pedestrian,Car,Clear,Highways,Normal,Daylight,20.5937,78.9629,Night
Thrissur,18-30,Low Risk,Driving carelessly,Truck,Clear,State Highway,Wet,Daylight,20.5937,78.9629,Night
Thrissur,18-30,Low Risk,Changing lane to the right,Car,Hazy,State Highway,Wet,Daylight,20.5937,78.9629,Morning
Thrissur,31-50,Low Risk,Changing lane to the left,Car,Foggy,Village Road,Wet,Daylight,20.5937,78.9629,Morning
Thrissur,18-30,Low Risk,Driving carelessly,Car,Clear,State Highway,Normal,Daylight,20.5937,78.9629,Morning
Thrissur,50+,Low Risk,Driving carelessly,Two-Wheeler,Clear,State Highway,Dry,Dawn,20.5937,78.9629,Morning
Thrissur,18-30,High Risk,No distancing,Car,Stormy,Urban Road,Wet,Daylight,20.5937,78.9629,Night
Thrissur,18-30,Low Risk,Other,Car,Clear,Urban Road,Dry,Dusk,20.5937,78.9629,Morning
Asansol Durgapur,31-50,Low Risk,Changing lane to the right,Cycle,Clear,Highways,Normal,Daylight,20.5937,78.9629,Morning
Thrissur,18-30,Low Risk,Changing lane to the right,Pedestrian,Clear,Village Road,Under Construction,Daylight,20.5937,78.9629,Morning
Thrissur,18-30,Medium Risk,No distancing,Truck,Clear,Highways,Normal,Daylight,20.5937,78.9629,Evening
Thrissur,31-50,Low Risk,No distancing,Pedestrian,Clear,National Highway,Under Construction,Daylight,20.5937,78.9629,Night
Thrissur,31-50,Low Risk,Overturning,Pedestrian,Hazy,State Highway,Wet,Dusk,20.5937,78.9629,Night
Tiruchirapalli,18-30,Low Risk,Driving at high speed,Car,Clear,National Highway,Damaged,Dark,20.5937,78.9629,Night
Tiruchirapalli,18-30,Medium Risk,No priority to vehicle,Truck,Clear,Highways,Normal,Dawn,20.5937,78.9629,Night