Million_Plus_Cities,Age_band_of_driver,Accident_severity,Cause_of_accident,Vehicle Type Involved,Weather Conditions,Road Type,Road Condition,Lighting Conditions,Latitude,Longitude,Time_Block
Tiruchirapalli,18-30,Low Risk,No priority to pedestrian,Car,Clear,Highways,Normal,Dawn,20.5937,78.9629,Afternoon
Tiruchirapalli,18-30,Low Risk,No priority to vehicle,Bus,Stormy,National Highway,Damaged,Daylight,20.5937,78.9629,Morning
Aurangabad,18-30,Medium Risk,Other,Auto-Rickshaw,Hazy,Highways,Normal,Daylight,20.5937,78.9629,Night
Tiruchirapalli,18-30,Low Risk,Other,Auto-Rickshaw,Stormy,Village Road,Dry,Daylight,20.5937,78.9629,Afternoon
Tiruchirapalli,18-30,Medium Risk,Moving Backward,Auto-Rickshaw,Rainy,Highways,Normal,Dawn,20.5937,78.9629,Night
Tiruchirapalli,31-50,Medium Risk,No distancing,Car,Stormy,Highways,Normal,Dark,20.5937,78.9629,Morning
Tiruchirapalli,18-30,Medium Risk,Moving Backward,Car,Hazy,Urban Road,Damaged,Dawn,20.5937,78.9629,Afternoon
Tiruchirapalli,18-30,Low Risk,No priority to vehicle,Two-Wheeler,Rainy,State Highway,Normal,Daylight,20.5937,78.9629,Morning
Tiruchirapalli,18-30,Low Risk,Driving carelessly,Bus,Hazy,Village Road,Damaged,Daylight,20.5937,78.9629,Afternoon
Tiruchirapalli,18-30,Low Risk,No distancing,Two-Wheeler,Rainy,Highways,Normal,Daylight,20.5937,78.9629,Evening
Tiruchirapalli,18-30,Low Risk,Other,Car,Clear,Urban Road,Damaged,Daylight,20.5937,78.9629,Night
Tiruchirapalli,31-50,Low Risk,Changing lane to the right,Pedestrian,Clear,Village Road,Under Construction,Dawn,20.5937,78.9629,Night
Tiruchirapalli,31-50,Low Risk,No distancing,Bus,Clear,National Highway,Under Construction,Dark,20.5937,78.9629,Morning
Tiruchirapalli,50+,Low Risk,Driving carelessly,Truck,Clear,Village Road,Wet,Daylight,20.5937,78.9629,Evening
Tiruchirapalli,18-30,Medium Risk,No distancing,Car,Foggy,Village Road,Wet,Daylight,20.5937,78.9629,Night
Raipur,31-50,Low Risk,No priority to vehicle,Two-Wheeler,Foggy,Highways,Normal,Daylight,20.5937,78.9629,Evening
Tiruchirapalli,31-50,Low Risk,Changing lane to the right,Truck,Foggy,Highways,Normal,Daylight,20.5937,78.9629,Night
Tiruchirapalli,18-30,Low Risk,No priority to pedestrian,Auto-Rickshaw,Foggy,State Highway,Damaged,Dusk,20.5937,78.9629,Morning
Faridabad,18-30,Low Risk,No priority to vehicle,Pedestrian,Clear,Highways,Normal,Daylight,20.5937,78.9629,Morning
Tiruchirapalli,31-50,Low Risk,Changing lane to the left,Two-Wheeler,Clear,State Highway,Damaged,Dark,20.5937,78.9629,Afternoon
Tiruchirapalli,50+,Low Risk,Turnover,Cycle,Clear,Highways,Normal,Daylight,20.5937,78.9629,Evening
Tiruchirapalli,18-30,Low Risk,Driving to the left,Two-Wheeler,Clear,National Highway,Wet,Dark,20.5937,78.9629,Night
Khozikode,50+,Medium Risk,Driving carelessly,Bus,Hazy,Highways,Normal,Dawn,20.5937,78.9629,Afternoon
Pune,31-50,Medium Risk,Driving to the left,Auto-Rickshaw,Foggy,Highways,Normal,Daylight,18.5204,73.8567,Morning
Jabalpur,31-50,Medium Risk,Driving carelessly,Car,Clear,Highways,Normal,Dawn,20.5937,78.9629,Afternoon
Tiruchirapalli,50+,Medium Risk,No priority to pedestrian,Car,Foggy,State Highway,Dry,Dark,20.5937,78.9629,Morning
Tiruchirapalli,18-30,Low Risk,Driving carelessly,Car,Clear,Urban Road,Wet,Dawn,20.5937,78.9629,Night
Tiruchirapalli,18-30,Medium Risk,Changing lane to the right,Car,Stormy,Highways,Normal,Daylight,20.5937,78.9629,Night
Tiruchirapalli,18-30,Low Risk,Moving Backward,Car,Rainy,National Highway,Under Construction,Dawn,20.5937,78.9629,Afternoon
Tiruchirapalli,18-30,Medium Risk,Driving carelessly,Pedestrian,Stormy,Highways,Normal,Daylight,20.5937,78.9629,Morning
Tiruchirapalli,18-30,Low Risk,Changing lane to the right,Pedestrian,Stormy,State Highway,Wet,Daylight,20.5937,78.9629,Morning
Thrissur,18-30,Low Risk,Driving carelessly,Two-Wheeler,Clear,Highways,Normal,Dawn,20.5937,78.9629,Night
Tiruchirapalli,18-30,Low Risk,Driving carelessly,Truck,Clear,National Highway,Under Construction,Daylight,20.5937,78.9629,Afternoon
Tiruchirapalli,18-30,Low Risk,Driving carelessly,Pedestrian,Stormy,Village Road,Under Construction,Dusk,20.5937,78.9629,Evening
Vadodra,18-30,Low Risk,Changing lane to the right,Auto-Rickshaw,Stormy,Highways,Normal,Dawn,20.5937,78.9629,Afternoon
Vadodra,18-30,Low Risk,Changing lane to the right,Cycle,Clear,National Highway,Wet,Daylight,20.5937,78.9629,Morning
Vadodra,18-30,Low Risk,Driving carelessly,Car,Clear,State Highway,Damaged,Dark,20.5937,78.9629,Evening
Vadodra,18-30,Low Risk,Overtaking,Auto-Rickshaw,Foggy,National Highway,Damaged,Daylight,20.5937,78.9629,Afternoon
Vadodra,31-50,Low Risk,Changing lane to the right,Cycle,Hazy,Village Road,Damaged,Dawn,20.5937,78.9629,Afternoon
Vadodra,18-30,Low Risk,No distancing,Cycle,Rainy,National Highway,Dry,Dawn,20.5937,78.9629,Night
Vadodra,18-30,Low Risk,Other,Two-Wheeler,Clear,National Highway,Dry,Daylight,20.5937,78.9629,Morning
Kota,31-50,Low Risk,Changing lane to the right,Two-Wheeler,Foggy,Highways,Normal,Dark,20.5937,78.9629,Afternoon
Vadodra,18-30,Low Risk,Changing lane to the right,Two-Wheeler,Clear,Urban Road,Damaged,Daylight,20.5937,78.9629,Morning
Agra,18-30,Medium Risk,Overtaking,Car,Foggy,Highways,Normal,Dusk,27.1767,78.0081,Evening
Vadodra,18-30,Low Risk,Other,Truck,Hazy,National Highway,Normal,Dawn,20.5937,78.9629,Morning
Vadodra,50+,Low Risk,Driving to the left,Car,Foggy,State Highway,Wet,Dawn,20.5937,78.9629,Morning
Vadodra,31-50,Medium Risk,Overtaking,Truck,Hazy,Urban Road,Dry,Daylight,20.5937,78.9629,Morning
Vadodra,18-30,Low Risk,No priority to vehicle,Auto-Rickshaw,Hazy,Highways,Normal,Daylight,20.5937,78.9629,Afternoon
Patna,18-30,Medium Risk,Moving Backward,Cycle,Clear,Highways,Normal,Daylight,25.5941,85.1376,Afternoon
Amritsar,18-30,Medium Risk,Other,Cycle,Rainy,Highways,Normal,Dawn,20.5937,78.9629,Evening
Vadodra,18-30,Low Risk,No priority to vehicle,Car,Clear,Urban Road,Under Construction,Dark,20.5937,78.9629,Evening
Vadodra,18-30,Low Risk,No priority to pedestrian,Car,Clear,National Highway,Wet,Daylight,20.5937,78.9629,Night
Vadodra,31-50,Low Risk,Changing lane to the right,Pedestrian,Rainy,Urban Road,Dry,Dark,20.5937,78.9629,Afternoon
Vadodra,31-50,Low Risk,Changing lane to the right,Two-Wheeler,Hazy,State Highway,Under Construction,Daylight,20.5937,78.9629,Evening
Vadodra,31-50,Low Risk,Changing lane to the right,Bus,Clear,Village Road,Dry,Dark,20.5937,78.9629,Afternoon
Vadodra,31-50,Low Risk,Driving to the left,Auto-Rickshaw,Clear,Highways,Normal,Dawn,20.5937,78.9629,Morning
Kannur,18-30,Low Risk,Changing lane to the left,Cycle,Clear,Highways,Normal,Dawn,20.5937,78.9629,Morning
Vadodra,18-30,Low Risk,Moving Backward,Pedestrian,Clear,National Highway,Under Construction,Daylight,20.5937,78.9629,Evening
Vadodra,18-30,Low Risk,Driving at high speed,Car,Foggy,National Highway,Under Construction,Daylight,20.5937,78.9629,Night
Vadodra,31-50,Low Risk,Moving Backward,Truck,Clear,Village Road,Wet,Daylight,20.5937,78.9629,Night
Vadodra,18-30,Low Risk,No distancing,Cycle,Foggy,State Highway,Dry,Daylight,20.5937,78.9629,Night
Vadodra,18-30,Low Risk,Other,Bus,Clear,State Highway,Wet,Daylight,20.5937,78.9629,Morning
Vadodra,18-30,Low Risk,No priority to vehicle,Bus,Rainy,State Highway,Under Construction,Daylight,20.5937,78.9629,Evening
Vadodra,18-30,Low Risk,Changing lane to the right,Car,Clear,Highways,Normal,Dark,20.5937,78.9629,Evening
Vadodra,18-30,Medium Risk,Other,Bus,Hazy,State Highway,Under Construction,Dusk,20.5937,78.9629,Afternoon
Vadodra,31-50,Medium Risk,No distancing,Two-Wheeler,Clear,Highways,Normal,Daylight,20.5937,78.9629,Morning
Kannur,18-30,Low Risk,Driving carelessly,Bus,Hazy,Highways,Normal,Daylight,20.5937,78.9629,Evening
Vadodra,18-30,Medium Risk,No distancing,Two-Wheeler,Stormy,Urban Road,Under Construction,Dawn,20.5937,78.9629,Night
Vadodra,31-50,Low Risk,Moving Backward,Cycle,Stormy,National Highway,Under Construction,Daylight,20.5937,78.9629,Afternoon
Vadodra,18-30,Low Risk,No distancing,Pedestrian,Clear,State Highway,Wet,Dark,20.5937,78.9629,Afternoon
Varanasi,50+,Low Risk,Moving Backward,Two-Wheeler,Foggy,Highways,Normal,Daylight,25.3176,82.9739,Morning
Varanasi,18-30,Low Risk,No priority to pedestrian,Two-Wheeler,Clear,Highways,Normal,Daylight,25.3176,82.9739,Morning
Varanasi,31-50,Low Risk,Changing lane to the left,Two-Wheeler,Clear,Urban Road,Damaged,Daylight,25.3176,82.9739,Morning
Varanasi,18-30,Medium Risk,No distancing,Truck,Hazy,Urban Road,Damaged,Daylight,25.3176,82.9739,Night
Varanasi,31-50,Medium Risk,Other,Cycle,Rainy,Village Road,Under Construction,Dark,25.3176,82.9739,Morning
Varanasi,31-50,Low Risk,No distancing,Auto-Rickshaw,Clear,Highways,Normal,Dawn,25.3176,82.9739,Morning
Varanasi,18-30,Low Risk,No priority to pedestrian,Cycle,Foggy,Urban Road,Damaged,Dawn,25.3176,82.9739,Morning
Varanasi,18-30,Low Risk,Moving Backward,Truck,Clear,National Highway,Under Construction,Daylight,25.3176,82.9739,Evening
Tiruchirapalli,31-50,Low Risk,No priority to pedestrian,Car,Rainy,Highways,Normal,Daylight,20.5937,78.9629,Morning
Varanasi,18-30,Low Risk,No distancing,Auto-Rickshaw,Clear,Highways,Normal,Daylight,25.3176,82.9739,Night
Varanasi,18-30,Low Risk,No priority to pedestrian,Truck,Hazy,National Highway,Wet,Daylight,25.3176,82.9739,Morning
Varanasi,18-30,Low Risk,Driving carelessly,Pedestrian,Rainy,Village Road,Dry,Dark,25.3176,82.9739,Evening
Varanasi,31-50,Low Risk,Getting off the vehicle improperly,Pedestrian,Clear,Village Road,Under Construction,Dawn,25.3176,82.9739,Morning
Varanasi,18-30,Low Risk,Driving carelessly,Truck,Clear,Highways,Normal,Dark,25.3176,82.9739,Afternoon
Varanasi,18-30,Low Risk,Changing lane to the left,Bus,Stormy,State Highway,Dry,Dusk,25.3176,82.9739,Night
Varanasi,18-30,Low Risk,Moving Backward,Cycle,Hazy,State Highway,Wet,Daylight,25.3176,82.9739,Morning
Varanasi,18-30,Low Risk,Overtaking,Truck,Clear,Urban Road,Under Construction,Daylight,25.3176,82.9739,Night
Aurangabad,31-50,Medium Risk,Changing lane to the left,Cycle,Clear,Highways,Normal,Dark,20.5937,78.9629,Evening
Varanasi,18-30,Medium Risk,Changing lane to the right,Cycle,Foggy,State Highway,Wet,Daylight,25.3176,82.9739,Morning
Varanasi,31-50,Medium Risk,Overtaking,Truck,Clear,Highways,Normal,Daylight,25.3176,82.9739,Afternoon
Varanasi,18-30,Low Risk,Overloading,Auto-Rickshaw,Stormy,State Highway,Under Construction,Daylight,25.3176,82.9739,Evening
Varanasi,18-30,Low Risk,Other,Car,Foggy,Urban Road,Dry,Dark,25.3176,82.9739,Night
Varanasi,18-30,Low Risk,No priority to vehicle,Truck,Clear,Highways,Normal,Dusk,25.3176,82.9739,Night
Varanasi,31-50,Low Risk,Changing lane to the right,Auto-Rickshaw,Hazy,Urban Road,Under Construction,Daylight,25.3176,82.9739,Night
Varanasi,31-50,Medium Risk,Moving Backward,Cycle,Stormy,Highways,Normal,Daylight,25.3176,82.9739,Morning
Varanasi,18-30,Low Risk,Changing lane to the left,Cycle,Clear,Highways,Normal,Dawn,25.3176,82.9739,Night
Varanasi,18-30,Low Risk,No priority to pedestrian,Bus,Hazy,Highways,Normal,Dusk,25.3176,82.9739,Night
Varanasi,18-30,Low Risk,No distancing,Pedestrian,Clear,Urban Road,Dry,Dawn,25.3176,82.9739,Morning
Varanasi,31-50,Low Risk,No priority to vehicle,Auto-Rickshaw,Clear,National Highway,Wet,Daylight,25.3176,82.9739,Afternoon
Varanasi,50+,Low Risk,No distancing,Truck,Rainy,National Highway,Wet,Daylight,25.3176,82.9739,Evening
Dhanbad,18-30,Low Risk,No distancing,Bus,Rainy,Highways,Normal,Daylight,20.5937,78.9629,Afternoon
Amritsar,18-30,Low Risk,Moving Backward,Pedestrian,Foggy,Highways,Normal,Dark,20.5937,78.9629,Night
Varanasi,18-30,Medium Risk,Changing lane to the right,Car,Foggy,Urban Road,Dry,Daylight,25.3176,82.9739,Evening
Delhi,18-30,Low Risk,No priority to pedestrian,Pedestrian,Clear,Highways,Normal,Daylight,28.6139,77.209,Morning
Varanasi,31-50,Low Risk,Moving Backward,Pedestrian,Clear,Urban Road,Under Construction,Daylight,25.3176,82.9739,Evening
Varanasi,18-30,Medium Risk,Getting off the vehicle improperly,Cycle,Clear,Village Road,Damaged,Dark,25.3176,82.9739,Night
Vijaywada city,18-30,Medium Risk,Overtaking,Cycle,Foggy,National Highway,Under Construction,Dusk,20.5937,78.9629,Morning
Vijaywada city,18-30,Medium Risk,Overloading,Car,Hazy,State Highway,Dry,Dawn,20.5937,78.9629,Morning
Vijaywada city,18-30,Low Risk,Changing lane to the right,Car,Clear,Urban Road,Under Construction,Daylight,20.5937,78.9629,Morning
Vijaywada city,50+,Low Risk,Improper parking,Cycle,Hazy,Village Road,Under Construction,Dusk,20.5937,78.9629,Evening
Vijaywada city,50+,Low Risk,Other,Pedestrian,Stormy,National Highway,Under Construction,Daylight,20.5937,78.9629,Morning
Vijaywada city,18-30,Low Risk,Changing lane to the left,Cycle,Clear,Village Road,Wet,Dawn,20.5937,78.9629,Afternoon
Vijaywada city,18-30,Low Risk,Changing lane to the right,Cycle,Rainy,National Highway,Under Construction,Dusk,20.5937,78.9629,Night
Vijaywada city,18-30,Low Risk,No priority to pedestrian,Pedestrian,Clear,Highways,Normal,Dusk,20.5937,78.9629,Afternoon
Vijaywada city,18-30,Low Risk,Overspeed,Pedestrian,Stormy,Urban Road,Wet,Dark,20.5937,78.9629,Evening
Vijaywada city,31-50,Low Risk,Changing lane to the left,Car,Stormy,National Highway,Damaged,Daylight,20.5937,78.9629,Night
Vijaywada city,18-30,Low Risk,No priority to vehicle,Auto-Rickshaw,Clear,Village Road,Dry,Daylight,20.5937,78.9629,Afternoon
Vijaywada city,18-30,Low Risk,Changing lane to the right,Pedestrian,Clear,State Highway,Normal,Dawn,20.5937,78.9629,Evening
Vijaywada city,18-30,Low Risk,No distancing,Bus,Stormy,Urban Road,Damaged,Dark,20.5937,78.9629,Night
Vijaywada city,50+,Low Risk,No priority to pedestrian,Bus,Clear,Urban Road,Under Construction,Dark,20.5937,78.9629,Morning
Vijaywada city,18-30,Low Risk,No distancing,Cycle,Hazy,Urban Road,Wet,Dawn,20.5937,78.9629,Night
Vijaywada city,18-30,Low Risk,No priority to vehicle,Car,Clear,Highways,Normal,Daylight,20.5937,78.9629,Morning
Vijaywada city,18-30,Low Risk,Other,Cycle,Clear,National Highway,Under Construction,Dark,20.5937,78.9629,Morning
Vijaywada city,31-50,Low Risk,Driving carelessly,Two-Wheeler,Foggy,National Highway,Under Construction,Dark,20.5937,78.9629,Evening
Vijaywada city,18-30,Low Risk,Changing lane to the left,Two-Wheeler,Clear,State Highway,Damaged,Dawn,20.5937,78.9629,Night
Vijaywada city,31-50,Low Risk,Driving carelessly,Two-Wheeler,Clear,Urban Road,Dry,Dusk,20.5937,78.9629,Morning
Hyderabad,18-30,Low Risk,Changing lane to the left,Auto-Rickshaw,Stormy,Highways,Normal,Dark,17.385,78.4867,Afternoon
Vijaywada city,31-50,Low Risk,No priority to vehicle,Pedestrian,Clear,Village Road,Wet,Daylight,20.5937,78.9629,Morning
Gwalior,18-30,Medium Risk,No distancing,Pedestrian,Clear,Highways,Normal,Dark,20.5937,78.9629,Evening
Vijaywada city,18-30,Low Risk,Changing lane to the right,Two-Wheeler,Foggy,Highways,Normal,Daylight,20.5937,78.9629,Afternoon
Vijaywada city,18-30,Low Risk,Changing lane to the right,Car,Clear,Village Road,Damaged,Dark,20.5937,78.9629,Evening
Vijaywada city,18-30,Low Risk,Driving at high speed,Car,Clear,State Highway,Normal,Dusk,20.5937,78.9629,Morning
Raipur,18-30,Low Risk,No distancing,Cycle,Rainy,Highways,Normal,Dusk,20.5937,78.9629,Night
Vijaywada city,31-50,Medium Risk,Changing lane to the right,Car,Rainy,Highways,Normal,Daylight,20.5937,78.9629,Morning
Madurai,18-30,Low Risk,Changing lane to the left,Car,Clear,Highways,Normal,Daylight,20.5937,78.9629,Afternoon
Vijaywada city,18-30,Low Risk,Getting off the vehicle improperly,Two-Wheeler,Foggy,Village Road,Normal,Daylight,20.5937,78.9629,Night
Vijaywada city,18-30,Low Risk,Other,Two-Wheeler,Clear,Village Road,Dry,Daylight,20.5937,78.9629,Night
Vijaywada city,18-30,Low Risk,Other,Bus,Rainy,Village Road,Wet,Dark,20.5937,78.9629,Night
Vijaywada city,18-30,Low Risk,No distancing,Pedestrian,Clear,State Highway,Dry,Daylight,20.5937,78.9629,Afternoon
Vijaywada city,18-30,Low Risk,No priority to vehicle,Truck,Rainy,State Highway,Damaged,Dawn,20.5937,78.9629,Afternoon
Vijaywada city,31-50,Low Risk,Overtaking,Auto-Rickshaw,Rainy,State Highway,Dry,Dawn,20.5937,78.9629,Night
Vijaywada city,18-30,Low Risk,No priority to pedestrian,Bus,Rainy,State Highway,Wet,Daylight,20.5937,78.9629,Night
Vizaq,18-30,Low Risk,No distancing,Two-Wheeler,Stormy,National Highway,Dry,Dawn,20.5937,78.9629,Night
Vizaq,18-30,Low Risk,Changing lane to the right,Car,Clear,Urban Road,Wet,Dusk,20.5937,78.9629,Night
Vizaq,18-30,Low Risk,Driving carelessly,Bus,Clear,State Highway,Damaged,Daylight,20.5937,78.9629,Night
Vizaq,18-30,Low Risk,Changing lane to the right,Car,Clear,National Highway,Wet,Daylight,20.5937,78.9629,Night
Vizaq,18-30,Low Risk,Overtaking,Bus,Clear,Highways,Normal,Daylight,20.5937,78.9629,Night
Vizaq,31-50,Low Risk,Other,Two-Wheeler,Hazy,Highways,Normal,Dark,20.5937,78.9629,Morning
Vizaq,18-30,Low Risk,Driving to the left,Cycle,Hazy,Highways,Normal,Daylight,20.5937,78.9629,Evening
Vizaq,18-30,Medium Risk,Driving at high speed,Car,Hazy,Village Road,Damaged,Daylight,20.5937,78.9629,Night
Vizaq,18-30,Low Risk,Unknown,Two-Wheeler,Hazy,Highways,Normal,Dark,20.5937,78.9629,Afternoon
Vizaq,18-30,Low Risk,Changing lane to the right,Car,Rainy,State Highway,Damaged,Dusk,20.5937,78.9629,Morning
Vizaq,18-30,Low Risk,No distancing,Pedestrian,Stormy,State Highway,Under Construction,Daylight,20.5937,78.9629,Afternoon
Vizaq,50+,Low Risk,Other,Bus,Stormy,National Highway,Wet,Dark,20.5937,78.9629,Night
Vizaq,18-30,Medium Risk,No priority to vehicle,Car,Stormy,Village Road,Wet,Dusk,20.5937,78.9629,Afternoon
Vizaq,31-50,Low Risk,Changing lane to the left,Cycle,Hazy,Village Road,Dry,Daylight,20.5937,78.9629,Morning
Vizaq,50+,Low Risk,No priority to pedestrian,Truck,Stormy,National Highway,Dry,Dark,20.5937,78.9629,Night
Jabalpur,31-50,Low Risk,Overtaking,Pedestrian,Clear,Highways,Normal,Dark,20.5937,78.9629,Morning
Vizaq,50+,Low Risk,Driving carelessly,Bus,Hazy,Highways,Normal,Dawn,20.5937,78.9629,Night
Vizaq,31-50,Low Risk,No priority to vehicle,Bus,Stormy,Highways,Normal,Daylight,20.5937,78.9629,Afternoon
Vizaq,50+,Low Risk,No priority to pedestrian,Truck,Clear,Highways,Normal,Daylight,20.5937,78.9629,Morning
Vizaq,31-50,Low Risk,Changing lane to the right,Cycle,Rainy,National Highway,Dry,Daylight,20.5937,78.9629,Morning
Vizaq,31-50,Low Risk,Driving carelessly,Car,Hazy,Urban Road,Under Construction,Daylight,20.5937,78.9629,Afternoon
Vizaq,31-50,Medium Risk,Changing lane to the right,Cycle,Clear,Village Road,Damaged,Daylight,20.5937,78.9629,Night
Vizaq,18-30,Medium Risk,Changing lane to the right,Two-Wheeler,Foggy,National Highway,Under Construction,Daylight,20.5937,78.9629,Evening
Vizaq,50+,Medium Risk,Changing lane to the left,Bus,Clear,National Highway,Normal,Dusk,20.5937,78.9629,Evening
Kota,31-50,Low Risk,Overturning,Two-Wheeler,Foggy,Highways,Normal,Daylight,20.5937,78.9629,Afternoon
Vizaq,18-30,Low Risk,Driving carelessly,Auto-Rickshaw,Clear,Highways,Normal,Daylight,20.5937,78.9629,Night
Vizaq,18-30,Low Risk,No distancing,Two-Wheeler,Stormy,Village Road,Normal,Dark,20.5937,78.9629,Afternoon
Vizaq,18-30,Low Risk,Driving carelessly,Car,Stormy,Highways,Normal,Daylight,20.5937,78.9629,Afternoon
Vizaq,18-30,Low Risk,Changing lane to the left,Two-Wheeler,Stormy,Highways,Normal,Daylight,20.5937,78.9629,Afternoon
Vizaq,18-30,Low Risk,No priority to vehicle,Bus,Clear,Highways,Normal,Daylight,20.5937,78.9629,Morning
Vizaq,31-50,Low Risk,Changing lane to the right,Car,Clear,State Highway,Wet,Daylight,20.5937,78.9629,Night
Vizaq,31-50,Low Risk,No distancing,Car,Clear,National Highway,Dry,Daylight,20.5937,78.9629,Night
Vizaq,18-30,Medium Risk,Moving Backward,Pedestrian,Clear,Highways,Normal,Dark,20.5937,78.9629,Afternoon
Vizaq,18-30,Low Risk,Moving Backward,Pedestrian,Hazy,Urban Road,Wet,Daylight,20.5937,78.9629,Morning
Vizaq,18-30,Low Risk,No distancing,Pedestrian,Stormy,Urban Road,Under Construction,Dark,20.5937,78.9629,Night
Vizaq,18-30,Low Risk,No distancing,Two-Wheeler,Clear,State Highway,Under Construction,Daylight,20.5937,78.9629,Afternoon
Agra,18-30,Low Risk,No distancing,Cycle,Clear,National Highway,Normal,Daylight,27.1767,78.0081,Night
Agra,31-50,Low Risk,No priority to pedestrian,Car,Foggy,Urban Road,Wet,Daylight,27.1767,78.0081,Morning
Agra,18-30,Medium Risk,Driving carelessly,Two-Wheeler,Clear,Highways,Normal,Daylight,27.1767,78.0081,Morning
Agra,18-30,Low Risk,Changing lane to the right,Car,Clear,Highways,Normal,Daylight,27.1767,78.0081,Evening
Agra,18-30,Low Risk,Changing lane to the left,Auto-Rickshaw,Stormy,State Highway,Under Construction,Dark,27.1767,78.0081,Night
Hyderabad,18-30,Low Risk,Driving carelessly,Cycle,Clear,Highways,Normal,Daylight,17.385,78.4867,Night
Agra,50+,Low Risk,Driving carelessly,Car,Stormy,Village Road,Damaged,Daylight,27.1767,78.0081,Morning
Agra,18-30,Low Risk,No distancing,Car,Hazy,State Highway,Damaged,Dusk,27.1767,78.0081,Afternoon
Agra,18-30,Low Risk,Other,Pedestrian,Clear,Urban Road,Under Construction,Dark,27.1767,78.0081,Afternoon
Agra,18-30,Low Risk,Changing lane to the right,Car,Clear,National Highway,Dry,Daylight,27.1767,78.0081,Night
Agra,18-30,Low Risk,Changing lane to the right,Cycle,Hazy,Highways,Normal,Dark,27.1767,78.0081,Night
Agra,18-30,Low Risk,No distancing,Two-Wheeler,Stormy,Urban Road,Wet,Daylight,27.1767,78.0081,Morning
Agra,31-50,Low Risk,No distancing,Car,Stormy,National Highway,Wet,Daylight,27.1767,78.0081,Morning
Agra,50+,Low Risk,Overturning,Car,Hazy,Village Road,Wet,Daylight,27.1767,78.0081,Evening
Agra,31-50,Low Risk,Driving at high speed,Two-Wheeler,Stormy,Village Road,Under Construction,Daylight,27.1767,78.0081,Evening
Agra,31-50,Low Risk,No priority to vehicle,Truck,Clear,National Highway,Damaged,Dusk,27.1767,78.0081,Morning
Agra,18-30,Low Risk,No priority to pedestrian,Pedestrian,Clear,National Highway,Wet,Dusk,27.1767,78.0081,Morning
Agra,18-30,Low Risk,No priority to vehicle,Auto-Rickshaw,Stormy,Village Road,Normal,Dusk,27.1767,78.0081,Afternoon
Jaipur,18-30,Low Risk,Other,Car,Clear,Highways,Normal,Daylight,26.9124,75.7873,Evening
Agra,31-50,Low Risk,Other,Two-Wheeler,Clear,Urban Road,Damaged,Daylight,27.1767,78.0081,Afternoon
Agra,31-50,Low Risk,Moving Backward,Truck,Foggy,National Highway,Under Construction,Daylight,27.1767,78.0081,Morning
Agra,50+,Medium Risk,No distancing,Two-Wheeler,Foggy,National Highway,Damaged,Dawn,27.1767,78.0081,Morning
Agra,31-50,Medium Risk,Moving Backward,Car,Clear,State Highway,Damaged,Dawn,27.1767,78.0081,Night
Agra,18-30,Low Risk,No priority to vehicle,Bus,Clear,Highways,Normal,Daylight,27.1767,78.0081,Morning
Indore,31-50,Low Risk,Driving carelessly,Truck,Clear,Highways,Normal,Dusk,20.5937,78.9629,Evening
Ahmedabad,18-30,Medium Risk,No distancing,Pedestrian,Stormy,Village Road,Dry,Daylight,23.0225,72.5714,Night
Ahmedabad,18-30,Medium Risk,Other,Truck,Clear,Urban Road,Damaged,Daylight,23.0225,72.5714,Morning
Indore,18-30,Low Risk,Changing lane to the right,Car,Clear,Highways,Normal,Daylight,20.5937,78.9629,Night
Ahmedabad,31-50,Low Risk,No distancing,Cycle,Foggy,National Highway,Wet,Dark,23.0225,72.5714,Afternoon
Ahmedabad,31-50,Low Risk,Driving carelessly,Car,Hazy,Village Road,Wet,Daylight,23.0225,72.5714,Evening
Ahmedabad,31-50,Low Risk,No distancing,Truck,Rainy,Highways,Normal,Daylight,23.0225,72.5714,Night
Jaipur,31-50,Medium Risk,No priority to vehicle,Car,Hazy,Highways,Normal,Dawn,26.9124,75.7873,Evening
Ahmedabad,31-50,Low Risk,Changing lane to the right,Two-Wheeler,Clear,National Highway,Damaged,Dark,23.0225,72.5714,Night
Ahmedabad,31-50,Low Risk,No priority to pedestrian,Two-Wheeler,Foggy,National Highway,Damaged,Dawn,23.0225,72.5714,Morning
Chennai,31-50,Low Risk,No priority to vehicle,Truck,Clear,Highways,Normal,Daylight,13.0827,80.2707,Evening
Ahmedabad,18-30,Low Risk,Changing lane to the left,Cycle,Clear,State Highway,Under Construction,Daylight,23.0225,72.5714,Night
Ahmedabad,50+,Low Risk,Turnover,Auto-Rickshaw,Clear,Urban Road,Under Construction,Dark,23.0225,72.5714,Afternoon
Asansol Durgapur,50+,Medium Risk,Driving to the left,Pedestrian,Hazy,Highways,Normal,Dawn,20.5937,78.9629,Morning
Ahmedabad,31-50,Low Risk,Driving carelessly,Cycle,Foggy,State Highway,Dry,Daylight,23.0225,72.5714,Night
Raipur,18-30,Medium Risk,Driving to the left,Two-Wheeler,Clear,Highways,Normal,Dark,20.5937,78.9629,Morning
Ahmedabad,50+,Low Risk,Driving carelessly,Auto-Rickshaw,Rainy,State Highway,Dry,Dark,23.0225,72.5714,Night
Ahmedabad,18-30,Medium Risk,No priority to pedestrian,Pedestrian,Clear,National Highway,Wet,Daylight,23.0225,72.5714,Afternoon