Million_Plus_Cities,Age_band_of_driver,Accident_severity,Cause_of_accident,Vehicle Type Involved,Weather Conditions,Road Type,Road Condition,Lighting Conditions,Latitude,Longitude,Time_Block
Ahmedabad,18-30,High Risk,Driving carelessly,Two-Wheeler,Rainy,Urban Road,Damaged,Dawn,23.0225,72.5714,Morning
Ahmedabad,18-30,High Risk,Changing lane to the right,Two-Wheeler,Clear,Village Road,Wet,Dawn,23.0225,72.5714,Night
Ahmedabad,31-50,High Risk,Moving Backward,Pedestrian,Clear,National Highway,Under Construction,Daylight,23.0225,72.5714,Morning
Ahmedabad,31-50,Low Risk,Driving carelessly,Two-Wheeler,Hazy,State Highway,Damaged,Daylight,23.0225,72.5714,Night
Ahmedabad,31-50,Low Risk,Changing lane to the right,Cycle,Clear,Highways,Normal,Daylight,23.0225,72.5714,Night
Ahmedabad,18-30,Low Risk,Driving carelessly,Car,Clear,National Highway,Damaged,Daylight,23.0225,72.5714,Afternoon
Ahmedabad,18-30,Low Risk,Driving carelessly,Car,Clear,State Highway,Dry,Dark,23.0225,72.5714,Evening
Agra,31-50,Medium Risk,Driving carelessly,Bus,Clear,Highways,Normal,Dawn,27.1767,78.0081,Night
Allahabad(Prayagraj),18-30,Low Risk,Changing lane to the right,Car,Clear,Village Road,Wet,Dark,20.5937,78.9629,Morning
Allahabad(Prayagraj),31-50,Low Risk,Changing lane to the right,Bus,Stormy,National Highway,Dry,Daylight,20.5937,78.9629,Morning
Allahabad(Prayagraj),18-30,Low Risk,Driving carelessly,Cycle,Clear,State Highway,Wet,Daylight,20.5937,78.9629,Evening
Allahabad(Prayagraj),50+,Low Risk,Overtaking,Two-Wheeler,Clear,National Highway,Dry,Dusk,20.5937,78.9629,Afternoon
Allahabad(Prayagraj),31-50,Low Risk,Changing lane to the right,Car,Clear,Urban Road,Wet,Dusk,20.5937,78.9629,Morning
Allahabad(Prayagraj),50+,Low Risk,No distancing,Cycle,Clear,Village Road,Dry,Dark,20.5937,78.9629,Night
Allahabad(Prayagraj),18-30,Medium Risk,Other,Two-Wheeler,Clear,State Highway,Wet,Dusk,20.5937,78.9629,Morning
Allahabad(Prayagraj),31-50,Low Risk,Changing lane to the right,Car,Foggy,State Highway,Dry,Dark,20.5937,78.9629,Afternoon
Allahabad(Prayagraj),31-50,Low Risk,Changing lane to the right,Cycle,Clear,National Highway,Normal,Daylight,20.5937,78.9629,Afternoon
Allahabad(Prayagraj),18-30,Low Risk,Overtaking,Car,Rainy,National Highway,Under Construction,Daylight,20.5937,78.9629,Evening
Pune,50+,Medium Risk,Other,Pedestrian,Clear,Highways,Normal,Daylight,18.5204,73.8567,Morning
Allahabad(Prayagraj),50+,Medium Risk,Driving to the left,Pedestrian,Rainy,State Highway,Wet,Dawn,20.5937,78.9629,Morning
Allahabad(Prayagraj),18-30,Low Risk,Overtaking,Cycle,Clear,National Highway,Under Construction,Dark,20.5937,78.9629,Afternoon
Allahabad(Prayagraj),31-50,Low Risk,No priority to vehicle,Cycle,Clear,Urban Road,Wet,Dusk,20.5937,78.9629,Night
Jabalpur,31-50,Low Risk,Moving Backward,Bus,Clear,Highways,Normal,Daylight,20.5937,78.9629,Evening
Allahabad(Prayagraj),18-30,Medium Risk,Other,Two-Wheeler,Hazy,Urban Road,Wet,Daylight,20.5937,78.9629,Morning
Ghaziabad,50+,Low Risk,No priority to vehicle,Bus,Clear,Highways,Normal,Dawn,20.5937,78.9629,Morning
Allahabad(Prayagraj),31-50,Low Risk,No priority to pedestrian,Cycle,Foggy,National Highway,Wet,Daylight,20.5937,78.9629,Evening
Allahabad(Prayagraj),31-50,Low Risk,Changing lane to the right,Truck,Stormy,Highways,Normal,Daylight,20.5937,78.9629,Morning
Allahabad(Prayagraj),18-30,Low Risk,Changing lane to the right,Auto-Rickshaw,Rainy,Highways,Normal,Daylight,20.5937,78.9629,Evening
Allahabad(Prayagraj),50+,Low Risk,Changing lane to the right,Pedestrian,Clear,Urban Road,Normal,Dusk,20.5937,78.9629,Evening
Allahabad(Prayagraj),18-30,Low Risk,Driving to the left,Auto-Rickshaw,Clear,National Highway,Wet,Dusk,20.5937,78.9629,Morning
Allahabad(Prayagraj),31-50,Low Risk,Changing lane to the left,Truck,Stormy,Urban Road,Wet,Daylight,20.5937,78.9629,Night
Allahabad(Prayagraj),18-30,Low Risk,Moving Backward,Car,Hazy,State Highway,Under Construction,Dawn,20.5937,78.9629,Night
Kannur,18-30,Low Risk,Driving at high speed,Auto-Rickshaw,Clear,Highways,Normal,Daylight,20.5937,78.9629,Morning
Jaipur,18-30,Low Risk,Moving Backward,Car,Clear,Highways,Normal,Dawn,26.9124,75.7873,Night
Amritsar,18-30,Medium Risk,No distancing,Car,Rainy,Village Road,Damaged,Daylight,20.5937,78.9629,Night
Amritsar,18-30,Medium Risk,Other,Two-Wheeler,Foggy,Urban Road,Under Construction,Daylight,20.5937,78.9629,Night
Amritsar,18-30,Medium Risk,No priority to vehicle,Two-Wheeler,Foggy,Village Road,Dry,Dark,20.5937,78.9629,Evening
Nashik,31-50,Low Risk,Changing lane to the right,Pedestrian,Clear,Highways,Normal,Dark,20.5937,78.9629,Night
Kollam,31-50,Low Risk,Other,Pedestrian,Clear,Highways,Normal,Daylight,20.5937,78.9629,Afternoon
Amritsar,18-30,Low Risk,No distancing,Truck,Clear,Village Road,Wet,Dusk,20.5937,78.9629,Night
Amritsar,18-30,Low Risk,Driving carelessly,Two-Wheeler,Clear,Village Road,Dry,Dawn,20.5937,78.9629,Evening
Amritsar,31-50,Low Risk,No distancing,Auto-Rickshaw,Stormy,Highways,Normal,Dawn,20.5937,78.9629,Morning
Srinagar,18-30,Low Risk,Moving Backward,Pedestrian,Clear,Highways,Normal,Daylight,20.5937,78.9629,Night
Amritsar,18-30,Low Risk,No distancing,Pedestrian,Rainy,Highways,Normal,Dark,20.5937,78.9629,Night
Amritsar,18-30,Medium Risk,Moving Backward,Truck,Clear,Village Road,Dry,Daylight,20.5937,78.9629,Evening
Amritsar,50+,Medium Risk,No priority to pedestrian,Car,Clear,Village Road,Normal,Daylight,20.5937,78.9629,Morning
Amritsar,18-30,Low Risk,Changing lane to the left,Pedestrian,Clear,State Highway,Damaged,Daylight,20.5937,78.9629,Evening
Amritsar,31-50,Low Risk,No distancing,Auto-Rickshaw,Rainy,National Highway,Damaged,Dusk,20.5937,78.9629,Night
Jodhpur,18-30,Low Risk,Other,Car,Stormy,Highways,Normal,Daylight,20.5937,78.9629,Night
Amritsar,18-30,Low Risk,No distancing,Cycle,Clear,Highways,Normal,Daylight,20.5937,78.9629,Evening
Amritsar,50+,Low Risk,No priority to pedestrian,Two-Wheeler,Foggy,State Highway,Dry,Daylight,20.5937,78.9629,Evening
Amritsar,31-50,Low Risk,Moving Backward,Pedestrian,Clear,Urban Road,Damaged,Dawn,20.5937,78.9629,Night
Amritsar,18-30,Low Risk,No priority to pedestrian,Car,Clear,Urban Road,Damaged,Dawn,20.5937,78.9629,Morning
Amritsar,31-50,Low Risk,No distancing,Car,Clear,Highways,Normal,Dusk,20.5937,78.9629,Morning
Amritsar,18-30,Low Risk,No priority to pedestrian,Cycle,Hazy,Village Road,Under Construction,Daylight,20.5937,78.9629,Night
Srinagar,18-30,Medium Risk,Driving carelessly,Two-Wheeler,Rainy,Highways,Normal,Dusk,20.5937,78.9629,Night
Amritsar,18-30,Low Risk,Getting off the vehicle improperly,Truck,Clear,Village Road,Normal,Daylight,20.5937,78.9629,Night
Amritsar,18-30,Low Risk,Driving carelessly,Auto-Rickshaw,Foggy,Village Road,Under Construction,Dusk,20.5937,78.9629,Night
Asansol Durgapur,18-30,Low Risk,Changing lane to the left,Pedestrian,Clear,State Highway,Under Construction,Dark,20.5937,78.9629,Night
Asansol Durgapur,31-50,Low Risk,No priority to vehicle,Car,Rainy,National Highway,Wet,Dusk,20.5937,78.9629,Night
Nagpur,31-50,Low Risk,Changing lane to the right,Pedestrian,Clear,Highways,Normal,Dawn,20.5937,78.9629,Afternoon
Asansol Durgapur,50+,Medium Risk,Changing lane to the right,Two-Wheeler,Clear,Highways,Normal,Dusk,20.5937,78.9629,Night
Asansol Durgapur,18-30,Low Risk,No distancing,Car,Hazy,State Highway,Wet,Dawn,20.5937,78.9629,Morning
Asansol Durgapur,18-30,Low Risk,No distancing,Bus,Hazy,National Highway,Dry,Dusk,20.5937,78.9629,Morning
Asansol Durgapur,31-50,Medium Risk,Changing lane to the left,Cycle,Stormy,Urban Road,Wet,Daylight,20.5937,78.9629,Night
Asansol Durgapur,18-30,Low Risk,Changing lane to the right,Car,Clear,National Highway,Damaged,Daylight,20.5937,78.9629,Morning
Asansol Durgapur,18-30,Low Risk,No priority to vehicle,Car,Clear,State Highway,Normal,Dark,20.5937,78.9629,Morning
Asansol Durgapur,18-30,Low Risk,Changing lane to the left,Cycle,Clear,Highways,Normal,Daylight,20.5937,78.9629,Night
Asansol Durgapur,18-30,Low Risk,No priority to vehicle,Auto-Rickshaw,Clear,National Highway,Damaged,Daylight,20.5937,78.9629,Evening
Asansol Durgapur,50+,Low Risk,Moving Backward,Pedestrian,Clear,National Highway,Wet,Dark,20.5937,78.9629,Evening
Asansol Durgapur,31-50,Low Risk,Turnover,Auto-Rickshaw,Hazy,Highways,Normal,Dusk,20.5937,78.9629,Morning
Asansol Durgapur,31-50,Low Risk,No distancing,Two-Wheeler,Clear,Highways,Normal,Dark,20.5937,78.9629,Morning
Asansol Durgapur,31-50,Low Risk,No distancing,Two-Wheeler,Hazy,National Highway,Damaged,Dusk,20.5937,78.9629,Afternoon
Asansol Durgapur,50+,Low Risk,No distancing,Pedestrian,Foggy,Urban Road,Damaged,Daylight,20.5937,78.9629,Afternoon
Asansol Durgapur,18-30,Low Risk,Changing lane to the left,Bus,Rainy,Village Road,Wet,Dark,20.5937,78.9629,Evening
Asansol Durgapur,18-30,Low Risk,No priority to vehicle,Auto-Rickshaw,Rainy,State Highway,Dry,Dawn,20.5937,78.9629,Evening
Asansol Durgapur,18-30,Low Risk,Driving at high speed,Auto-Rickshaw,Rainy,National Highway,Damaged,Daylight,20.5937,78.9629,Morning
Asansol Durgapur,18-30,Low Risk,Overtaking,Two-Wheeler,Clear,Highways,Normal,Dark,20.5937,78.9629,Morning
Asansol Durgapur,18-30,Low Risk,Other,Pedestrian,Clear,Urban Road,Wet,Dawn,20.5937,78.9629,Night
Asansol Durgapur,31-50,Low Risk,Changing lane to the left,Car,Hazy,Highways,Normal,Dark,20.5937,78.9629,Night
Asansol Durgapur,18-30,Low Risk,No priority to pedestrian,Cycle,Clear,Urban Road,Wet,Dark,20.5937,78.9629,Night
Asansol Durgapur,18-30,Medium Risk,Changing lane to the left,Cycle,Clear,National Highway,Wet,Daylight,20.5937,78.9629,Night
Asansol Durgapur,18-30,Low Risk,No distancing,Pedestrian,Rainy,State Highway,Dry,Dark,20.5937,78.9629,Evening
Aurangabad,31-50,Low Risk,Moving Backward,Car,Stormy,Highways,Normal,Daylight,20.5937,78.9629,Morning
Kolkata,31-50,Low Risk,Changing lane to the left,Two-Wheeler,Stormy,Highways,Normal,Dark,22.5726,88.3639,Morning
Aurangabad,18-30,Low Risk,Other,Two-Wheeler,Rainy,Urban Road,Dry,Dusk,20.5937,78.9629,Afternoon
Aurangabad,18-30,Low Risk,No distancing,Pedestrian,Stormy,National Highway,Under Construction,Daylight,20.5937,78.9629,Night
Aurangabad,18-30,Low Risk,Moving Backward,Pedestrian,Rainy,National Highway,Wet,Daylight,20.5937,78.9629,Afternoon
Jaipur,31-50,Medium Risk,No distancing,Cycle,Clear,Highways,Normal,Daylight,26.9124,75.7873,Night
Aurangabad,18-30,Low Risk,Changing lane to the left,Two-Wheeler,Clear,Village Road,Normal,Dark,20.5937,78.9629,Night
Mallapuram,18-30,Medium Risk,Changing lane to the left,Auto-Rickshaw,Clear,Highways,Normal,Daylight,20.5937,78.9629,Night
Aurangabad,31-50,Low Risk,No priority to pedestrian,Pedestrian,Rainy,Urban Road,Under Construction,Dusk,20.5937,78.9629,Afternoon
Aurangabad,31-50,Low Risk,Changing lane to the left,Car,Clear,National Highway,Damaged,Dusk,20.5937,78.9629,Evening
Aurangabad,18-30,Low Risk,Driving carelessly,Bus,Foggy,National Highway,Under Construction,Dawn,20.5937,78.9629,Evening
Aurangabad,18-30,Medium Risk,Driving carelessly,Truck,Stormy,Urban Road,Damaged,Daylight,20.5937,78.9629,Night
Aurangabad,18-30,Low Risk,No priority to pedestrian,Pedestrian,Clear,Village Road,Dry,Daylight,20.5937,78.9629,Morning
Aurangabad,50+,Low Risk,Getting off the vehicle improperly,Two-Wheeler,Clear,Urban Road,Under Construction,Daylight,20.5937,78.9629,Morning
Aurangabad,50+,Low Risk,No distancing,Car,Clear,Urban Road,Under Construction,Dark,20.5937,78.9629,Evening
Aurangabad,18-30,Low Risk,Changing lane to the left,Auto-Rickshaw,Stormy,Village Road,Under Construction,Daylight,20.5937,78.9629,Night
Aurangabad,31-50,Low Risk,No priority to vehicle,Car,Stormy,Urban Road,Normal,Dawn,20.5937,78.9629,Morning
Aurangabad,18-30,Low Risk,No distancing,Car,Stormy,Urban Road,Under Construction,Daylight,20.5937,78.9629,Night
Aurangabad,18-30,Low Risk,No priority to pedestrian,Car,Clear,State Highway,Under Construction,Daylight,20.5937,78.9629,Afternoon
Nagpur,18-30,Low Risk,No priority to pedestrian,Auto-Rickshaw,Stormy,Highways,Normal,Daylight,20.5937,78.9629,Morning
Aurangabad,18-30,Low Risk,No priority to vehicle,Car,Clear,National Highway,Wet,Dark,20.5937,78.9629,Morning
Kollam,18-30,Medium Risk,Driving carelessly,Car,Foggy,Highways,Normal,Daylight,20.5937,78.9629,Evening
Aurangabad,18-30,Low Risk,Changing lane to the right,Cycle,Clear,National Highway,Wet,Daylight,20.5937,78.9629,Morning
Aurangabad,18-30,Low Risk,Changing lane to the left,Auto-Rickshaw,Clear,Village Road,Wet,Dark,20.5937,78.9629,Night
Aurangabad,18-30,Low Risk,Moving Backward,Auto-Rickshaw,Clear,Highways,Normal,Daylight,20.5937,78.9629,Afternoon
Bengaluru,18-30,Low Risk,Driving carelessly,Truck,Clear,National Highway,Normal,Dusk,12.9716,77.5946,Afternoon
Bengaluru,18-30,Medium Risk,Driving to the left,Bus,Stormy,Urban Road,Under Construction,Dusk,12.9716,77.5946,Night
Faridabad,18-30,Low Risk,Driving to the left,Auto-Rickshaw,Hazy,Highways,Normal,Daylight,20.5937,78.9629,Afternoon
Bengaluru,18-30,Low Risk,No priority to pedestrian,Truck,Clear,National Highway,Damaged,Dusk,12.9716,77.5946,Afternoon
Bengaluru,18-30,Low Risk,Changing lane to the left,Bus,Hazy,State Highway,Under Construction,Dark,12.9716,77.5946,Night
Bengaluru,18-30,Low Risk,Changing lane to the right,Pedestrian,Clear,Urban Road,Normal,Dawn,12.9716,77.5946,Morning
Bengaluru,18-30,Low Risk,Driving carelessly,Bus,Clear,Urban Road,Normal,Dawn,12.9716,77.5946,Night
Faridabad,18-30,Low Risk,No distancing,Bus,Clear,Highways,Normal,Daylight,20.5937,78.9629,Night
Bengaluru,31-50,Low Risk,Getting off the vehicle improperly,Car,Clear,Village Road,Damaged,Daylight,12.9716,77.5946,Evening
Pune,31-50,Low Risk,Driving under the influence of drugs,Auto-Rickshaw,Rainy,Highways,Normal,Daylight,18.5204,73.8567,Night
Faridabad,31-50,Low Risk,Changing lane to the right,Pedestrian,Foggy,Highways,Normal,Daylight,20.5937,78.9629,Evening
Bengaluru,31-50,Low Risk,Driving carelessly,Auto-Rickshaw,Foggy,Urban Road,Damaged,Daylight,12.9716,77.5946,Afternoon
Asansol Durgapur,31-50,Low Risk,Moving Backward,Auto-Rickshaw,Foggy,Highways,Normal,Dusk,20.5937,78.9629,Night
Bengaluru,31-50,Medium Risk,Turnover,Truck,Stormy,State Highway,Damaged,Dawn,12.9716,77.5946,Afternoon
Varanasi,31-50,Low Risk,Changing lane to the right,Pedestrian,Hazy,Highways,Normal,Dawn,25.3176,82.9739,Morning
Bengaluru,18-30,Low Risk,Driving carelessly,Truck,Clear,Village Road,Dry,Dawn,12.9716,77.5946,Evening
Hyderabad,50+,Medium Risk,No priority to vehicle,Cycle,Foggy,Highways,Normal,Dawn,17.385,78.4867,Night
Bengaluru,18-30,Low Risk,Moving Backward,Truck,Foggy,State Highway,Under Construction,Daylight,12.9716,77.5946,Afternoon
Bengaluru,18-30,Low Risk,Changing lane to the left,Truck,Clear,State Highway,Damaged,Dawn,12.9716,77.5946,Afternoon
Bengaluru,18-30,Low Risk,Overturning,Pedestrian,Clear,Highways,Normal,Daylight,12.9716,77.5946,Night
Bengaluru,18-30,Low Risk,No distancing,Two-Wheeler,Clear,National Highway,Under Construction,Daylight,12.9716,77.5946,Morning
Bengaluru,31-50,Low Risk,Driving carelessly,Cycle,Clear,Urban Road,Wet,Daylight,12.9716,77.5946,Evening
Bengaluru,31-50,Low Risk,No distancing,Cycle,Clear,Village Road,Wet,Dawn,12.9716,77.5946,Night
Bengaluru,18-30,Low Risk,Changing lane to the left,Auto-Rickshaw,Foggy,Highways,Normal,Dark,12.9716,77.5946,Morning
Bengaluru,18-30,Low Risk,No priority to pedestrian,Pedestrian,Clear,Village Road,Dry,Daylight,12.9716,77.5946,Evening
Bhopal,18-30,Low Risk,No distancing,Two-Wheeler,Stormy,Urban Road,Damaged,Daylight,20.5937,78.9629,Afternoon
Bhopal,18-30,Low Risk,No distancing,Car,Foggy,Urban Road,Wet,Dark,20.5937,78.9629,Afternoon
Bhopal,18-30,Low Risk,Changing lane to the left,Car,Foggy,National Highway,Dry,Daylight,20.5937,78.9629,Afternoon
Bhopal,31-50,Medium Risk,No distancing,Car,Rainy,Highways,Normal,Daylight,20.5937,78.9629,Night
Bhopal,31-50,Low Risk,Changing lane to the left,Bus,Clear,Village Road,Wet,Daylight,20.5937,78.9629,Night
Bhopal,18-30,Medium Risk,No distancing,Two-Wheeler,Rainy,Highways,Normal,Daylight,20.5937,78.9629,Night
Bhopal,31-50,Low Risk,No distancing,Two-Wheeler,Foggy,Highways,Normal,Dark,20.5937,78.9629,Morning
Lucknow,18-30,Medium Risk,No distancing,Auto-Rickshaw,Clear,Highways,Normal,Daylight,26.8467,80.9462,Night
Bhopal,18-30,Low Risk,Changing lane to the left,Car,Hazy,National Highway,Wet,Dawn,20.5937,78.9629,Evening
Meerut,18-30,Low Risk,Changing lane to the right,Bus,Clear,Highways,Normal,Dusk,20.5937,78.9629,Morning
Bhopal,18-30,Low Risk,Moving Backward,Auto-Rickshaw,Foggy,Urban Road,Damaged,Dark,20.5937,78.9629,Afternoon
Bhopal,50+,Medium Risk,Changing lane to the right,Cycle,Clear,Highways,Normal,Dawn,20.5937,78.9629,Afternoon
Bhopal,50+,Medium Risk,No distancing,Two-Wheeler,Hazy,National Highway,Wet,Daylight,20.5937,78.9629,Afternoon
Bhopal,18-30,Low Risk,Overtaking,Bus,Rainy,Highways,Normal,Daylight,20.5937,78.9629,Morning
Nagpur,31-50,Low Risk,Other,Car,Clear,Highways,Normal,Dark,20.5937,78.9629,Morning
Madurai,18-30,Low Risk,Other,Bus,Clear,Highways,Normal,Dusk,20.5937,78.9629,Morning
Bhopal,18-30,Low Risk,Changing lane to the right,Cycle,Stormy,National Highway,Under Construction,Daylight,20.5937,78.9629,Night
Bhopal,31-50,Low Risk,No priority to pedestrian,Cycle,Clear,Village Road,Wet,Daylight,20.5937,78.9629,Afternoon
Bhopal,18-30,Low Risk,No priority to vehicle,Truck,Rainy,Highways,Normal,Dark,20.5937,78.9629,Evening
Bhopal,31-50,Low Risk,Changing lane to the left,Two-Wheeler,Clear,Highways,Normal,Daylight,20.5937,78.9629,Night
Asansol Durgapur,50+,Medium Risk,Changing lane to the left,Pedestrian,Hazy,Highways,Normal,Daylight,20.5937,78.9629,Afternoon
Bhopal,18-30,Medium Risk,Overtaking,Pedestrian,Clear,Village Road,Damaged,Daylight,20.5937,78.9629,Afternoon
Bhopal,18-30,Low Risk,No distancing,Two-Wheeler,Rainy,State Highway,Dry,Dark,20.5937,78.9629,Evening
Bhopal,18-30,Low Risk,No priority to vehicle,Two-Wheeler,Rainy,Village Road,Under Construction,Daylight,20.5937,78.9629,Morning
Thrissur,18-30,Medium Risk,Changing lane to the right,Cycle,Hazy,Highways,Normal,Dark,20.5937,78.9629,Afternoon
Chandigarh,18-30,Low Risk,Changing lane to the left,Cycle,Stormy,Urban Road,Normal,Dark,20.5937,78.9629,Morning
Chandigarh,18-30,Low Risk,No distancing,Car,Hazy,Village Road,Under Construction,Dark,20.5937,78.9629,Afternoon
Chandigarh,31-50,Low Risk,Driving carelessly,Cycle,Stormy,National Highway,Under Construction,Dark,20.5937,78.9629,Night
Chandigarh,31-50,Low Risk,No priority to pedestrian,Cycle,Hazy,Village Road,Dry,Dusk,20.5937,78.9629,Afternoon
Chandigarh,18-30,Low Risk,Driving carelessly,Two-Wheeler,Stormy,Village Road,Under Construction,Dark,20.5937,78.9629,Morning
Chandigarh,18-30,Low Risk,Moving Backward,Auto-Rickshaw,Clear,Urban Road,Dry,Dusk,20.5937,78.9629,Evening
Dhanbad,18-30,Low Risk,No distancing,Pedestrian,Foggy,Highways,Normal,Daylight,20.5937,78.9629,Night
Chandigarh,18-30,Low Risk,No distancing,Truck,Clear,Highways,Normal,Daylight,20.5937,78.9629,Night
Chandigarh,31-50,Low Risk,No distancing,Bus,Clear,Village Road,Wet,Daylight,20.5937,78.9629,Night
Chandigarh,18-30,Low Risk,Changing lane to the left,Cycle,Clear,Urban Road,Normal,Dusk,20.5937,78.9629,Morning
Chandigarh,18-30,Low Risk,Changing lane to the left,Truck,Foggy,National Highway,Damaged,Dawn,20.5937,78.9629,Morning
Chandigarh,18-30,Low Risk,Moving Backward,Two-Wheeler,Rainy,Village Road,Dry,Daylight,20.5937,78.9629,Evening
Chandigarh,18-30,Low Risk,Changing lane to the right,Two-Wheeler,Clear,National Highway,Damaged,Dark,20.5937,78.9629,Night
Chandigarh,31-50,Low Risk,No priority to vehicle,Car,Rainy,State Highway,Damaged,Dawn,20.5937,78.9629,Night
Chandigarh,31-50,Low Risk,Moving Backward,Car,Clear,Urban Road,Damaged,Dusk,20.5937,78.9629,Night
Ludhiana,31-50,Medium Risk,Driving carelessly,Truck,Clear,Highways,Normal,Dawn,20.5937,78.9629,Morning
Kolkata,18-30,Low Risk,Driving carelessly,Truck,Hazy,Highways,Normal,Dusk,22.5726,88.3639,Evening
Chandigarh,31-50,Low Risk,Driving under the influence of drugs,Two-Wheeler,Stormy,National Highway,Dry,Dark,20.5937,78.9629,Afternoon
Chandigarh,31-50,Low Risk,No priority to pedestrian,Bus,Rainy,Highways,Normal,Dawn,20.5937,78.9629,Afternoon
Chandigarh,31-50,Low Risk,No priority to vehicle,Car,Rainy,National Highway,Under Construction,Dawn,20.5937,78.9629,Evening
Pune,18-30,Low Risk,Driving carelessly,Auto-Rickshaw,Foggy,Highways,Normal,Daylight,18.5204,73.8567,Afternoon
Chandigarh,18-30,Medium Risk,Moving Backward,Bus,Foggy,National Highway,Wet,Dawn,20.5937,78.9629,Afternoon
Bengaluru,18-30,Low Risk,Driving carelessly,Auto-Rickshaw,Stormy,Highways,Normal,Daylight,12.9716,77.5946,Night
Delhi,31-50,Medium Risk,No priority to vehicle,Car,Clear,Highways,Normal,Daylight,28.6139,77.209,Night
Chandigarh,31-50,Low Risk,Changing lane to the right,Pedestrian,Clear,Highways,Normal,Daylight,20.5937,78.9629,Evening
Chennai,18-30,Low Risk,Changing lane to the left,Two-Wheeler,Stormy,Highways,Normal,Dark,13.0827,80.2707,Afternoon
Chennai,18-30,Low Risk,No priority to vehicle,Car,Rainy,State Highway,Damaged,Daylight,13.0827,80.2707,Night
Chennai,18-30,Low Risk,Driving carelessly,Auto-Rickshaw,Hazy,Village Road,Under Construction,Daylight,13.0827,80.2707,Night
Chennai,18-30,Low Risk,Moving Backward,Cycle,Stormy,National Highway,Dry,Daylight,13.0827,80.2707,Night
Chennai,18-30,Low Risk,No distancing,Cycle,Foggy,National Highway,Under Construction,Dusk,13.0827,80.2707,Night
Pune,50+,Low Risk,Changing lane to the left,Truck,Clear,Highways,Normal,Dawn,18.5204,73.8567,Morning
Chennai,18-30,Low Risk,Changing lane to the left,Pedestrian,Clear,Highways,Normal,Dawn,13.0827,80.2707,Morning
Lucknow,18-30,Medium Risk,No distancing,Pedestrian,Foggy,Highways,Normal,Dawn,26.8467,80.9462,Afternoon
Chennai,50+,Medium Risk,Changing lane to the left,Cycle,Clear,Village Road,Dry,Daylight,13.0827,80.2707,Evening
Chennai,31-50,Low Risk,Driving carelessly,Car,Clear,Highways,Normal,Daylight,13.0827,80.2707,Night
Chennai,18-30,Low Risk,Changing lane to the left,Cycle,Clear,Urban Road,Wet,Daylight,13.0827,80.2707,Morning
Raipur,18-30,Low Risk,No distancing,Car,Foggy,Highways,Normal,Dusk,20.5937,78.9629,Morning
Chennai,18-30,Low Risk,Changing lane to the right,Two-Wheeler,Hazy,Highways,Normal,Daylight,13.0827,80.2707,Evening
Chennai,31-50,Low Risk,No distancing,Car,Clear,Urban Road,Under Construction,Dusk,13.0827,80.2707,Night
Chennai,31-50,Low Risk,Driving to the left,Car,Hazy,State Highway,Under Construction,Daylight,13.0827,80.2707,Morning
Chennai,50+,Low Risk,No distancing,Car,Clear,State Highway,Wet,Daylight,13.0827,80.2707,Morning
Vadodra,18-30,Low Risk,Overtaking,Car,Foggy,Highways,Normal,Dawn,20.5937,78.9629,Morning
Srinagar,18-30,Low Risk,Driving under the influence of drugs,Auto-Rickshaw,Clear,Highways,Normal,Daylight,20.5937,78.9629,Afternoon
Chennai,18-30,Low Risk,No priority to pedestrian,Car,Foggy,Highways,Normal,Dusk,13.0827,80.2707,Night
Faridabad,31-50,Low Risk,Moving Backward,Bus,Hazy,Highways,Normal,Dusk,20.5937,78.9629,Morning
Chennai,18-30,Low Risk,Changing lane to the right,Car,Hazy,Village Road,Damaged,Daylight,13.0827,80.2707,Night
Chennai,18-30,Low Risk,Changing lane to the left,Car,Hazy,State Highway,Dry,Daylight,13.0827,80.2707,Night
Chennai,31-50,Low Risk,Changing lane to the right,Pedestrian,Clear,National Highway,Wet,Daylight,13.0827,80.2707,Afternoon
Chennai,50+,Low Risk,Driving under the influence of drugs,Car,Rainy,Village Road,Under Construction,Daylight,13.0827,80.2707,Night
Chennai,18-30,Low Risk,No priority to vehicle,Car,Clear,State Highway,Damaged,Dawn,13.0827,80.2707,Night
Asansol Durgapur,18-30,Medium Risk,No priority to vehicle,Car,Clear,Highways,Normal,Daylight,20.5937,78.9629,Afternoon
Coimbatore,18-30,Medium Risk,Changing lane to the left,Car,Rainy,Village Road,Dry,Daylight,20.5937,78.9629,Night
Coimbatore,18-30,Low Risk,Changing lane to the right,Two-Wheeler,Clear,National Highway,Dry,Dusk,20.5937,78.9629,Night
Coimbatore,31-50,Low Risk,Changing lane to the right,Two-Wheeler,Stormy,Urban Road,Damaged,Daylight,20.5937,78.9629,Morning
Coimbatore,18-30,Medium Risk,Changing lane to the left,Cycle,Clear,Urban Road,Damaged,Dawn,20.5937,78.9629,Night
Coimbatore,50+,Low Risk,Changing lane to the left,Car,Clear,National Highway,Wet,Dusk,20.5937,78.9629,Night
Coimbatore,18-30,Low Risk,Getting off the vehicle improperly,Auto-Rickshaw,Clear,National Highway,Dry,Daylight,20.5937,78.9629,Night
Coimbatore,31-50,Low Risk,Overtaking,Two-Wheeler,Hazy,Highways,Normal,Dark,20.5937,78.9629,Afternoon
Coimbatore,31-50,Low Risk,Changing lane to the left,Cycle,Clear,State Highway,Under Construction,Dark,20.5937,78.9629,Morning