Million_Plus_Cities,Age_band_of_driver,Accident_severity,Cause_of_accident,Vehicle Type Involved,Weather Conditions,Road Type,Road Condition,Lighting Conditions,Latitude,Longitude,Time_Block
Coimbatore,31-50,Low Risk,Driving under the influence of drugs,Pedestrian,Clear,National Highway,Damaged,Dusk,20.5937,78.9629,Night
Coimbatore,31-50,Low Risk,Driving carelessly,Truck,Clear,Urban Road,Wet,Dark,20.5937,78.9629,Night
Coimbatore,18-30,Low Risk,Moving Backward,Pedestrian,Clear,Village Road,Dry,Dusk,20.5937,78.9629,Night
Coimbatore,31-50,Low Risk,No distancing,Truck,Clear,Urban Road,Damaged,Daylight,20.5937,78.9629,Night
Coimbatore,50+,Low Risk,No priority to vehicle,Bus,Clear,Urban Road,Under Construction,Dawn,20.5937,78.9629,Night
Coimbatore,18-30,Low Risk,Overturning,Two-Wheeler,Rainy,National Highway,Wet,Dusk,20.5937,78.9629,Morning
Coimbatore,18-30,Low Risk,Changing lane to the left,Car,Clear,State Highway,Wet,Dark,20.5937,78.9629,Morning
Coimbatore,18-30,Low Risk,No distancing,Bus,Clear,National Highway,Dry,Dusk,20.5937,78.9629,Night
Coimbatore,31-50,Low Risk,Moving Backward,Two-Wheeler,Rainy,Village Road,Dry,Dark,20.5937,78.9629,Morning
Coimbatore,18-30,Low Risk,No priority to vehicle,Car,Rainy,Highways,Normal,Daylight,20.5937,78.9629,Morning
Coimbatore,18-30,Low Risk,No priority to vehicle,Cycle,Clear,Urban Road,Dry,Daylight,20.5937,78.9629,Night
Coimbatore,18-30,Low Risk,No distancing,Cycle,Clear,Urban Road,Damaged,Dusk,20.5937,78.9629,Night
Coimbatore,31-50,Low Risk,No distancing,Auto-Rickshaw,Clear,National Highway,Wet,Daylight,20.5937,78.9629,Morning
Coimbatore,18-30,Low Risk,Overtaking,Pedestrian,Clear,Village Road,Damaged,Dusk,20.5937,78.9629,Morning
Rajkot,18-30,Medium Risk,Driving under the influence of drugs,Pedestrian,Clear,Highways,Normal,Daylight,20.5937,78.9629,Night
Coimbatore,18-30,Low Risk,Changing lane to the right,Two-Wheeler,Clear,Urban Road,Under Construction,Daylight,20.5937,78.9629,Morning
Delhi,31-50,Low Risk,Changing lane to the left,Cycle,Hazy,National Highway,Under Construction,Daylight,28.6139,77.209,Evening
Delhi,50+,Low Risk,Driving carelessly,Car,Stormy,State Highway,Normal,Daylight,28.6139,77.209,Morning
Delhi,31-50,Low Risk,Moving Backward,Auto-Rickshaw,Clear,Village Road,Wet,Daylight,28.6139,77.209,Night
Delhi,18-30,Low Risk,Moving Backward,Car,Foggy,National Highway,Damaged,Daylight,28.6139,77.209,Morning
Delhi,18-30,Low Risk,Changing lane to the right,Pedestrian,Clear,Village Road,Wet,Daylight,28.6139,77.209,Night
Delhi,18-30,Low Risk,No priority to vehicle,Two-Wheeler,Clear,Village Road,Wet,Dawn,28.6139,77.209,Morning
Rajkot,31-50,Low Risk,Driving at high speed,Pedestrian,Clear,Highways,Normal,Dark,20.5937,78.9629,Night
Delhi,50+,Low Risk,Driving under the influence of drugs,Two-Wheeler,Clear,Urban Road,Dry,Dusk,28.6139,77.209,Evening
Delhi,18-30,Low Risk,Changing lane to the right,Two-Wheeler,Clear,Highways,Normal,Daylight,28.6139,77.209,Morning
Delhi,31-50,Low Risk,Driving carelessly,Two-Wheeler,Foggy,State Highway,Damaged,Dusk,28.6139,77.209,Morning
Delhi,31-50,Low Risk,No distancing,Auto-Rickshaw,Clear,Highways,Normal,Daylight,28.6139,77.209,Morning
Delhi,18-30,Low Risk,Changing lane to the left,Cycle,Clear,National Highway,Wet,Dark,28.6139,77.209,Morning
Mallapuram,31-50,Low Risk,No distancing,Car,Clear,Highways,Normal,Dusk,20.5937,78.9629,Afternoon
Delhi,18-30,Low Risk,No distancing,Car,Clear,Urban Road,Dry,Daylight,28.6139,77.209,Evening
Delhi,50+,Low Risk,Getting off the vehicle improperly,Auto-Rickshaw,Hazy,Highways,Normal,Daylight,28.6139,77.209,Evening
Delhi,50+,Low Risk,Overtaking,Cycle,Clear,Village Road,Under Construction,Dark,28.6139,77.209,Night
Delhi,18-30,Low Risk,Driving carelessly,Truck,Clear,State Highway,Under Construction,Daylight,28.6139,77.209,Morning
Delhi,31-50,Low Risk,Driving under the influence of drugs,Car,Stormy,Village Road,Under Construction,Dawn,28.6139,77.209,Night
Thiruvanthapuram,18-30,Low Risk,Moving Backward,Truck,Hazy,Highways,Normal,Daylight,20.5937,78.9629,Night
Nashik,31-50,Low Risk,Overturning,Truck,Hazy,Highways,Normal,Daylight,20.5937,78.9629,Afternoon
Delhi,31-50,Low Risk,Driving under the influence of drugs,Two-Wheeler,Foggy,National Highway,Damaged,Dark,28.6139,77.209,Morning
Delhi,50+,Low Risk,Changing lane to the right,Auto-Rickshaw,Clear,National Highway,Dry,Daylight,28.6139,77.209,Afternoon
Delhi,50+,Low Risk,Changing lane to the left,Car,Clear,National Highway,Wet,Dusk,28.6139,77.209,Night
Delhi,50+,Low Risk,No distancing,Auto-Rickshaw,Clear,Village Road,Under Construction,Dawn,28.6139,77.209,Morning
Delhi,31-50,Low Risk,No distancing,Pedestrian,Foggy,State Highway,Under Construction,Daylight,28.6139,77.209,Night
Dhanbad,18-30,Low Risk,No priority to vehicle,Auto-Rickshaw,Rainy,Village Road,Dry,Daylight,20.5937,78.9629,Morning
Dhanbad,18-30,Low Risk,Moving Backward,Car,Clear,Urban Road,Wet,Daylight,20.5937,78.9629,Morning
Dhanbad,50+,Low Risk,Moving Backward,Car,Stormy,Village Road,Wet,Daylight,20.5937,78.9629,Night
Vijaywada city,50+,Low Risk,Getting off the vehicle improperly,Pedestrian,Clear,Highways,Normal,Daylight,20.5937,78.9629,Morning
Kolkata,18-30,Low Risk,Changing lane to the left,Auto-Rickshaw,Rainy,Highways,Normal,Daylight,22.5726,88.3639,Night
Dhanbad,18-30,Low Risk,Changing lane to the left,Bus,Rainy,Urban Road,Wet,Daylight,20.5937,78.9629,Evening
Dhanbad,18-30,Low Risk,No priority to vehicle,Cycle,Clear,Highways,Normal,Daylight,20.5937,78.9629,Night
Dhanbad,18-30,Low Risk,Changing lane to the right,Car,Clear,Highways,Normal,Daylight,20.5937,78.9629,Night
Dhanbad,18-30,Low Risk,Changing lane to the right,Pedestrian,Clear,Village Road,Damaged,Dark,20.5937,78.9629,Evening
Dhanbad,31-50,Low Risk,Driving carelessly,Auto-Rickshaw,Stormy,National Highway,Damaged,Dark,20.5937,78.9629,Afternoon
Dhanbad,50+,Low Risk,Changing lane to the left,Auto-Rickshaw,Foggy,Highways,Normal,Daylight,20.5937,78.9629,Afternoon
Dhanbad,31-50,Low Risk,Changing lane to the right,Cycle,Hazy,Urban Road,Wet,Dawn,20.5937,78.9629,Morning
Dhanbad,18-30,Low Risk,Driving under the influence of drugs,Car,Foggy,Highways,Normal,Dark,20.5937,78.9629,Afternoon
Dhanbad,18-30,Low Risk,Driving carelessly,Bus,Stormy,State Highway,Wet,Daylight,20.5937,78.9629,Evening
Dhanbad,18-30,Low Risk,No distancing,Auto-Rickshaw,Hazy,Village Road,Dry,Dawn,20.5937,78.9629,Night
Dhanbad,18-30,Low Risk,No priority to vehicle,Auto-Rickshaw,Stormy,Highways,Normal,Dawn,20.5937,78.9629,Afternoon
Dhanbad,18-30,Low Risk,No priority to vehicle,Cycle,Clear,Village Road,Under Construction,Dark,20.5937,78.9629,Afternoon
Dhanbad,18-30,Low Risk,No priority to vehicle,Two-Wheeler,Stormy,Highways,Normal,Dawn,20.5937,78.9629,Afternoon
Dhanbad,31-50,Low Risk,Changing lane to the left,Car,Foggy,Highways,Normal,Daylight,20.5937,78.9629,Night
Dhanbad,18-30,Low Risk,Moving Backward,Two-Wheeler,Rainy,State Highway,Damaged,Dawn,20.5937,78.9629,Night
Dhanbad,18-30,Low Risk,Driving carelessly,Car,Clear,National Highway,Under Construction,Dawn,20.5937,78.9629,Morning
Mumbai,31-50,Medium Risk,Driving under the influence of drugs,Pedestrian,Hazy,Highways,Normal,Daylight,19.076,72.8777,Night
Dhanbad,50+,Low Risk,Changing lane to the right,Car,Rainy,Highways,Normal,Daylight,20.5937,78.9629,Night
Dhanbad,18-30,Medium Risk,No priority to vehicle,Auto-Rickshaw,Hazy,State Highway,Under Construction,Daylight,20.5937,78.9629,Evening
Dhanbad,31-50,Low Risk,Changing lane to the right,Pedestrian,Clear,Highways,Normal,Dark,20.5937,78.9629,Afternoon
Faridabad,31-50,Low Risk,Driving to the left,Car,Rainy,Urban Road,Normal,Daylight,20.5937,78.9629,Night
Faridabad,18-30,Low Risk,Moving Backward,Cycle,Clear,Urban Road,Damaged,Daylight,20.5937,78.9629,Evening
Faridabad,18-30,Low Risk,No priority to vehicle,Car,Clear,State Highway,Dry,Dawn,20.5937,78.9629,Night
Faridabad,18-30,Low Risk,No distancing,Car,Clear,Highways,Normal,Daylight,20.5937,78.9629,Afternoon
Faridabad,18-30,Low Risk,Driving carelessly,Truck,Clear,Urban Road,Wet,Dusk,20.5937,78.9629,Evening
Faridabad,18-30,Low Risk,Changing lane to the left,Two-Wheeler,Hazy,Highways,Normal,Dusk,20.5937,78.9629,Morning
Faridabad,18-30,Low Risk,No priority to vehicle,Auto-Rickshaw,Stormy,State Highway,Damaged,Dawn,20.5937,78.9629,Evening
Faridabad,18-30,Low Risk,No priority to vehicle,Auto-Rickshaw,Clear,Urban Road,Damaged,Daylight,20.5937,78.9629,Morning
Faridabad,18-30,Low Risk,No distancing,Cycle,Clear,Village Road,Wet,Daylight,20.5937,78.9629,Afternoon
Faridabad,18-30,Low Risk,Driving to the left,Bus,Rainy,State Highway,Dry,Dawn,20.5937,78.9629,Morning
Faridabad,18-30,Low Risk,Driving carelessly,Cycle,Clear,Highways,Normal,Daylight,20.5937,78.9629,Afternoon
Faridabad,50+,Medium Risk,Driving carelessly,Car,Foggy,State Highway,Wet,Dawn,20.5937,78.9629,Night
Faridabad,18-30,Low Risk,Changing lane to the right,Car,Rainy,State Highway,Wet,Daylight,20.5937,78.9629,Afternoon
Raipur,31-50,Low Risk,Driving carelessly,Pedestrian,Foggy,Highways,Normal,Daylight,20.5937,78.9629,Afternoon
Faridabad,31-50,Low Risk,Changing lane to the left,Two-Wheeler,Clear,Highways,Normal,Daylight,20.5937,78.9629,Night
Faridabad,18-30,Low Risk,Driving carelessly,Auto-Rickshaw,Foggy,National Highway,Under Construction,Dusk,20.5937,78.9629,Night
Faridabad,18-30,Low Risk,Driving carelessly,Car,Clear,Highways,Normal,Dawn,20.5937,78.9629,Morning
Faridabad,50+,Low Risk,Driving under the influence of drugs,Cycle,Clear,Highways,Normal,Dusk,20.5937,78.9629,Night
Faridabad,18-30,Low Risk,Driving carelessly,Car,Foggy,National Highway,Dry,Dusk,20.5937,78.9629,Night
Faridabad,18-30,Low Risk,No distancing,Cycle,Clear,Village Road,Normal,Daylight,20.5937,78.9629,Night
Faridabad,18-30,Low Risk,Driving carelessly,Cycle,Clear,National Highway,Damaged,Dawn,20.5937,78.9629,Night
Faridabad,18-30,Medium Risk,Driving to the left,Bus,Clear,Village Road,Under Construction,Dusk,20.5937,78.9629,Night
Faridabad,50+,Medium Risk,Overtaking,Auto-Rickshaw,Stormy,State Highway,Wet,Daylight,20.5937,78.9629,Morning
Faridabad,18-30,Low Risk,No distancing,Two-Wheeler,Clear,Urban Road,Damaged,Daylight,20.5937,78.9629,Evening
Faridabad,31-50,Low Risk,Driving carelessly,Car,Clear,National Highway,Under Construction,Dark,20.5937,78.9629,Morning
Ghaziabad,18-30,Medium Risk,No priority to vehicle,Two-Wheeler,Clear,Highways,Normal,Daylight,20.5937,78.9629,Morning
Ghaziabad,18-30,Medium Risk,No priority to vehicle,Bus,Clear,Highways,Normal,Daylight,20.5937,78.9629,Morning
Ghaziabad,18-30,Medium Risk,No priority to vehicle,Car,Clear,National Highway,Under Construction,Dusk,20.5937,78.9629,Morning
Faridabad,18-30,Low Risk,No priority to vehicle,Pedestrian,Clear,Highways,Normal,Daylight,20.5937,78.9629,Afternoon
Ghaziabad,31-50,Low Risk,No distancing,Pedestrian,Rainy,Highways,Normal,Daylight,20.5937,78.9629,Evening
Ghaziabad,18-30,Low Risk,Moving Backward,Two-Wheeler,Clear,Urban Road,Damaged,Dusk,20.5937,78.9629,Night
Ghaziabad,18-30,Medium Risk,No distancing,Two-Wheeler,Stormy,Urban Road,Under Construction,Daylight,20.5937,78.9629,Afternoon
Ghaziabad,18-30,Low Risk,Changing lane to the left,Bus,Clear,Highways,Normal,Dusk,20.5937,78.9629,Morning
Ghaziabad,18-30,Low Risk,Changing lane to the left,Two-Wheeler,Foggy,National Highway,Wet,Daylight,20.5937,78.9629,Morning
Ghaziabad,18-30,Medium Risk,No priority to pedestrian,Two-Wheeler,Stormy,Village Road,Damaged,Dusk,20.5937,78.9629,Morning
Ghaziabad,18-30,Medium Risk,Moving Backward,Bus,Stormy,Village Road,Under Construction,Daylight,20.5937,78.9629,Night
Allahabad(Prayagraj),18-30,Low Risk,Changing lane to the left,Two-Wheeler,Clear,Highways,Normal,Daylight,20.5937,78.9629,Afternoon
Ghaziabad,31-50,Medium Risk,No distancing,Pedestrian,Clear,Village Road,Wet,Dawn,20.5937,78.9629,Night
Ghaziabad,50+,Medium Risk,No priority to vehicle,Pedestrian,Clear,Highways,Normal,Daylight,20.5937,78.9629,Morning
Ghaziabad,31-50,Medium Risk,Changing lane to the right,Bus,Stormy,Highways,Normal,Dusk,20.5937,78.9629,Morning
Thrissur,31-50,Low Risk,No distancing,Pedestrian,Clear,Highways,Normal,Dark,20.5937,78.9629,Afternoon
Ghaziabad,50+,Low Risk,No distancing,Cycle,Rainy,State Highway,Wet,Dark,20.5937,78.9629,Night
Ghaziabad,50+,Low Risk,Getting off the vehicle improperly,Bus,Hazy,State Highway,Damaged,Daylight,20.5937,78.9629,Night
Ghaziabad,18-30,Low Risk,No priority to pedestrian,Two-Wheeler,Stormy,Urban Road,Wet,Daylight,20.5937,78.9629,Afternoon
Ghaziabad,31-50,Low Risk,Changing lane to the left,Car,Clear,State Highway,Dry,Daylight,20.5937,78.9629,Night
Ghaziabad,18-30,Medium Risk,No distancing,Cycle,Foggy,Urban Road,Dry,Daylight,20.5937,78.9629,Evening
Ghaziabad,18-30,Low Risk,Driving carelessly,Bus,Clear,Highways,Normal,Daylight,20.5937,78.9629,Evening
Ghaziabad,18-30,Low Risk,No distancing,Cycle,Clear,State Highway,Normal,Daylight,20.5937,78.9629,Evening
Chennai,31-50,Medium Risk,Changing lane to the right,Car,Hazy,Highways,Normal,Dawn,13.0827,80.2707,Morning
Ghaziabad,50+,Low Risk,Overtaking,Two-Wheeler,Stormy,Highways,Normal,Dusk,20.5937,78.9629,Evening
Gwalior,18-30,Medium Risk,Driving carelessly,Bus,Clear,Highways,Normal,Daylight,20.5937,78.9629,Night
Gwalior,31-50,Low Risk,Moving Backward,Car,Foggy,Village Road,Damaged,Dusk,20.5937,78.9629,Morning
Gwalior,31-50,Low Risk,No distancing,Cycle,Clear,National Highway,Damaged,Daylight,20.5937,78.9629,Afternoon
Gwalior,18-30,Low Risk,Overtaking,Auto-Rickshaw,Clear,Highways,Normal,Daylight,20.5937,78.9629,Afternoon
Gwalior,18-30,Low Risk,Driving carelessly,Bus,Clear,Village Road,Under Construction,Daylight,20.5937,78.9629,Morning
Gwalior,18-30,Low Risk,Driving carelessly,Pedestrian,Foggy,Urban Road,Damaged,Dusk,20.5937,78.9629,Afternoon
Gwalior,18-30,Low Risk,Moving Backward,Car,Foggy,State Highway,Damaged,Daylight,20.5937,78.9629,Afternoon
Gwalior,18-30,Low Risk,Driving carelessly,Car,Clear,Village Road,Damaged,Daylight,20.5937,78.9629,Afternoon
Gwalior,18-30,Low Risk,Driving to the left,Two-Wheeler,Clear,Village Road,Dry,Daylight,20.5937,78.9629,Evening
Gwalior,18-30,Medium Risk,Changing lane to the left,Cycle,Clear,National Highway,Damaged,Daylight,20.5937,78.9629,Evening
Gwalior,31-50,Medium Risk,No distancing,Bus,Clear,Urban Road,Normal,Daylight,20.5937,78.9629,Afternoon
Gwalior,31-50,Low Risk,No distancing,Car,Foggy,Highways,Normal,Dusk,20.5937,78.9629,Night
Gwalior,31-50,Low Risk,Changing lane to the right,Cycle,Clear,State Highway,Wet,Dusk,20.5937,78.9629,Evening
Gwalior,31-50,Low Risk,Driving under the influence of drugs,Auto-Rickshaw,Clear,Highways,Normal,Daylight,20.5937,78.9629,Morning
Gwalior,18-30,Low Risk,Changing lane to the right,Bus,Clear,Urban Road,Dry,Daylight,20.5937,78.9629,Evening
Gwalior,50+,Medium Risk,Changing lane to the left,Two-Wheeler,Rainy,Highways,Normal,Dusk,20.5937,78.9629,Night
Gwalior,50+,Medium Risk,Moving Backward,Bus,Foggy,Village Road,Dry,Dusk,20.5937,78.9629,Evening
Gwalior,31-50,Medium Risk,No distancing,Cycle,Foggy,Highways,Normal,Daylight,20.5937,78.9629,Evening
Gwalior,18-30,Medium Risk,Changing lane to the right,Bus,Clear,Village Road,Wet,Daylight,20.5937,78.9629,Afternoon
Gwalior,18-30,Low Risk,Moving Backward,Auto-Rickshaw,Clear,Highways,Normal,Daylight,20.5937,78.9629,Night
Lucknow,18-30,Low Risk,No distancing,Bus,Hazy,Highways,Normal,Dawn,26.8467,80.9462,Afternoon
Gwalior,18-30,Low Risk,Driving to the left,Pedestrian,Foggy,Highways,Normal,Dark,20.5937,78.9629,Morning
Gwalior,18-30,Low Risk,Driving to the left,Auto-Rickshaw,Stormy,State Highway,Under Construction,Daylight,20.5937,78.9629,Evening
Jabalpur,31-50,Medium Risk,Moving Backward,Cycle,Clear,Highways,Normal,Daylight,20.5937,78.9629,Morning
Gwalior,18-30,Low Risk,Moving Backward,Bus,Clear,State Highway,Normal,Daylight,20.5937,78.9629,Night
Hyderabad,18-30,Low Risk,Overtaking,Two-Wheeler,Clear,Highways,Normal,Dark,17.385,78.4867,Evening
Hyderabad,31-50,Low Risk,Driving carelessly,Cycle,Clear,Highways,Normal,Daylight,17.385,78.4867,Morning
Hyderabad,50+,Low Risk,Changing lane to the left,Auto-Rickshaw,Hazy,Village Road,Dry,Dawn,17.385,78.4867,Night
Hyderabad,18-30,Low Risk,Driving under the influence of drugs,Cycle,Stormy,National Highway,Dry,Daylight,17.385,78.4867,Night
Hyderabad,18-30,Medium Risk,No distancing,Cycle,Clear,Highways,Normal,Daylight,17.385,78.4867,Afternoon
Hyderabad,18-30,Medium Risk,Moving Backward,Two-Wheeler,Clear,Village Road,Under Construction,Dawn,17.385,78.4867,Evening
Hyderabad,18-30,Low Risk,Changing lane to the left,Pedestrian,Clear,Village Road,Wet,Dark,17.385,78.4867,Night
Hyderabad,50+,Low Risk,Changing lane to the right,Car,Clear,State Highway,Damaged,Dark,17.385,78.4867,Morning
Jabalpur,31-50,Low Risk,No distancing,Bus,Rainy,Highways,Normal,Daylight,20.5937,78.9629,Evening
Hyderabad,50+,Medium Risk,Driving at high speed,Car,Hazy,State Highway,Normal,Daylight,17.385,78.4867,Evening
Hyderabad,18-30,Low Risk,Changing lane to the right,Car,Clear,Highways,Normal,Daylight,17.385,78.4867,Night
Hyderabad,31-50,Low Risk,No priority to vehicle,Pedestrian,Clear,Village Road,Dry,Daylight,17.385,78.4867,Evening
Hyderabad,31-50,Low Risk,No distancing,Auto-Rickshaw,Clear,Urban Road,Under Construction,Daylight,17.385,78.4867,Morning
Hyderabad,31-50,Low Risk,Turnover,Truck,Clear,Highways,Normal,Dawn,17.385,78.4867,Night
Hyderabad,50+,Low Risk,No distancing,Car,Clear,Urban Road,Wet,Daylight,17.385,78.4867,Evening
Jodhpur,18-30,Medium Risk,Changing lane to the right,Auto-Rickshaw,Foggy,Highways,Normal,Daylight,20.5937,78.9629,Night
Hyderabad,18-30,Low Risk,No distancing,Car,Foggy,Village Road,Dry,Dawn,17.385,78.4867,Night
Hyderabad,31-50,Low Risk,Changing lane to the left,Pedestrian,Clear,Village Road,Damaged,Daylight,17.385,78.4867,Night
Hyderabad,31-50,Low Risk,Driving carelessly,Car,Hazy,State Highway,Dry,Dusk,17.385,78.4867,Evening
Hyderabad,18-30,Medium Risk,Changing lane to the right,Pedestrian,Stormy,National Highway,Dry,Dawn,17.385,78.4867,Afternoon
Hyderabad,18-30,Medium Risk,No priority to vehicle,Cycle,Hazy,Village Road,Wet,Daylight,17.385,78.4867,Morning
Faridabad,31-50,Low Risk,No distancing,Auto-Rickshaw,Rainy,Highways,Normal,Dawn,20.5937,78.9629,Morning
Hyderabad,18-30,Low Risk,No priority to pedestrian,Car,Clear,Highways,Normal,Dark,17.385,78.4867,Night
Hyderabad,18-30,Medium Risk,No priority to pedestrian,Car,Clear,Highways,Normal,Dawn,17.385,78.4867,Evening
Hyderabad,31-50,Low Risk,No priority to vehicle,Car,Foggy,Urban Road,Under Construction,Dusk,17.385,78.4867,Evening
Ghaziabad,31-50,Low Risk,Changing lane to the left,Car,Stormy,Highways,Normal,Daylight,20.5937,78.9629,Evening
Indore,18-30,Low Risk,Changing lane to the left,Truck,Clear,Village Road,Dry,Dusk,20.5937,78.9629,Night
Indore,18-30,Medium Risk,No distancing,Truck,Clear,National Highway,Wet,Daylight,20.5937,78.9629,Afternoon
Indore,18-30,Medium Risk,No priority to vehicle,Car,Clear,Highways,Normal,Dark,20.5937,78.9629,Night
Indore,18-30,Medium Risk,No distancing,Car,Clear,Highways,Normal,Daylight,20.5937,78.9629,Evening
Aurangabad,18-30,Low Risk,No distancing,Two-Wheeler,Clear,Highways,Normal,Dawn,20.5937,78.9629,Afternoon
Indore,31-50,Low Risk,Changing lane to the right,Bus,Stormy,Highways,Normal,Daylight,20.5937,78.9629,Afternoon
Indore,50+,Medium Risk,Changing lane to the left,Auto-Rickshaw,Clear,Highways,Normal,Daylight,20.5937,78.9629,Night
Indore,31-50,Low Risk,No distancing,Truck,Hazy,Village Road,Dry,Daylight,20.5937,78.9629,Evening
Indore,18-30,Medium Risk,Overturning,Cycle,Clear,State Highway,Under Construction,Daylight,20.5937,78.9629,Afternoon
Indore,18-30,Medium Risk,No priority to vehicle,Two-Wheeler,Clear,Highways,Normal,Dark,20.5937,78.9629,Morning
Varanasi,18-30,Low Risk,Moving Backward,Car,Clear,Highways,Normal,Daylight,25.3176,82.9739,Night
Indore,18-30,Low Risk,Driving under the influence of drugs,Truck,Hazy,State Highway,Under Construction,Daylight,20.5937,78.9629,Night
Indore,31-50,Low Risk,Moving Backward,Car,Clear,Village Road,Damaged,Daylight,20.5937,78.9629,Night
Indore,31-50,Low Risk,Changing lane to the right,Car,Stormy,Highways,Normal,Daylight,20.5937,78.9629,Night
Indore,31-50,Low Risk,Overspeed,Pedestrian,Clear,National Highway,Wet,Daylight,20.5937,78.9629,Morning
Indore,18-30,Medium Risk,Driving under the influence of drugs,Car,Clear,National Highway,Under Construction,Dusk,20.5937,78.9629,Night
Indore,18-30,Medium Risk,Driving carelessly,Truck,Rainy,Highways,Normal,Dusk,20.5937,78.9629,Evening
Indore,18-30,Medium Risk,No distancing,Car,Clear,National Highway,Under Construction,Dark,20.5937,78.9629,Evening
Indore,31-50,Low Risk,No priority to vehicle,Two-Wheeler,Foggy,Urban Road,Damaged,Daylight,20.5937,78.9629,Morning
Indore,18-30,Low Risk,Overspeed,Pedestrian,Clear,Urban Road,Dry,Dusk,20.5937,78.9629,Afternoon
Indore,31-50,Low Risk,Driving under the influence of drugs,Pedestrian,Clear,Urban Road,Normal,Daylight,20.5937,78.9629,Morning
Indore,31-50,Medium Risk,Changing lane to the right,Auto-Rickshaw,Clear,State Highway,Wet,Dusk,20.5937,78.9629,Morning
Agra,50+,Low Risk,Changing lane to the right,Pedestrian,Foggy,Highways,Normal,Daylight,27.1767,78.0081,Evening
Indore,18-30,Low Risk,Changing lane to the right,Auto-Rickshaw,Clear,Highways,Normal,Dark,20.5937,78.9629,Night
Jabalpur,18-30,Low Risk,Changing lane to the right,Truck,Clear,Highways,Normal,Dusk,20.5937,78.9629,Morning
Jabalpur,31-50,Low Risk,Moving Backward,Auto-Rickshaw,Foggy,Village Road,Dry,Daylight,20.5937,78.9629,Night
Chandigarh,31-50,Low Risk,No distancing,Cycle,Hazy,Highways,Normal,Daylight,20.5937,78.9629,Night
Varanasi,18-30,Low Risk,Overspeed,Bus,Foggy,Highways,Normal,Daylight,25.3176,82.9739,Morning
Jabalpur,18-30,Medium Risk,No distancing,Truck,Stormy,Urban Road,Under Construction,Dark,20.5937,78.9629,Evening
Jabalpur,31-50,Medium Risk,Driving carelessly,Car,Clear,State Highway,Wet,Daylight,20.5937,78.9629,Morning
Jabalpur,50+,Low Risk,Moving Backward,Car,Foggy,Highways,Normal,Daylight,20.5937,78.9629,Morning
Jabalpur,18-30,Low Risk,Overtaking,Car,Clear,National Highway,Wet,Dark,20.5937,78.9629,Night
Thiruvanthapuram,50+,Low Risk,Changing lane to the left,Cycle,Clear,Highways,Normal,Dawn,20.5937,78.9629,Afternoon
Ghaziabad,18-30,Low Risk,Changing lane to the right,Auto-Rickshaw,Stormy,Highways,Normal,Daylight,20.5937,78.9629,Morning
Jabalpur,18-30,Low Risk,Overtaking,Bus,Rainy,Village Road,Dry,Dusk,20.5937,78.9629,Afternoon
Jabalpur,18-30,Low Risk,Overloading,Auto-Rickshaw,Clear,Highways,Normal,Dawn,20.5937,78.9629,Morning
Jodhpur,18-30,Low Risk,Other,Cycle,Clear,Highways,Normal,Dawn,20.5937,78.9629,Evening
Jabalpur,50+,Low Risk,No priority to vehicle,Bus,Clear,State Highway,Under Construction,Dawn,20.5937,78.9629,Afternoon
Jabalpur,18-30,Low Risk,Changing lane to the right,Cycle,Clear,Village Road,Under Construction,Dusk,20.5937,78.9629,Evening
Jabalpur,18-30,Low Risk,Moving Backward,Cycle,Rainy,National Highway,Wet,Daylight,20.5937,78.9629,Afternoon
Jabalpur,31-50,Low Risk,Changing lane to the left,Auto-Rickshaw,Hazy,National Highway,Wet,Dawn,20.5937,78.9629,Morning
Jabalpur,31-50,Low Risk,No priority to pedestrian,Bus,Clear,Village Road,Damaged,Dusk,20.5937,78.9629,Night
Jabalpur,18-30,Medium Risk,No distancing,Pedestrian,Clear,National Highway,Dry,Dusk,20.5937,78.9629,Night
Jabalpur,18-30,Medium Risk,No priority to vehicle,Car,Clear,Highways,Normal,Dawn,20.5937,78.9629,Morning
Jabalpur,18-30,Low Risk,No distancing,Car,Clear,Urban Road,Under Construction,Dark,20.5937,78.9629,Morning
Bhopal,50+,Low Risk,No distancing,Car,Rainy,Highways,Normal,Dawn,20.5937,78.9629,Afternoon
Jabalpur,18-30,Low Risk,Moving Backward,Cycle,Clear,Urban Road,Under Construction,Dusk,20.5937,78.9629,Night
Lucknow,18-30,Low Risk,Changing lane to the right,Cycle,Clear,Highways,Normal,Daylight,26.8467,80.9462,Evening
Jabalpur,31-50,Low Risk,No priority to pedestrian,Cycle,Clear,Village Road,Normal,Daylight,20.5937,78.9629,Morning
Nashik,31-50,Medium Risk,Moving Backward,Auto-Rickshaw,Foggy,Highways,Normal,Dusk,20.5937,78.9629,Afternoon
Jaipur,18-30,Low Risk,Getting off the vehicle improperly,Bus,Stormy,Highways,Normal,Daylight,26.9124,75.7873,Morning
Jaipur,18-30,Medium Risk,Overtaking,Two-Wheeler,Foggy,Highways,Normal,Dusk,26.9124,75.7873,Night
Jaipur,18-30,Low Risk,Overloading,Pedestrian,Hazy,Highways,Normal,Daylight,26.9124,75.7873,Evening
Jaipur,31-50,Low Risk,Changing lane to the right,Auto-Rickshaw,Clear,Highways,Normal,Dusk,26.9124,75.7873,Evening