Million_Plus_Cities,Age_band_of_driver,Accident_severity,Cause_of_accident,Vehicle Type Involved,Weather Conditions,Road Type,Road Condition,Lighting Conditions,Latitude,Longitude,Time_Block
Jaipur,31-50,Low Risk,Improper parking,Two-Wheeler,Clear,Urban Road,Under Construction,Dark,26.9124,75.7873,Afternoon
Jaipur,18-30,Medium Risk,Other,Truck,Foggy,Highways,Normal,Daylight,26.9124,75.7873,Morning
Jaipur,31-50,Low Risk,Changing lane to the left,Auto-Rickshaw,Stormy,Urban Road,Wet,Dusk,26.9124,75.7873,Morning
Jaipur,31-50,Low Risk,Changing lane to the right,Two-Wheeler,Foggy,Village Road,Wet,Dawn,26.9124,75.7873,Morning
Jaipur,31-50,Low Risk,No priority to pedestrian,Truck,Clear,Urban Road,Wet,Dark,26.9124,75.7873,Night
Jaipur,18-30,Medium Risk,Overspeed,Car,Clear,Village Road,Damaged,Daylight,26.9124,75.7873,Night
Jaipur,18-30,Low Risk,Changing lane to the left,Car,Hazy,Highways,Normal,Daylight,26.9124,75.7873,Morning
Jaipur,18-30,Low Risk,No priority to vehicle,Two-Wheeler,Hazy,National Highway,Dry,Dusk,26.9124,75.7873,Night
Jaipur,18-30,Low Risk,Changing lane to the right,Pedestrian,Foggy,National Highway,Under Construction,Daylight,26.9124,75.7873,Morning
Jaipur,50+,Low Risk,No distancing,Cycle,Clear,State Highway,Wet,Dawn,26.9124,75.7873,Afternoon
Jaipur,18-30,Low Risk,No priority to pedestrian,Cycle,Clear,National Highway,Damaged,Dusk,26.9124,75.7873,Evening
Jaipur,18-30,Low Risk,No distancing,Car,Clear,State Highway,Damaged,Daylight,26.9124,75.7873,Afternoon
Jaipur,18-30,Low Risk,No priority to vehicle,Truck,Hazy,National Highway,Damaged,Daylight,26.9124,75.7873,Morning
Jaipur,31-50,Medium Risk,Other,Auto-Rickshaw,Clear,Highways,Normal,Dark,26.9124,75.7873,Evening
Jaipur,18-30,Low Risk,Driving carelessly,Two-Wheeler,Clear,State Highway,Dry,Daylight,26.9124,75.7873,Morning
Jaipur,31-50,Low Risk,Changing lane to the left,Cycle,Foggy,National Highway,Under Construction,Dawn,26.9124,75.7873,Night
Jaipur,18-30,Low Risk,Driving carelessly,Two-Wheeler,Clear,Urban Road,Damaged,Dark,26.9124,75.7873,Night
Amritsar,18-30,Low Risk,Changing lane to the left,Truck,Clear,Highways,Normal,Daylight,20.5937,78.9629,Afternoon
Varanasi,18-30,Medium Risk,No priority to vehicle,Pedestrian,Clear,Highways,Normal,Daylight,25.3176,82.9739,Night
Jaipur,18-30,Low Risk,No distancing,Cycle,Clear,Urban Road,Normal,Dawn,26.9124,75.7873,Evening
Jamshedpur,31-50,Low Risk,Changing lane to the right,Car,Clear,State Highway,Dry,Daylight,20.5937,78.9629,Evening
Jamshedpur,18-30,Low Risk,Changing lane to the right,Cycle,Stormy,Village Road,Wet,Daylight,20.5937,78.9629,Morning
Jamshedpur,50+,Low Risk,Driving at high speed,Car,Clear,State Highway,Dry,Dark,20.5937,78.9629,Afternoon
Jamshedpur,18-30,Medium Risk,No distancing,Pedestrian,Rainy,State Highway,Normal,Dusk,20.5937,78.9629,Night
Jamshedpur,31-50,Medium Risk,Changing lane to the right,Cycle,Clear,Urban Road,Dry,Daylight,20.5937,78.9629,Afternoon
Jamshedpur,18-30,Low Risk,Changing lane to the left,Auto-Rickshaw,Rainy,Village Road,Dry,Dusk,20.5937,78.9629,Afternoon
Jamshedpur,31-50,Low Risk,Getting off the vehicle improperly,Car,Rainy,Highways,Normal,Daylight,20.5937,78.9629,Night
Agra,50+,Low Risk,Other,Two-Wheeler,Stormy,Highways,Normal,Dusk,27.1767,78.0081,Night
Jamshedpur,18-30,Low Risk,Other,Pedestrian,Clear,Urban Road,Damaged,Dark,20.5937,78.9629,Night
Jamshedpur,18-30,Low Risk,No distancing,Bus,Clear,State Highway,Under Construction,Daylight,20.5937,78.9629,Evening
Jamshedpur,18-30,Low Risk,No priority to vehicle,Two-Wheeler,Clear,National Highway,Dry,Dark,20.5937,78.9629,Night
Jamshedpur,18-30,Low Risk,Overtaking,Truck,Clear,State Highway,Under Construction,Daylight,20.5937,78.9629,Night
Jamshedpur,31-50,Medium Risk,No priority to pedestrian,Cycle,Hazy,Highways,Normal,Daylight,20.5937,78.9629,Evening
Jamshedpur,18-30,Low Risk,No distancing,Cycle,Clear,Highways,Normal,Daylight,20.5937,78.9629,Evening
Jamshedpur,31-50,Low Risk,Changing lane to the right,Auto-Rickshaw,Clear,Highways,Normal,Dark,20.5937,78.9629,Morning
Jamshedpur,18-30,Medium Risk,Driving carelessly,Car,Foggy,State Highway,Damaged,Daylight,20.5937,78.9629,Morning
Jamshedpur,50+,Medium Risk,Changing lane to the right,Bus,Clear,State Highway,Normal,Daylight,20.5937,78.9629,Afternoon
Jamshedpur,18-30,Medium Risk,Overtaking,Pedestrian,Stormy,National Highway,Damaged,Daylight,20.5937,78.9629,Night
Kolkata,18-30,Low Risk,Other,Car,Clear,Highways,Normal,Daylight,22.5726,88.3639,Night
Jamshedpur,31-50,Medium Risk,Driving to the left,Car,Hazy,Village Road,Under Construction,Daylight,20.5937,78.9629,Evening
Jamshedpur,50+,Low Risk,Driving at high speed,Bus,Foggy,State Highway,Wet,Daylight,20.5937,78.9629,Afternoon
Jamshedpur,18-30,Low Risk,Unknown,Car,Stormy,State Highway,Under Construction,Daylight,20.5937,78.9629,Night
Jamshedpur,18-30,Low Risk,Changing lane to the right,Cycle,Hazy,Village Road,Normal,Dusk,20.5937,78.9629,Night
Jamshedpur,18-30,Low Risk,No distancing,Car,Clear,Urban Road,Wet,Daylight,20.5937,78.9629,Afternoon
Faridabad,18-30,Low Risk,Other,Bus,Rainy,Highways,Normal,Dark,20.5937,78.9629,Night
Jodhpur,31-50,Low Risk,No priority to vehicle,Auto-Rickshaw,Rainy,Highways,Normal,Dawn,20.5937,78.9629,Night
Jodhpur,18-30,Low Risk,Changing lane to the left,Auto-Rickshaw,Rainy,National Highway,Under Construction,Dark,20.5937,78.9629,Morning
Jodhpur,31-50,Low Risk,No priority to pedestrian,Pedestrian,Foggy,Village Road,Damaged,Dark,20.5937,78.9629,Evening
Jodhpur,31-50,Low Risk,Overtaking,Bus,Clear,Highways,Normal,Dark,20.5937,78.9629,Morning
Jodhpur,50+,Low Risk,Driving carelessly,Car,Clear,State Highway,Under Construction,Daylight,20.5937,78.9629,Night
Jodhpur,18-30,Low Risk,No priority to vehicle,Bus,Stormy,State Highway,Damaged,Dusk,20.5937,78.9629,Night
Jodhpur,18-30,Low Risk,No priority to pedestrian,Two-Wheeler,Rainy,State Highway,Under Construction,Dusk,20.5937,78.9629,Afternoon
Ahmedabad,31-50,Low Risk,Changing lane to the right,Two-Wheeler,Hazy,Highways,Normal,Dark,23.0225,72.5714,Night
Kanpur,18-30,Medium Risk,Driving carelessly,Cycle,Rainy,Highways,Normal,Daylight,26.4499,80.3319,Morning
Jodhpur,31-50,Low Risk,Changing lane to the right,Car,Rainy,State Highway,Normal,Dark,20.5937,78.9629,Morning
Jodhpur,18-30,Medium Risk,Changing lane to the right,Car,Clear,Highways,Normal,Daylight,20.5937,78.9629,Afternoon
Kanpur,31-50,Low Risk,Changing lane to the left,Pedestrian,Clear,Highways,Normal,Daylight,26.4499,80.3319,Morning
Jodhpur,18-30,Low Risk,Overturning,Car,Hazy,State Highway,Dry,Dusk,20.5937,78.9629,Night
Jodhpur,50+,Low Risk,Driving carelessly,Two-Wheeler,Rainy,National Highway,Under Construction,Daylight,20.5937,78.9629,Night
Jodhpur,31-50,Low Risk,No distancing,Bus,Clear,National Highway,Under Construction,Daylight,20.5937,78.9629,Morning
Surat,18-30,Low Risk,Driving carelessly,Truck,Hazy,Highways,Normal,Dark,21.1702,72.8311,Evening
Jodhpur,18-30,Low Risk,Changing lane to the left,Auto-Rickshaw,Clear,Village Road,Under Construction,Dawn,20.5937,78.9629,Night
Jabalpur,31-50,Medium Risk,No priority to vehicle,Bus,Hazy,Highways,Normal,Dawn,20.5937,78.9629,Morning
Jodhpur,31-50,Low Risk,Changing lane to the right,Pedestrian,Clear,National Highway,Damaged,Dark,20.5937,78.9629,Night
Indore,18-30,Low Risk,No distancing,Two-Wheeler,Rainy,Highways,Normal,Dawn,20.5937,78.9629,Night
Jodhpur,31-50,Low Risk,Moving Backward,Truck,Clear,National Highway,Normal,Dark,20.5937,78.9629,Afternoon
Lucknow,18-30,Low Risk,Moving Backward,Cycle,Hazy,Highways,Normal,Dusk,26.8467,80.9462,Afternoon
Bengaluru,18-30,Medium Risk,No distancing,Two-Wheeler,Hazy,Highways,Normal,Daylight,12.9716,77.5946,Night
Jodhpur,31-50,Low Risk,No distancing,Two-Wheeler,Stormy,National Highway,Under Construction,Daylight,20.5937,78.9629,Night
Jodhpur,18-30,Low Risk,No distancing,Auto-Rickshaw,Foggy,National Highway,Wet,Daylight,20.5937,78.9629,Morning
Kannur,18-30,Low Risk,No priority to pedestrian,Car,Foggy,Village Road,Normal,Dusk,20.5937,78.9629,Afternoon
Kannur,18-30,Low Risk,Driving carelessly,Auto-Rickshaw,Foggy,Village Road,Dry,Daylight,20.5937,78.9629,Evening
Kannur,18-30,Low Risk,Changing lane to the right,Auto-Rickshaw,Hazy,State Highway,Damaged,Dawn,20.5937,78.9629,Evening
Kannur,18-30,Low Risk,Changing lane to the left,Truck,Hazy,National Highway,Under Construction,Daylight,20.5937,78.9629,Afternoon
Kannur,18-30,Low Risk,Driving carelessly,Auto-Rickshaw,Stormy,State Highway,Damaged,Daylight,20.5937,78.9629,Night
Kannur,18-30,Low Risk,Driving carelessly,Two-Wheeler,Stormy,Highways,Normal,Dusk,20.5937,78.9629,Afternoon
Kannur,31-50,Low Risk,No distancing,Cycle,Clear,Urban Road,Under Construction,Dusk,20.5937,78.9629,Afternoon
Bengaluru,18-30,Medium Risk,Other,Bus,Stormy,Highways,Normal,Dark,12.9716,77.5946,Night
Jabalpur,18-30,Low Risk,Changing lane to the right,Car,Clear,Highways,Normal,Dusk,20.5937,78.9629,Afternoon
Kannur,18-30,Low Risk,Changing lane to the right,Two-Wheeler,Stormy,Village Road,Under Construction,Dusk,20.5937,78.9629,Morning
Amritsar,18-30,Low Risk,No distancing,Pedestrian,Stormy,Highways,Normal,Dark,20.5937,78.9629,Evening
Kannur,18-30,Low Risk,No distancing,Car,Clear,Highways,Normal,Dawn,20.5937,78.9629,Evening
Kannur,18-30,Low Risk,Overturning,Car,Rainy,Urban Road,Wet,Dusk,20.5937,78.9629,Morning
Kannur,18-30,Low Risk,Driving at high speed,Car,Foggy,Highways,Normal,Dusk,20.5937,78.9629,Morning
Kannur,50+,Low Risk,No priority to vehicle,Two-Wheeler,Stormy,Highways,Normal,Daylight,20.5937,78.9629,Evening
Kannur,18-30,Low Risk,No priority to pedestrian,Bus,Clear,Village Road,Wet,Daylight,20.5937,78.9629,Morning
Kannur,18-30,Low Risk,No priority to vehicle,Car,Stormy,State Highway,Wet,Dark,20.5937,78.9629,Night
Kannur,50+,Low Risk,Other,Bus,Stormy,Urban Road,Dry,Dusk,20.5937,78.9629,Evening
Kannur,18-30,Low Risk,Other,Car,Stormy,Urban Road,Wet,Dark,20.5937,78.9629,Night
Kannur,18-30,Low Risk,Moving Backward,Pedestrian,Stormy,National Highway,Normal,Dusk,20.5937,78.9629,Evening
Kannur,18-30,Low Risk,No distancing,Car,Foggy,Highways,Normal,Daylight,20.5937,78.9629,Morning
Kannur,18-30,Medium Risk,Moving Backward,Auto-Rickshaw,Clear,Highways,Normal,Daylight,20.5937,78.9629,Evening
Kannur,18-30,Medium Risk,No priority to vehicle,Car,Rainy,Village Road,Under Construction,Daylight,20.5937,78.9629,Morning
Kannur,50+,Low Risk,Driving carelessly,Auto-Rickshaw,Clear,Highways,Normal,Dark,20.5937,78.9629,Morning
Kannur,31-50,Low Risk,No distancing,Two-Wheeler,Clear,Highways,Normal,Dawn,20.5937,78.9629,Afternoon
Kanpur,18-30,Low Risk,Other,Auto-Rickshaw,Hazy,Urban Road,Wet,Dark,26.4499,80.3319,Evening
Kanpur,50+,Low Risk,Changing lane to the right,Car,Clear,Highways,Normal,Dark,26.4499,80.3319,Night
Kanpur,31-50,Medium Risk,No distancing,Cycle,Clear,Highways,Normal,Dusk,26.4499,80.3319,Morning
Kanpur,31-50,Low Risk,Driving carelessly,Two-Wheeler,Clear,Highways,Normal,Daylight,26.4499,80.3319,Morning
Kanpur,18-30,Low Risk,No distancing,Car,Clear,Village Road,Damaged,Daylight,26.4499,80.3319,Night
Kanpur,18-30,Low Risk,No priority to vehicle,Auto-Rickshaw,Hazy,National Highway,Normal,Dusk,26.4499,80.3319,Morning
Kanpur,31-50,Low Risk,Changing lane to the right,Auto-Rickshaw,Rainy,Highways,Normal,Daylight,26.4499,80.3319,Afternoon
Kanpur,18-30,Medium Risk,No priority to pedestrian,Cycle,Foggy,Village Road,Wet,Daylight,26.4499,80.3319,Evening
Ludhiana,18-30,Low Risk,No priority to vehicle,Auto-Rickshaw,Clear,Highways,Normal,Dawn,20.5937,78.9629,Evening
Kanpur,18-30,Low Risk,Changing lane to the left,Car,Hazy,Village Road,Dry,Dusk,26.4499,80.3319,Evening
Kanpur,31-50,High Risk,Turnover,Bus,Stormy,State Highway,Under Construction,Dark,26.4499,80.3319,Night
Kanpur,18-30,High Risk,Driving to the left,Cycle,Foggy,State Highway,Under Construction,Dark,26.4499,80.3319,Evening
Dhanbad,31-50,Low Risk,Driving carelessly,Truck,Foggy,Highways,Normal,Daylight,20.5937,78.9629,Morning
Kanpur,31-50,Low Risk,Driving to the left,Two-Wheeler,Clear,Urban Road,Normal,Dawn,26.4499,80.3319,Evening
Aurangabad,18-30,Low Risk,Driving carelessly,Bus,Rainy,Highways,Normal,Dark,20.5937,78.9629,Night
Surat,18-30,Medium Risk,No priority to pedestrian,Car,Stormy,Highways,Normal,Dark,21.1702,72.8311,Afternoon
Dhanbad,18-30,Low Risk,Driving carelessly,Cycle,Clear,Highways,Normal,Daylight,20.5937,78.9629,Morning
Pune,18-30,Low Risk,Changing lane to the right,Cycle,Foggy,Highways,Normal,Daylight,18.5204,73.8567,Night
Kanpur,18-30,Low Risk,Moving Backward,Pedestrian,Clear,Urban Road,Wet,Daylight,26.4499,80.3319,Afternoon
Kanpur,18-30,Low Risk,Driving carelessly,Cycle,Stormy,National Highway,Wet,Daylight,26.4499,80.3319,Night
Kanpur,18-30,Low Risk,Changing lane to the right,Two-Wheeler,Clear,Village Road,Wet,Daylight,26.4499,80.3319,Night
Kanpur,31-50,Low Risk,Driving carelessly,Cycle,Hazy,Village Road,Under Construction,Dawn,26.4499,80.3319,Night
Khozikode,18-30,Low Risk,Driving carelessly,Two-Wheeler,Hazy,Highways,Normal,Dusk,20.5937,78.9629,Evening
Kanpur,18-30,Low Risk,Driving carelessly,Bus,Foggy,Highways,Normal,Daylight,26.4499,80.3319,Morning
Srinagar,18-30,Low Risk,Changing lane to the right,Pedestrian,Rainy,Highways,Normal,Dusk,20.5937,78.9629,Afternoon
Khozikode,50+,Low Risk,Changing lane to the right,Pedestrian,Clear,State Highway,Dry,Daylight,20.5937,78.9629,Morning
Khozikode,18-30,Low Risk,Driving carelessly,Cycle,Stormy,Village Road,Wet,Daylight,20.5937,78.9629,Night
Khozikode,18-30,Medium Risk,Overtaking,Auto-Rickshaw,Clear,National Highway,Dry,Daylight,20.5937,78.9629,Morning
Khozikode,31-50,Medium Risk,Changing lane to the right,Auto-Rickshaw,Rainy,Urban Road,Damaged,Dusk,20.5937,78.9629,Afternoon
Khozikode,31-50,Medium Risk,No distancing,Pedestrian,Rainy,Highways,Normal,Daylight,20.5937,78.9629,Morning
Khozikode,31-50,Low Risk,Other,Cycle,Foggy,State Highway,Wet,Daylight,20.5937,78.9629,Night
Khozikode,18-30,Low Risk,Changing lane to the right,Cycle,Stormy,State Highway,Wet,Dawn,20.5937,78.9629,Evening
Khozikode,18-30,Low Risk,Changing lane to the right,Pedestrian,Clear,Urban Road,Under Construction,Daylight,20.5937,78.9629,Morning
Aurangabad,50+,Medium Risk,Overtaking,Car,Clear,Highways,Normal,Dawn,20.5937,78.9629,Morning
Khozikode,18-30,Low Risk,Other,Truck,Clear,Highways,Normal,Daylight,20.5937,78.9629,Night
Khozikode,18-30,Low Risk,Driving to the left,Auto-Rickshaw,Clear,Highways,Normal,Dark,20.5937,78.9629,Night
Khozikode,18-30,Low Risk,Overtaking,Two-Wheeler,Clear,National Highway,Wet,Dawn,20.5937,78.9629,Afternoon
Khozikode,31-50,Low Risk,No priority to vehicle,Car,Clear,Village Road,Normal,Dusk,20.5937,78.9629,Morning
Chandigarh,31-50,Low Risk,Moving Backward,Car,Hazy,Highways,Normal,Dawn,20.5937,78.9629,Morning
Khozikode,18-30,Low Risk,Other,Two-Wheeler,Hazy,National Highway,Damaged,Dark,20.5937,78.9629,Night
Khozikode,18-30,Low Risk,No priority to vehicle,Car,Rainy,Urban Road,Damaged,Dawn,20.5937,78.9629,Evening
Khozikode,18-30,Low Risk,No priority to pedestrian,Bus,Hazy,Highways,Normal,Dark,20.5937,78.9629,Evening
Khozikode,31-50,Low Risk,Changing lane to the right,Car,Stormy,State Highway,Wet,Dusk,20.5937,78.9629,Evening
Khozikode,18-30,Low Risk,Changing lane to the right,Auto-Rickshaw,Clear,State Highway,Normal,Dark,20.5937,78.9629,Afternoon
Khozikode,18-30,Low Risk,Changing lane to the right,Car,Rainy,State Highway,Under Construction,Daylight,20.5937,78.9629,Morning
Khozikode,31-50,Low Risk,Driving to the left,Car,Clear,Village Road,Damaged,Dusk,20.5937,78.9629,Afternoon
Khozikode,31-50,Medium Risk,Changing lane to the left,Cycle,Clear,Village Road,Wet,Dawn,20.5937,78.9629,Afternoon
Khozikode,18-30,Medium Risk,Moving Backward,Pedestrian,Clear,State Highway,Dry,Dawn,20.5937,78.9629,Morning
Khozikode,18-30,Low Risk,Driving at high speed,Pedestrian,Clear,Highways,Normal,Dark,20.5937,78.9629,Evening
Khozikode,18-30,Medium Risk,Moving Backward,Truck,Clear,Village Road,Under Construction,Dusk,20.5937,78.9629,Night
Kochi,31-50,Low Risk,No distancing,Cycle,Rainy,Highways,Normal,Dawn,20.5937,78.9629,Night
Kolkata,31-50,Low Risk,Other,Pedestrian,Hazy,Highways,Normal,Dusk,22.5726,88.3639,Night
Kochi,31-50,Low Risk,No priority to vehicle,Two-Wheeler,Clear,National Highway,Damaged,Dawn,20.5937,78.9629,Night
Kochi,50+,Low Risk,Changing lane to the right,Cycle,Foggy,Urban Road,Damaged,Dusk,20.5937,78.9629,Evening
Kochi,18-30,Low Risk,Other,Car,Rainy,Urban Road,Under Construction,Dark,20.5937,78.9629,Afternoon
Kochi,50+,Low Risk,No distancing,Cycle,Clear,Village Road,Damaged,Dusk,20.5937,78.9629,Morning
Kochi,50+,Low Risk,Driving carelessly,Two-Wheeler,Stormy,Highways,Normal,Dark,20.5937,78.9629,Night
Kochi,18-30,Low Risk,No distancing,Truck,Clear,Village Road,Wet,Daylight,20.5937,78.9629,Night
Kochi,18-30,Low Risk,Moving Backward,Car,Clear,National Highway,Damaged,Dark,20.5937,78.9629,Morning
Kochi,18-30,Low Risk,No distancing,Car,Stormy,National Highway,Wet,Daylight,20.5937,78.9629,Evening
Kochi,18-30,Low Risk,Moving Backward,Auto-Rickshaw,Hazy,State Highway,Dry,Dark,20.5937,78.9629,Night
Kochi,18-30,Low Risk,No priority to pedestrian,Auto-Rickshaw,Clear,Village Road,Damaged,Dusk,20.5937,78.9629,Morning
Kochi,31-50,Medium Risk,Changing lane to the left,Two-Wheeler,Stormy,Highways,Normal,Dawn,20.5937,78.9629,Afternoon
Kochi,31-50,Low Risk,No distancing,Pedestrian,Clear,Urban Road,Dry,Dusk,20.5937,78.9629,Night
Nagpur,31-50,Medium Risk,Other,Car,Clear,Highways,Normal,Dusk,20.5937,78.9629,Afternoon
Kochi,31-50,Low Risk,No distancing,Car,Foggy,Highways,Normal,Dark,20.5937,78.9629,Morning
Kochi,18-30,Low Risk,No priority to pedestrian,Car,Clear,State Highway,Under Construction,Dusk,20.5937,78.9629,Morning
Kochi,18-30,Low Risk,Moving Backward,Cycle,Rainy,State Highway,Wet,Daylight,20.5937,78.9629,Night
Kochi,18-30,Low Risk,No priority to pedestrian,Cycle,Clear,Highways,Normal,Daylight,20.5937,78.9629,Night
Kochi,50+,Low Risk,No distancing,Auto-Rickshaw,Hazy,Highways,Normal,Daylight,20.5937,78.9629,Morning
Kochi,18-30,Low Risk,No priority to pedestrian,Bus,Hazy,State Highway,Dry,Daylight,20.5937,78.9629,Night
Kochi,18-30,Low Risk,Driving carelessly,Pedestrian,Clear,State Highway,Wet,Daylight,20.5937,78.9629,Morning
Kochi,31-50,Low Risk,Getting off the vehicle improperly,Pedestrian,Rainy,National Highway,Dry,Dusk,20.5937,78.9629,Morning
Kochi,31-50,Low Risk,Driving carelessly,Pedestrian,Clear,Village Road,Normal,Daylight,20.5937,78.9629,Morning
Kochi,31-50,Low Risk,Changing lane to the left,Cycle,Clear,Highways,Normal,Daylight,20.5937,78.9629,Evening
Kolkata,18-30,Low Risk,No priority to vehicle,Car,Stormy,Village Road,Wet,Dawn,22.5726,88.3639,Afternoon
Kolkata,31-50,Low Risk,Changing lane to the right,Bus,Stormy,Village Road,Under Construction,Dusk,22.5726,88.3639,Afternoon
Kolkata,31-50,Low Risk,Changing lane to the right,Two-Wheeler,Clear,State Highway,Damaged,Dawn,22.5726,88.3639,Morning
Kolkata,18-30,Low Risk,No distancing,Truck,Rainy,Village Road,Damaged,Dawn,22.5726,88.3639,Night
Kolkata,31-50,Low Risk,No distancing,Auto-Rickshaw,Clear,Urban Road,Damaged,Daylight,22.5726,88.3639,Night
Nashik,18-30,Low Risk,Changing lane to the left,Pedestrian,Clear,Highways,Normal,Daylight,20.5937,78.9629,Morning
Kolkata,18-30,Low Risk,Changing lane to the right,Car,Clear,National Highway,Under Construction,Daylight,22.5726,88.3639,Afternoon
Kolkata,18-30,Low Risk,No priority to vehicle,Car,Stormy,National Highway,Normal,Dusk,22.5726,88.3639,Night
Kolkata,18-30,Low Risk,Changing lane to the left,Auto-Rickshaw,Clear,Urban Road,Wet,Dark,22.5726,88.3639,Night
Srinagar,18-30,Low Risk,No priority to vehicle,Bus,Clear,Highways,Normal,Daylight,20.5937,78.9629,Evening
Kolkata,18-30,Medium Risk,Moving Backward,Car,Clear,Highways,Normal,Dusk,22.5726,88.3639,Night
Kolkata,50+,Medium Risk,Turnover,Cycle,Rainy,Highways,Normal,Dusk,22.5726,88.3639,Night
Kolkata,31-50,Low Risk,No distancing,Truck,Hazy,Village Road,Normal,Dusk,22.5726,88.3639,Morning
Kolkata,31-50,Medium Risk,No distancing,Two-Wheeler,Clear,State Highway,Under Construction,Daylight,22.5726,88.3639,Morning
Kolkata,50+,Low Risk,No distancing,Cycle,Clear,Village Road,Wet,Daylight,22.5726,88.3639,Afternoon
Kolkata,31-50,Low Risk,Changing lane to the left,Two-Wheeler,Hazy,Village Road,Dry,Daylight,22.5726,88.3639,Morning
Kolkata,18-30,Low Risk,No priority to vehicle,Bus,Rainy,Village Road,Under Construction,Daylight,22.5726,88.3639,Night
Kolkata,31-50,Low Risk,Driving at high speed,Car,Clear,Village Road,Dry,Daylight,22.5726,88.3639,Morning
Kolkata,50+,Low Risk,Overtaking,Car,Hazy,Highways,Normal,Dusk,22.5726,88.3639,Afternoon
Kolkata,31-50,Low Risk,Other,Pedestrian,Clear,State Highway,Damaged,Dark,22.5726,88.3639,Afternoon
Kolkata,18-30,Low Risk,Changing lane to the left,Car,Stormy,Village Road,Damaged,Daylight,22.5726,88.3639,Evening
Kolkata,50+,Low Risk,No priority to pedestrian,Cycle,Clear,Highways,Normal,Daylight,22.5726,88.3639,Night
Kolkata,18-30,Medium Risk,Changing lane to the left,Auto-Rickshaw,Clear,National Highway,Under Construction,Dawn,22.5726,88.3639,Afternoon
Kolkata,50+,Low Risk,No distancing,Bus,Stormy,Highways,Normal,Dawn,22.5726,88.3639,Night
Jodhpur,18-30,Low Risk,Moving Backward,Auto-Rickshaw,Hazy,Highways,Normal,Dusk,20.5937,78.9629,Evening
Kollam,31-50,Low Risk,Changing lane to the left,Pedestrian,Clear,Highways,Normal,Dark,20.5937,78.9629,Night
Kollam,18-30,Low Risk,Other,Truck,Clear,Highways,Normal,Daylight,20.5937,78.9629,Morning
Kollam,31-50,Medium Risk,No distancing,Pedestrian,Rainy,National Highway,Under Construction,Dark,20.5937,78.9629,Afternoon
Kollam,31-50,Medium Risk,Moving Backward,Bus,Clear,Village Road,Damaged,Daylight,20.5937,78.9629,Afternoon
Kollam,18-30,Medium Risk,No distancing,Two-Wheeler,Foggy,State Highway,Under Construction,Dark,20.5937,78.9629,Afternoon
Kollam,18-30,Medium Risk,Changing lane to the left,Truck,Stormy,Village Road,Damaged,Daylight,20.5937,78.9629,Afternoon
Kollam,31-50,Low Risk,Changing lane to the left,Truck,Clear,Highways,Normal,Daylight,20.5937,78.9629,Evening
Kollam,50+,Medium Risk,No priority to pedestrian,Two-Wheeler,Stormy,Highways,Normal,Dusk,20.5937,78.9629,Afternoon
Kollam,18-30,Medium Risk,Changing lane to the left,Cycle,Clear,Urban Road,Normal,Dark,20.5937,78.9629,Morning
Kollam,18-30,Medium Risk,Driving carelessly,Pedestrian,Clear,Village Road,Dry,Daylight,20.5937,78.9629,Night
Kollam,18-30,Medium Risk,Driving carelessly,Car,Foggy,National Highway,Normal,Dusk,20.5937,78.9629,Night
Kollam,31-50,Medium Risk,No priority to pedestrian,Cycle,Hazy,Urban Road,Wet,Daylight,20.5937,78.9629,Afternoon
Kollam,18-30,Low Risk,Getting off the vehicle improperly,Car,Stormy,National Highway,Damaged,Dark,20.5937,78.9629,Morning
Kollam,18-30,Low Risk,No distancing,Bus,Stormy,National Highway,Wet,Dark,20.5937,78.9629,Afternoon
Kollam,18-30,Low Risk,Changing lane to the left,Pedestrian,Stormy,National Highway,Under Construction,Daylight,20.5937,78.9629,Night
Kollam,18-30,Low Risk,No priority to vehicle,Bus,Clear,Highways,Normal,Dawn,20.5937,78.9629,Afternoon
Kollam,18-30,Low Risk,No distancing,Bus,Clear,Highways,Normal,Dawn,20.5937,78.9629,Afternoon
Kollam,18-30,Low Risk,No priority to pedestrian,Two-Wheeler,Clear,Urban Road,Wet,Daylight,20.5937,78.9629,Afternoon
Kollam,31-50,Low Risk,No priority to pedestrian,Bus,Clear,Highways,Normal,Dusk,20.5937,78.9629,Morning
Kollam,18-30,Low Risk,No priority to vehicle,Car,Foggy,National Highway,Damaged,Daylight,20.5937,78.9629,Night
Thrissur,18-30,Low Risk,Driving carelessly,Car,Clear,Highways,Normal,Dawn,20.5937,78.9629,Evening
Kollam,18-30,Low Risk,Changing lane to the right,Auto-Rickshaw,Rainy,Urban Road,Under Construction,Daylight,20.5937,78.9629,Morning
Kollam,18-30,Low Risk,Changing lane to the left,Cycle,Hazy,Village Road,Under Construction,Daylight,20.5937,78.9629,Night
Kollam,18-30,Medium Risk,Moving Backward,Cycle,Clear,Highways,Normal,Dawn,20.5937,78.9629,Night
Kollam,18-30,Medium Risk,Driving carelessly,Pedestrian,Clear,Highways,Normal,Daylight,20.5937,78.9629,Evening
Kota,18-30,Medium Risk,Driving to the left,Two-Wheeler,Stormy,National Highway,Dry,Daylight,20.5937,78.9629,Night
Jamshedpur,31-50,Low Risk,Driving to the left,Bus,Hazy,Highways,Normal,Daylight,20.5937,78.9629,Morning
Kota,18-30,Low Risk,No priority to pedestrian,Car,Clear,Highways,Normal,Daylight,20.5937,78.9629,Night
Kota,18-30,Low Risk,Changing lane to the left,Car,Hazy,State Highway,Damaged,Dusk,20.5937,78.9629,Morning