Million_Plus_Cities,Age_band_of_driver,Accident_severity,Cause_of_accident,Vehicle Type Involved,Weather Conditions,Road Type,Road Condition,Lighting Conditions,Latitude,Longitude,Time_Block
Kota,18-30,Low Risk,Changing lane to the right,Two-Wheeler,Clear,National Highway,Damaged,Dark,20.5937,78.9629,Night
Kota,18-30,Low Risk,Driving carelessly,Car,Rainy,National Highway,Damaged,Dawn,20.5937,78.9629,Morning
Kota,18-30,Low Risk,No distancing,Car,Clear,Urban Road,Dry,Daylight,20.5937,78.9629,Afternoon
Kota,18-30,Low Risk,Getting off the vehicle improperly,Truck,Foggy,Urban Road,Wet,Dark,20.5937,78.9629,Morning
Nagpur,31-50,Low Risk,Driving under the influence of drugs,Pedestrian,Hazy,Highways,Normal,Dark,20.5937,78.9629,Morning
Kota,31-50,Low Risk,Changing lane to the right,Cycle,Foggy,State Highway,Dry,Dark,20.5937,78.9629,Evening
Kota,18-30,Low Risk,Driving carelessly,Pedestrian,Clear,National Highway,Damaged,Dawn,20.5937,78.9629,Morning
Kota,50+,Low Risk,Moving Backward,Cycle,Rainy,State Highway,Dry,Dawn,20.5937,78.9629,Morning
Kota,18-30,Low Risk,Turnover,Auto-Rickshaw,Clear,Urban Road,Dry,Daylight,20.5937,78.9629,Morning
Kota,18-30,Low Risk,Changing lane to the right,Cycle,Clear,National Highway,Under Construction,Daylight,20.5937,78.9629,Night
Kota,18-30,Low Risk,Driving carelessly,Truck,Clear,Urban Road,Damaged,Daylight,20.5937,78.9629,Morning
Kota,18-30,Low Risk,No priority to vehicle,Cycle,Rainy,State Highway,Damaged,Dawn,20.5937,78.9629,Afternoon
Kota,31-50,Low Risk,Moving Backward,Two-Wheeler,Rainy,Urban Road,Wet,Daylight,20.5937,78.9629,Evening
Kota,18-30,Low Risk,Changing lane to the left,Pedestrian,Clear,State Highway,Wet,Daylight,20.5937,78.9629,Night
Kota,31-50,Low Risk,Overturning,Pedestrian,Clear,Urban Road,Damaged,Daylight,20.5937,78.9629,Night
Kota,31-50,Low Risk,No distancing,Auto-Rickshaw,Clear,National Highway,Damaged,Daylight,20.5937,78.9629,Night
Kota,31-50,Low Risk,Driving carelessly,Cycle,Stormy,State Highway,Wet,Daylight,20.5937,78.9629,Night
Kota,18-30,Low Risk,No distancing,Two-Wheeler,Clear,State Highway,Damaged,Daylight,20.5937,78.9629,Evening
Kota,31-50,Low Risk,Changing lane to the left,Bus,Stormy,National Highway,Wet,Daylight,20.5937,78.9629,Evening
Kota,31-50,Low Risk,No priority to pedestrian,Two-Wheeler,Clear,Highways,Normal,Daylight,20.5937,78.9629,Afternoon
Kota,31-50,Low Risk,No distancing,Cycle,Clear,Highways,Normal,Dusk,20.5937,78.9629,Night
Srinagar,50+,Medium Risk,No distancing,Truck,Foggy,Highways,Normal,Daylight,20.5937,78.9629,Night
Lucknow,18-30,Low Risk,Changing lane to the left,Auto-Rickshaw,Clear,Highways,Normal,Daylight,26.8467,80.9462,Afternoon
Lucknow,18-30,Low Risk,No distancing,Auto-Rickshaw,Clear,State Highway,Dry,Dawn,26.8467,80.9462,Evening
Lucknow,18-30,Medium Risk,Changing lane to the left,Cycle,Foggy,State Highway,Under Construction,Dark,26.8467,80.9462,Afternoon
Lucknow,50+,Low Risk,No distancing,Truck,Clear,National Highway,Dry,Dark,26.8467,80.9462,Night
Lucknow,18-30,Low Risk,No distancing,Two-Wheeler,Clear,State Highway,Normal,Dusk,26.8467,80.9462,Afternoon
Lucknow,18-30,Low Risk,No distancing,Bus,Stormy,Village Road,Dry,Daylight,26.8467,80.9462,Morning
Lucknow,18-30,Low Risk,Changing lane to the left,Cycle,Clear,State Highway,Wet,Daylight,26.8467,80.9462,Morning
Lucknow,18-30,Low Risk,Changing lane to the right,Pedestrian,Clear,State Highway,Damaged,Daylight,26.8467,80.9462,Afternoon
Lucknow,18-30,Low Risk,Moving Backward,Pedestrian,Clear,Urban Road,Wet,Dawn,26.8467,80.9462,Evening
Lucknow,31-50,Low Risk,Changing lane to the right,Cycle,Clear,Highways,Normal,Dawn,26.8467,80.9462,Morning
Rajkot,18-30,Medium Risk,No distancing,Car,Clear,Highways,Normal,Daylight,20.5937,78.9629,Night
Lucknow,31-50,Medium Risk,Overtaking,Cycle,Clear,Highways,Normal,Dawn,26.8467,80.9462,Afternoon
Lucknow,31-50,Medium Risk,Other,Truck,Clear,Urban Road,Dry,Daylight,26.8467,80.9462,Afternoon
Lucknow,18-30,Low Risk,Other,Pedestrian,Rainy,Village Road,Under Construction,Dawn,26.8467,80.9462,Morning
Lucknow,31-50,Low Risk,Changing lane to the right,Auto-Rickshaw,Clear,National Highway,Damaged,Daylight,26.8467,80.9462,Morning
Lucknow,18-30,Low Risk,No priority to pedestrian,Car,Foggy,Village Road,Wet,Dusk,26.8467,80.9462,Night
Lucknow,18-30,Low Risk,No priority to vehicle,Bus,Clear,Urban Road,Damaged,Daylight,26.8467,80.9462,Morning
Lucknow,18-30,Low Risk,Changing lane to the left,Pedestrian,Clear,State Highway,Under Construction,Dusk,26.8467,80.9462,Night
Lucknow,18-30,Low Risk,Changing lane to the left,Pedestrian,Clear,Highways,Normal,Daylight,26.8467,80.9462,Afternoon
Lucknow,50+,Low Risk,Overtaking,Truck,Stormy,National Highway,Under Construction,Daylight,26.8467,80.9462,Afternoon
Lucknow,18-30,Low Risk,No distancing,Bus,Foggy,Urban Road,Damaged,Dark,26.8467,80.9462,Night
Lucknow,31-50,Low Risk,No priority to vehicle,Pedestrian,Rainy,Village Road,Damaged,Daylight,26.8467,80.9462,Morning
Lucknow,31-50,Low Risk,Changing lane to the right,Car,Stormy,State Highway,Wet,Daylight,26.8467,80.9462,Afternoon
Lucknow,18-30,Low Risk,Changing lane to the left,Cycle,Rainy,National Highway,Damaged,Dawn,26.8467,80.9462,Evening
Ludhiana,18-30,Low Risk,No distancing,Bus,Stormy,Highways,Normal,Daylight,20.5937,78.9629,Night
Ludhiana,18-30,Medium Risk,Driving carelessly,Two-Wheeler,Foggy,State Highway,Wet,Dusk,20.5937,78.9629,Evening
Dhanbad,18-30,Low Risk,No priority to pedestrian,Two-Wheeler,Hazy,Highways,Normal,Dusk,20.5937,78.9629,Morning
Agra,18-30,Low Risk,Driving carelessly,Cycle,Clear,Highways,Normal,Daylight,27.1767,78.0081,Morning
Ludhiana,31-50,Low Risk,Moving Backward,Cycle,Foggy,State Highway,Under Construction,Daylight,20.5937,78.9629,Night
Ludhiana,18-30,Low Risk,No distancing,Cycle,Foggy,Village Road,Normal,Dusk,20.5937,78.9629,Afternoon
Ludhiana,18-30,Low Risk,No distancing,Two-Wheeler,Rainy,Highways,Normal,Daylight,20.5937,78.9629,Afternoon
Ludhiana,18-30,Low Risk,No distancing,Car,Clear,National Highway,Damaged,Dawn,20.5937,78.9629,Morning
Ludhiana,31-50,Medium Risk,Changing lane to the left,Truck,Clear,National Highway,Dry,Daylight,20.5937,78.9629,Morning
Ludhiana,50+,Medium Risk,Changing lane to the left,Cycle,Clear,National Highway,Dry,Dusk,20.5937,78.9629,Evening
Ludhiana,50+,Medium Risk,Moving Backward,Bus,Foggy,Highways,Normal,Dusk,20.5937,78.9629,Night
Ludhiana,18-30,Low Risk,Changing lane to the right,Truck,Stormy,Highways,Normal,Dusk,20.5937,78.9629,Night
Ludhiana,18-30,High Risk,No priority to vehicle,Cycle,Stormy,Village Road,Wet,Daylight,20.5937,78.9629,Evening
Ludhiana,18-30,Low Risk,Moving Backward,Two-Wheeler,Clear,National Highway,Wet,Dark,20.5937,78.9629,Afternoon
Ludhiana,31-50,Low Risk,Driving carelessly,Car,Clear,Urban Road,Under Construction,Dawn,20.5937,78.9629,Afternoon
Ludhiana,18-30,Low Risk,Driving carelessly,Auto-Rickshaw,Stormy,National Highway,Dry,Dusk,20.5937,78.9629,Night
Ludhiana,31-50,Low Risk,Driving under the influence of drugs,Pedestrian,Stormy,Village Road,Wet,Daylight,20.5937,78.9629,Evening
Ludhiana,18-30,Low Risk,No priority to pedestrian,Two-Wheeler,Stormy,National Highway,Damaged,Daylight,20.5937,78.9629,Morning
Jamshedpur,18-30,Low Risk,No priority to vehicle,Auto-Rickshaw,Hazy,Highways,Normal,Dusk,20.5937,78.9629,Night
Ludhiana,18-30,High Risk,Driving carelessly,Car,Hazy,Urban Road,Damaged,Dawn,20.5937,78.9629,Morning
Ludhiana,18-30,Low Risk,Moving Backward,Two-Wheeler,Clear,Highways,Normal,Dawn,20.5937,78.9629,Afternoon
Ludhiana,18-30,High Risk,Driving carelessly,Auto-Rickshaw,Clear,Urban Road,Wet,Dawn,20.5937,78.9629,Afternoon
Ludhiana,31-50,Low Risk,No priority to vehicle,Truck,Clear,Village Road,Damaged,Dawn,20.5937,78.9629,Night
Ludhiana,31-50,Low Risk,Changing lane to the right,Car,Clear,National Highway,Normal,Dark,20.5937,78.9629,Night
Ludhiana,31-50,Low Risk,Changing lane to the left,Pedestrian,Stormy,Urban Road,Dry,Daylight,20.5937,78.9629,Afternoon
Madurai,31-50,Low Risk,No priority to vehicle,Bus,Clear,Village Road,Dry,Daylight,20.5937,78.9629,Night
Madurai,18-30,Low Risk,Driving carelessly,Auto-Rickshaw,Clear,State Highway,Under Construction,Daylight,20.5937,78.9629,Morning
Madurai,50+,Low Risk,Moving Backward,Two-Wheeler,Rainy,National Highway,Under Construction,Dusk,20.5937,78.9629,Morning
Madurai,18-30,Low Risk,No distancing,Pedestrian,Rainy,State Highway,Damaged,Daylight,20.5937,78.9629,Morning
Madurai,50+,Low Risk,Changing lane to the left,Two-Wheeler,Foggy,Village Road,Wet,Daylight,20.5937,78.9629,Morning
Bengaluru,50+,Low Risk,Changing lane to the left,Two-Wheeler,Clear,Highways,Normal,Daylight,12.9716,77.5946,Night
Madurai,18-30,Low Risk,No distancing,Truck,Clear,Highways,Normal,Daylight,20.5937,78.9629,Afternoon
Madurai,18-30,Low Risk,Changing lane to the left,Auto-Rickshaw,Clear,Urban Road,Under Construction,Dark,20.5937,78.9629,Night
Asansol Durgapur,18-30,Medium Risk,Driving carelessly,Cycle,Hazy,Highways,Normal,Dawn,20.5937,78.9629,Morning
Madurai,31-50,Low Risk,Changing lane to the left,Two-Wheeler,Stormy,Urban Road,Under Construction,Dark,20.5937,78.9629,Night
Rajkot,18-30,Low Risk,No distancing,Cycle,Hazy,Highways,Normal,Dawn,20.5937,78.9629,Morning
Madurai,31-50,Low Risk,Changing lane to the right,Car,Hazy,National Highway,Damaged,Dusk,20.5937,78.9629,Evening
Madurai,18-30,Low Risk,No distancing,Pedestrian,Clear,State Highway,Wet,Daylight,20.5937,78.9629,Night
Madurai,31-50,Medium Risk,Driving to the left,Car,Foggy,National Highway,Damaged,Daylight,20.5937,78.9629,Night
Madurai,31-50,Low Risk,No distancing,Car,Hazy,Urban Road,Wet,Dark,20.5937,78.9629,Night
Madurai,18-30,Low Risk,Overtaking,Two-Wheeler,Hazy,Village Road,Damaged,Daylight,20.5937,78.9629,Afternoon
Madurai,18-30,Low Risk,Driving under the influence of drugs,Auto-Rickshaw,Clear,State Highway,Under Construction,Daylight,20.5937,78.9629,Evening
Madurai,18-30,Low Risk,No priority to pedestrian,Auto-Rickshaw,Hazy,National Highway,Under Construction,Dawn,20.5937,78.9629,Afternoon
Madurai,18-30,Low Risk,Moving Backward,Cycle,Clear,Village Road,Dry,Dusk,20.5937,78.9629,Night
Madurai,18-30,Low Risk,Changing lane to the right,Bus,Clear,Urban Road,Under Construction,Dawn,20.5937,78.9629,Night
Madurai,18-30,Low Risk,Changing lane to the left,Bus,Stormy,Urban Road,Wet,Daylight,20.5937,78.9629,Morning
Madurai,18-30,Low Risk,Changing lane to the right,Pedestrian,Stormy,Highways,Normal,Daylight,20.5937,78.9629,Evening
Madurai,18-30,Low Risk,Driving under the influence of drugs,Truck,Clear,Village Road,Wet,Daylight,20.5937,78.9629,Afternoon
Madurai,18-30,Low Risk,No priority to vehicle,Truck,Foggy,National Highway,Wet,Daylight,20.5937,78.9629,Night
Amritsar,18-30,Low Risk,No priority to vehicle,Pedestrian,Clear,Highways,Normal,Dusk,20.5937,78.9629,Afternoon
Mallapuram,31-50,Medium Risk,Changing lane to the left,Pedestrian,Clear,Highways,Normal,Dusk,20.5937,78.9629,Afternoon
Mallapuram,18-30,Medium Risk,Changing lane to the right,Pedestrian,Clear,Village Road,Wet,Daylight,20.5937,78.9629,Evening
Mallapuram,18-30,Medium Risk,Changing lane to the right,Auto-Rickshaw,Foggy,State Highway,Under Construction,Dawn,20.5937,78.9629,Night
Mallapuram,18-30,Low Risk,Changing lane to the left,Cycle,Rainy,National Highway,Under Construction,Daylight,20.5937,78.9629,Morning
Mallapuram,18-30,Low Risk,Changing lane to the left,Cycle,Clear,Village Road,Under Construction,Dark,20.5937,78.9629,Night
Mallapuram,50+,Low Risk,Getting off the vehicle improperly,Pedestrian,Hazy,Village Road,Wet,Dusk,20.5937,78.9629,Afternoon
Mallapuram,18-30,Low Risk,Overtaking,Cycle,Rainy,Urban Road,Dry,Dark,20.5937,78.9629,Morning
Mallapuram,18-30,Low Risk,Changing lane to the left,Bus,Clear,Highways,Normal,Daylight,20.5937,78.9629,Evening
Mallapuram,18-30,Low Risk,Driving under the influence of drugs,Truck,Foggy,Urban Road,Wet,Dusk,20.5937,78.9629,Night
Mallapuram,50+,Low Risk,Driving carelessly,Two-Wheeler,Clear,Urban Road,Dry,Daylight,20.5937,78.9629,Afternoon
Mallapuram,31-50,Medium Risk,Moving Backward,Auto-Rickshaw,Clear,Village Road,Dry,Dawn,20.5937,78.9629,Night
Mallapuram,18-30,Low Risk,No distancing,Car,Clear,State Highway,Wet,Daylight,20.5937,78.9629,Morning
Mallapuram,18-30,Low Risk,No priority to vehicle,Auto-Rickshaw,Foggy,Highways,Normal,Daylight,20.5937,78.9629,Evening
Hyderabad,18-30,Low Risk,Overturning,Car,Clear,Highways,Normal,Dark,17.385,78.4867,Morning
Mallapuram,50+,Low Risk,Changing lane to the left,Car,Rainy,Village Road,Dry,Daylight,20.5937,78.9629,Night
Mallapuram,18-30,Low Risk,No distancing,Auto-Rickshaw,Clear,Village Road,Under Construction,Dusk,20.5937,78.9629,Afternoon
Mallapuram,18-30,Low Risk,Moving Backward,Bus,Stormy,Highways,Normal,Dusk,20.5937,78.9629,Afternoon
Mallapuram,50+,Low Risk,No priority to vehicle,Car,Hazy,Highways,Normal,Dawn,20.5937,78.9629,Night
Mallapuram,18-30,Medium Risk,No priority to vehicle,Two-Wheeler,Foggy,Highways,Normal,Daylight,20.5937,78.9629,Morning
Mallapuram,18-30,Low Risk,No distancing,Auto-Rickshaw,Rainy,State Highway,Damaged,Dusk,20.5937,78.9629,Evening
Mallapuram,18-30,Medium Risk,No distancing,Truck,Clear,Highways,Normal,Dusk,20.5937,78.9629,Afternoon
Mallapuram,31-50,Low Risk,Overtaking,Car,Clear,Urban Road,Wet,Dark,20.5937,78.9629,Morning
Mallapuram,18-30,Medium Risk,Driving under the influence of drugs,Car,Hazy,National Highway,Wet,Dark,20.5937,78.9629,Afternoon
Mallapuram,31-50,Medium Risk,Changing lane to the right,Two-Wheeler,Rainy,Highways,Normal,Daylight,20.5937,78.9629,Afternoon
Mallapuram,18-30,Medium Risk,Changing lane to the left,Car,Stormy,National Highway,Normal,Daylight,20.5937,78.9629,Evening
Meerut,18-30,Medium Risk,Driving carelessly,Auto-Rickshaw,Stormy,Highways,Normal,Daylight,20.5937,78.9629,Evening
Meerut,31-50,Medium Risk,Moving Backward,Cycle,Clear,State Highway,Damaged,Dusk,20.5937,78.9629,Evening
Meerut,18-30,Medium Risk,Moving Backward,Cycle,Rainy,National Highway,Under Construction,Daylight,20.5937,78.9629,Morning
Meerut,18-30,Medium Risk,Changing lane to the right,Car,Clear,Highways,Normal,Dawn,20.5937,78.9629,Afternoon
Meerut,31-50,Low Risk,No priority to vehicle,Pedestrian,Clear,Urban Road,Normal,Dawn,20.5937,78.9629,Morning
Meerut,31-50,Low Risk,Driving at high speed,Car,Clear,National Highway,Dry,Daylight,20.5937,78.9629,Night
Meerut,18-30,Low Risk,Driving under the influence of drugs,Pedestrian,Clear,Village Road,Dry,Dawn,20.5937,78.9629,Morning
Meerut,18-30,Low Risk,Changing lane to the right,Cycle,Hazy,Urban Road,Damaged,Daylight,20.5937,78.9629,Night
Jodhpur,50+,Medium Risk,Driving carelessly,Car,Foggy,Highways,Normal,Dusk,20.5937,78.9629,Morning
Meerut,18-30,Low Risk,No distancing,Cycle,Hazy,Highways,Normal,Daylight,20.5937,78.9629,Morning
Meerut,31-50,Low Risk,Changing lane to the left,Pedestrian,Stormy,Village Road,Damaged,Daylight,20.5937,78.9629,Night
Srinagar,18-30,Medium Risk,No distancing,Auto-Rickshaw,Clear,Highways,Normal,Dawn,20.5937,78.9629,Morning
Amritsar,18-30,Low Risk,No distancing,Car,Hazy,Highways,Normal,Dawn,20.5937,78.9629,Night
Meerut,18-30,Medium Risk,Getting off the vehicle improperly,Bus,Hazy,Village Road,Under Construction,Daylight,20.5937,78.9629,Afternoon
Ludhiana,18-30,Low Risk,Overtaking,Auto-Rickshaw,Clear,Highways,Normal,Dark,20.5937,78.9629,Night
Meerut,31-50,Medium Risk,Driving carelessly,Truck,Foggy,Urban Road,Dry,Daylight,20.5937,78.9629,Evening
Meerut,31-50,Medium Risk,Driving under the influence of drugs,Two-Wheeler,Clear,Urban Road,Dry,Daylight,20.5937,78.9629,Morning
Thiruvanthapuram,18-30,Low Risk,Moving Backward,Pedestrian,Clear,Highways,Normal,Dusk,20.5937,78.9629,Evening
Meerut,18-30,Low Risk,Overturning,Car,Clear,Highways,Normal,Dark,20.5937,78.9629,Afternoon
Meerut,31-50,Low Risk,Driving under the influence of drugs,Car,Clear,Highways,Normal,Dawn,20.5937,78.9629,Morning
Meerut,18-30,Medium Risk,Changing lane to the right,Two-Wheeler,Clear,Village Road,Wet,Dusk,20.5937,78.9629,Afternoon
Meerut,31-50,Low Risk,Changing lane to the left,Car,Clear,Village Road,Dry,Dark,20.5937,78.9629,Morning
Meerut,31-50,Low Risk,No distancing,Pedestrian,Clear,National Highway,Wet,Dawn,20.5937,78.9629,Morning
Meerut,31-50,Low Risk,No distancing,Auto-Rickshaw,Rainy,National Highway,Under Construction,Daylight,20.5937,78.9629,Morning
Meerut,18-30,Low Risk,No priority to vehicle,Auto-Rickshaw,Clear,Urban Road,Wet,Dusk,20.5937,78.9629,Morning
Mumbai,18-30,Low Risk,Moving Backward,Two-Wheeler,Clear,Village Road,Damaged,Daylight,19.076,72.8777,Evening
Mumbai,31-50,Low Risk,Moving Backward,Bus,Clear,State Highway,Wet,Daylight,19.076,72.8777,Morning
Mumbai,18-30,Low Risk,Getting off the vehicle improperly,Auto-Rickshaw,Clear,Village Road,Wet,Daylight,19.076,72.8777,Morning
Mumbai,31-50,Low Risk,Changing lane to the left,Pedestrian,Clear,Urban Road,Damaged,Daylight,19.076,72.8777,Night
Mumbai,18-30,Low Risk,Changing lane to the left,Cycle,Rainy,Urban Road,Under Construction,Dark,19.076,72.8777,Afternoon
Mumbai,18-30,Low Risk,No priority to vehicle,Car,Clear,National Highway,Dry,Dusk,19.076,72.8777,Evening
Mumbai,18-30,Medium Risk,Changing lane to the right,Car,Foggy,Urban Road,Wet,Daylight,19.076,72.8777,Night
Mumbai,18-30,Medium Risk,Changing lane to the right,Two-Wheeler,Clear,Urban Road,Under Construction,Dusk,19.076,72.8777,Night
Mumbai,18-30,Medium Risk,Driving carelessly,Car,Stormy,National Highway,Under Construction,Dawn,19.076,72.8777,Night
Mumbai,50+,Low Risk,Changing lane to the left,Two-Wheeler,Hazy,Highways,Normal,Dark,19.076,72.8777,Night
Mumbai,18-30,Low Risk,Changing lane to the right,Truck,Clear,Village Road,Wet,Dawn,19.076,72.8777,Night
Mumbai,50+,Low Risk,Driving under the influence of drugs,Cycle,Clear,Highways,Normal,Daylight,19.076,72.8777,Evening
Kota,50+,Medium Risk,Driving carelessly,Auto-Rickshaw,Foggy,Highways,Normal,Daylight,20.5937,78.9629,Morning
Mumbai,31-50,Medium Risk,No distancing,Two-Wheeler,Hazy,Urban Road,Under Construction,Dawn,19.076,72.8777,Afternoon
Hyderabad,31-50,Medium Risk,No priority to vehicle,Car,Clear,Highways,Normal,Daylight,17.385,78.4867,Afternoon
Mumbai,31-50,Medium Risk,No priority to vehicle,Cycle,Hazy,Village Road,Under Construction,Dusk,19.076,72.8777,Evening
Mumbai,31-50,Low Risk,No priority to vehicle,Cycle,Clear,Urban Road,Wet,Daylight,19.076,72.8777,Night
Mumbai,50+,Low Risk,Changing lane to the left,Bus,Rainy,State Highway,Under Construction,Daylight,19.076,72.8777,Night
Mumbai,31-50,Low Risk,Moving Backward,Pedestrian,Stormy,Urban Road,Wet,Dark,19.076,72.8777,Morning
Mumbai,18-30,Medium Risk,Driving carelessly,Truck,Hazy,Highways,Normal,Daylight,19.076,72.8777,Night
Mumbai,31-50,Low Risk,Driving under the influence of drugs,Car,Clear,Urban Road,Wet,Dusk,19.076,72.8777,Afternoon
Mumbai,31-50,Low Risk,Changing lane to the right,Bus,Clear,Urban Road,Dry,Daylight,19.076,72.8777,Morning
Mumbai,31-50,Low Risk,No priority to vehicle,Car,Clear,National Highway,Wet,Dark,19.076,72.8777,Night
Mumbai,18-30,Low Risk,Changing lane to the right,Car,Hazy,Village Road,Under Construction,Daylight,19.076,72.8777,Afternoon
Nagpur,31-50,Low Risk,Driving to the left,Pedestrian,Stormy,Highways,Normal,Dawn,20.5937,78.9629,Afternoon
Nagpur,31-50,Low Risk,Moving Backward,Car,Foggy,Urban Road,Wet,Dawn,20.5937,78.9629,Night
Nagpur,18-30,Low Risk,No priority to vehicle,Two-Wheeler,Clear,Highways,Normal,Daylight,20.5937,78.9629,Night
Nagpur,31-50,Low Risk,No distancing,Two-Wheeler,Foggy,State Highway,Damaged,Dark,20.5937,78.9629,Night
Nagpur,31-50,Low Risk,Driving carelessly,Truck,Hazy,National Highway,Under Construction,Daylight,20.5937,78.9629,Evening
Nagpur,18-30,Low Risk,Changing lane to the left,Car,Stormy,National Highway,Under Construction,Dusk,20.5937,78.9629,Morning
Nagpur,18-30,Low Risk,No priority to vehicle,Pedestrian,Foggy,National Highway,Dry,Dawn,20.5937,78.9629,Morning
Nagpur,18-30,Low Risk,No priority to vehicle,Car,Stormy,Urban Road,Under Construction,Dark,20.5937,78.9629,Morning
Nagpur,18-30,Low Risk,No distancing,Two-Wheeler,Clear,State Highway,Damaged,Daylight,20.5937,78.9629,Afternoon
Nagpur,18-30,Low Risk,Driving to the left,Bus,Clear,National Highway,Wet,Daylight,20.5937,78.9629,Evening
Nagpur,18-30,Low Risk,Driving carelessly,Truck,Hazy,Village Road,Under Construction,Dusk,20.5937,78.9629,Evening
Nagpur,18-30,Low Risk,Driving carelessly,Truck,Clear,Urban Road,Damaged,Dawn,20.5937,78.9629,Afternoon
Nagpur,50+,Low Risk,Changing lane to the right,Truck,Clear,Highways,Normal,Dusk,20.5937,78.9629,Afternoon
Nagpur,18-30,Low Risk,Driving carelessly,Pedestrian,Stormy,Urban Road,Dry,Dark,20.5937,78.9629,Afternoon
Nagpur,18-30,Low Risk,Changing lane to the left,Car,Clear,Village Road,Under Construction,Dawn,20.5937,78.9629,Night
Nagpur,18-30,Low Risk,Driving carelessly,Bus,Stormy,Highways,Normal,Daylight,20.5937,78.9629,Morning
Nagpur,50+,Low Risk,Driving carelessly,Car,Clear,National Highway,Under Construction,Dusk,20.5937,78.9629,Afternoon
Nagpur,18-30,Low Risk,Driving under the influence of drugs,Pedestrian,Foggy,Urban Road,Dry,Daylight,20.5937,78.9629,Morning
Nagpur,18-30,Low Risk,Driving carelessly,Cycle,Clear,Village Road,Under Construction,Dark,20.5937,78.9629,Morning
Nagpur,18-30,Low Risk,No distancing,Auto-Rickshaw,Clear,Urban Road,Dry,Daylight,20.5937,78.9629,Morning
Nagpur,31-50,Medium Risk,Driving carelessly,Truck,Clear,Highways,Normal,Dark,20.5937,78.9629,Night
Nagpur,18-30,Low Risk,Driving to the left,Cycle,Clear,National Highway,Wet,Dusk,20.5937,78.9629,Morning
Nagpur,18-30,Low Risk,Overtaking,Truck,Clear,State Highway,Under Construction,Dawn,20.5937,78.9629,Night
Nagpur,18-30,Medium Risk,No distancing,Truck,Clear,Highways,Normal,Dusk,20.5937,78.9629,Afternoon
Nagpur,31-50,Low Risk,Driving carelessly,Truck,Hazy,Urban Road,Damaged,Dusk,20.5937,78.9629,Night
Nagpur,31-50,Low Risk,No priority to vehicle,Car,Clear,Urban Road,Damaged,Daylight,20.5937,78.9629,Night
Nashik,31-50,Low Risk,No priority to vehicle,Pedestrian,Hazy,National Highway,Dry,Dark,20.5937,78.9629,Afternoon
Nashik,18-30,Low Risk,No priority to vehicle,Cycle,Clear,National Highway,Normal,Dusk,20.5937,78.9629,Night
Nashik,18-30,Low Risk,No priority to vehicle,Pedestrian,Clear,Village Road,Dry,Dusk,20.5937,78.9629,Morning
Nashik,18-30,Low Risk,No distancing,Cycle,Clear,National Highway,Wet,Daylight,20.5937,78.9629,Afternoon
Nashik,31-50,Low Risk,Moving Backward,Auto-Rickshaw,Clear,State Highway,Damaged,Dusk,20.5937,78.9629,Evening
Nashik,18-30,Low Risk,No distancing,Pedestrian,Clear,Village Road,Wet,Daylight,20.5937,78.9629,Morning
Nashik,18-30,Low Risk,Changing lane to the left,Car,Clear,State Highway,Under Construction,Daylight,20.5937,78.9629,Morning
Nashik,31-50,Low Risk,Changing lane to the left,Car,Hazy,Urban Road,Damaged,Daylight,20.5937,78.9629,Night
Nashik,18-30,Low Risk,No priority to pedestrian,Bus,Clear,Village Road,Damaged,Daylight,20.5937,78.9629,Evening
Nashik,18-30,Low Risk,Moving Backward,Pedestrian,Rainy,Village Road,Normal,Daylight,20.5937,78.9629,Night
Nashik,31-50,Low Risk,Changing lane to the left,Two-Wheeler,Rainy,National Highway,Dry,Dusk,20.5937,78.9629,Night
Nashik,18-30,Low Risk,No distancing,Pedestrian,Clear,Village Road,Wet,Dark,20.5937,78.9629,Evening
Nashik,18-30,Low Risk,No priority to vehicle,Pedestrian,Clear,Highways,Normal,Daylight,20.5937,78.9629,Evening
Allahabad(Prayagraj),31-50,Medium Risk,Changing lane to the right,Pedestrian,Clear,Highways,Normal,Dawn,20.5937,78.9629,Night
Nashik,31-50,Low Risk,No distancing,Car,Foggy,State Highway,Wet,Dawn,20.5937,78.9629,Morning
Nashik,18-30,Low Risk,No distancing,Pedestrian,Clear,Highways,Normal,Dusk,20.5937,78.9629,Night
Nashik,18-30,Medium Risk,Getting off the vehicle improperly,Two-Wheeler,Clear,Highways,Normal,Dawn,20.5937,78.9629,Afternoon
Nashik,18-30,Low Risk,No priority to pedestrian,Car,Clear,Urban Road,Under Construction,Dark,20.5937,78.9629,Morning
Nashik,18-30,Low Risk,Changing lane to the left,Bus,Foggy,Urban Road,Damaged,Daylight,20.5937,78.9629,Evening
Nashik,31-50,Low Risk,No distancing,Truck,Clear,Village Road,Under Construction,Dusk,20.5937,78.9629,Morning
Nashik,18-30,Low Risk,Driving carelessly,Cycle,Clear,National Highway,Under Construction,Dark,20.5937,78.9629,Night
Vizaq,18-30,Medium Risk,No distancing,Auto-Rickshaw,Stormy,Highways,Normal,Daylight,20.5937,78.9629,Night
Nashik,18-30,Medium Risk,Changing lane to the right,Truck,Clear,Highways,Normal,Daylight,20.5937,78.9629,Night
Nashik,18-30,Low Risk,Overtaking,Pedestrian,Clear,National Highway,Under Construction,Dark,20.5937,78.9629,Night