Million_Plus_Cities,Age_band_of_driver,Accident_severity,Cause_of_accident,Vehicle Type Involved,Weather Conditions,Road Type,Road Condition,Lighting Conditions,Latitude,Longitude,Time_Block
Nashik,18-30,Low Risk,Driving carelessly,Bus,Stormy,National Highway,Under Construction,Dawn,20.5937,78.9629,Morning
Patna,18-30,Low Risk,Moving Backward,Two-Wheeler,Clear,State Highway,Damaged,Daylight,25.5941,85.1376,Night
Patna,18-30,Low Risk,No distancing,Truck,Rainy,Village Road,Under Construction,Dawn,25.5941,85.1376,Morning
Patna,18-30,Low Risk,Overtaking,Cycle,Clear,National Highway,Dry,Dawn,25.5941,85.1376,Evening
Patna,18-30,Low Risk,Driving carelessly,Cycle,Stormy,Village Road,Normal,Dusk,25.5941,85.1376,Morning
Meerut,18-30,Low Risk,Driving carelessly,Auto-Rickshaw,Clear,Highways,Normal,Daylight,20.5937,78.9629,Evening
Patna,31-50,Low Risk,Moving Backward,Two-Wheeler,Clear,Urban Road,Dry,Dawn,25.5941,85.1376,Afternoon
Vadodra,18-30,Low Risk,Driving carelessly,Auto-Rickshaw,Clear,Highways,Normal,Dawn,20.5937,78.9629,Afternoon
Allahabad(Prayagraj),18-30,Low Risk,Driving to the left,Car,Rainy,Highways,Normal,Dark,20.5937,78.9629,Evening
Patna,18-30,Low Risk,Changing lane to the left,Cycle,Foggy,Village Road,Normal,Daylight,25.5941,85.1376,Morning
Patna,18-30,Low Risk,No distancing,Car,Hazy,Village Road,Under Construction,Dusk,25.5941,85.1376,Afternoon
Patna,18-30,Low Risk,No distancing,Car,Clear,National Highway,Dry,Daylight,25.5941,85.1376,Night
Patna,18-30,Low Risk,Changing lane to the right,Pedestrian,Stormy,Highways,Normal,Daylight,25.5941,85.1376,Morning
Patna,18-30,Low Risk,Driving under the influence of drugs,Pedestrian,Clear,Highways,Normal,Dusk,25.5941,85.1376,Morning
Patna,18-30,Low Risk,Changing lane to the right,Cycle,Stormy,State Highway,Under Construction,Daylight,25.5941,85.1376,Evening
Patna,18-30,Low Risk,Changing lane to the left,Bus,Clear,State Highway,Wet,Daylight,25.5941,85.1376,Evening
Patna,18-30,Medium Risk,Moving Backward,Two-Wheeler,Clear,Highways,Normal,Dawn,25.5941,85.1376,Morning
Patna,31-50,Low Risk,No distancing,Pedestrian,Clear,State Highway,Under Construction,Dusk,25.5941,85.1376,Evening
Patna,18-30,Low Risk,Changing lane to the right,Bus,Foggy,Highways,Normal,Daylight,25.5941,85.1376,Morning
Patna,18-30,Low Risk,Moving Backward,Auto-Rickshaw,Clear,Urban Road,Normal,Daylight,25.5941,85.1376,Night
Patna,18-30,Low Risk,No distancing,Truck,Foggy,Village Road,Dry,Dusk,25.5941,85.1376,Morning
Patna,18-30,Low Risk,Driving to the left,Auto-Rickshaw,Clear,Highways,Normal,Dusk,25.5941,85.1376,Night
Faridabad,18-30,Low Risk,Driving to the left,Bus,Clear,Highways,Normal,Daylight,20.5937,78.9629,Morning
Patna,18-30,Low Risk,Moving Backward,Car,Foggy,Village Road,Damaged,Daylight,25.5941,85.1376,Afternoon
Patna,18-30,Low Risk,Moving Backward,Auto-Rickshaw,Rainy,Highways,Normal,Dusk,25.5941,85.1376,Afternoon
Patna,18-30,Low Risk,Overtaking,Pedestrian,Hazy,Highways,Normal,Dusk,25.5941,85.1376,Morning
Pune,31-50,Low Risk,Driving carelessly,Car,Rainy,National Highway,Dry,Dark,18.5204,73.8567,Night
Pune,18-30,Low Risk,Changing lane to the left,Cycle,Foggy,State Highway,Under Construction,Dark,18.5204,73.8567,Night
Pune,18-30,Low Risk,Driving under the influence of drugs,Car,Hazy,Urban Road,Wet,Dark,18.5204,73.8567,Morning
Pune,31-50,Low Risk,No distancing,Auto-Rickshaw,Clear,Highways,Normal,Dusk,18.5204,73.8567,Afternoon
Pune,31-50,Low Risk,Moving Backward,Two-Wheeler,Clear,Village Road,Wet,Daylight,18.5204,73.8567,Morning
Pune,18-30,Low Risk,Changing lane to the left,Two-Wheeler,Clear,Highways,Normal,Dark,18.5204,73.8567,Morning
Pune,18-30,Medium Risk,Changing lane to the right,Pedestrian,Hazy,Urban Road,Normal,Dusk,18.5204,73.8567,Afternoon
Pune,31-50,Low Risk,No distancing,Auto-Rickshaw,Stormy,Village Road,Under Construction,Dark,18.5204,73.8567,Night
Pune,31-50,Low Risk,Driving at high speed,Two-Wheeler,Clear,Highways,Normal,Dawn,18.5204,73.8567,Night
Pune,50+,Low Risk,Changing lane to the right,Auto-Rickshaw,Clear,Village Road,Damaged,Daylight,18.5204,73.8567,Morning
Gwalior,50+,Low Risk,No priority to vehicle,Truck,Clear,Highways,Normal,Daylight,20.5937,78.9629,Afternoon
Pune,31-50,Low Risk,No distancing,Auto-Rickshaw,Hazy,National Highway,Normal,Dawn,18.5204,73.8567,Night
Pune,18-30,Low Risk,Turnover,Auto-Rickshaw,Stormy,National Highway,Wet,Dawn,18.5204,73.8567,Afternoon
Pune,18-30,Medium Risk,No distancing,Car,Rainy,Highways,Normal,Daylight,18.5204,73.8567,Morning
Pune,18-30,Low Risk,Changing lane to the right,Two-Wheeler,Stormy,Highways,Normal,Daylight,18.5204,73.8567,Night
Pune,18-30,Low Risk,No distancing,Cycle,Foggy,Highways,Normal,Daylight,18.5204,73.8567,Evening
Pune,50+,Low Risk,Changing lane to the left,Truck,Clear,Urban Road,Normal,Daylight,18.5204,73.8567,Night
Pune,18-30,Low Risk,Driving carelessly,Cycle,Clear,Village Road,Normal,Daylight,18.5204,73.8567,Night
Pune,31-50,Low Risk,Changing lane to the right,Car,Stormy,Urban Road,Dry,Daylight,18.5204,73.8567,Night
Pune,18-30,Low Risk,No priority to vehicle,Bus,Hazy,Highways,Normal,Daylight,18.5204,73.8567,Afternoon
Bengaluru,18-30,Medium Risk,No distancing,Pedestrian,Clear,Highways,Normal,Daylight,12.9716,77.5946,Night
Mallapuram,31-50,Low Risk,No priority to pedestrian,Car,Rainy,Highways,Normal,Daylight,20.5937,78.9629,Evening
Pune,18-30,Low Risk,No priority to pedestrian,Cycle,Clear,Urban Road,Wet,Daylight,18.5204,73.8567,Morning
Pune,18-30,Low Risk,No priority to vehicle,Auto-Rickshaw,Clear,Urban Road,Wet,Daylight,18.5204,73.8567,Night
Pune,18-30,Low Risk,Changing lane to the left,Pedestrian,Stormy,Urban Road,Under Construction,Dusk,18.5204,73.8567,Afternoon
Raipur,31-50,Low Risk,Changing lane to the left,Cycle,Clear,Urban Road,Damaged,Dawn,20.5937,78.9629,Morning
Raipur,31-50,Low Risk,No distancing,Cycle,Clear,State Highway,Dry,Daylight,20.5937,78.9629,Afternoon
Raipur,31-50,Low Risk,No priority to vehicle,Auto-Rickshaw,Rainy,State Highway,Under Construction,Daylight,20.5937,78.9629,Morning
Delhi,31-50,Medium Risk,No distancing,Cycle,Stormy,Highways,Normal,Daylight,28.6139,77.209,Morning
Mumbai,18-30,Low Risk,No distancing,Cycle,Hazy,Highways,Normal,Daylight,19.076,72.8777,Morning
Raipur,18-30,Low Risk,Changing lane to the right,Auto-Rickshaw,Clear,State Highway,Damaged,Daylight,20.5937,78.9629,Morning
Raipur,18-30,Medium Risk,Changing lane to the left,Car,Rainy,Highways,Normal,Dusk,20.5937,78.9629,Night
Raipur,18-30,Low Risk,No distancing,Pedestrian,Clear,Village Road,Wet,Dark,20.5937,78.9629,Evening
Raipur,18-30,Medium Risk,Overturning,Cycle,Hazy,State Highway,Damaged,Dark,20.5937,78.9629,Night
Lucknow,18-30,Low Risk,No priority to vehicle,Two-Wheeler,Hazy,Highways,Normal,Dusk,26.8467,80.9462,Morning
Nagpur,31-50,Low Risk,Moving Backward,Car,Clear,Highways,Normal,Daylight,20.5937,78.9629,Morning
Raipur,31-50,Medium Risk,Driving under the influence of drugs,Cycle,Foggy,State Highway,Normal,Dark,20.5937,78.9629,Night
Jabalpur,31-50,Low Risk,Moving Backward,Two-Wheeler,Foggy,Highways,Normal,Dusk,20.5937,78.9629,Morning
Raipur,18-30,Low Risk,Changing lane to the right,Bus,Clear,Highways,Normal,Daylight,20.5937,78.9629,Night
Jodhpur,18-30,Medium Risk,Overspeed,Cycle,Clear,Highways,Normal,Dusk,20.5937,78.9629,Night
Raipur,18-30,Low Risk,Driving under the influence of drugs,Two-Wheeler,Foggy,Highways,Normal,Daylight,20.5937,78.9629,Afternoon
Raipur,18-30,Medium Risk,Driving carelessly,Two-Wheeler,Clear,State Highway,Dry,Dawn,20.5937,78.9629,Night
Raipur,18-30,Medium Risk,No distancing,Cycle,Clear,State Highway,Dry,Dark,20.5937,78.9629,Morning
Raipur,18-30,Low Risk,No priority to vehicle,Car,Clear,Highways,Normal,Dusk,20.5937,78.9629,Night
Raipur,18-30,Low Risk,Overspeed,Bus,Stormy,State Highway,Wet,Dark,20.5937,78.9629,Night
Jaipur,31-50,Low Risk,Driving under the influence of drugs,Bus,Clear,Highways,Normal,Dark,26.9124,75.7873,Morning
Raipur,18-30,Low Risk,Changing lane to the right,Cycle,Clear,State Highway,Damaged,Dusk,20.5937,78.9629,Morning
Raipur,18-30,Low Risk,Changing lane to the right,Cycle,Clear,Highways,Normal,Dawn,20.5937,78.9629,Afternoon
Raipur,18-30,Medium Risk,Changing lane to the right,Pedestrian,Hazy,Highways,Normal,Dawn,20.5937,78.9629,Evening
Raipur,18-30,High Risk,Changing lane to the right,Car,Clear,State Highway,Under Construction,Dusk,20.5937,78.9629,Afternoon
Rajkot,50+,High Risk,Moving Backward,Auto-Rickshaw,Foggy,National Highway,Dry,Daylight,20.5937,78.9629,Night
Rajkot,31-50,Low Risk,No distancing,Pedestrian,Stormy,Highways,Normal,Daylight,20.5937,78.9629,Morning
Rajkot,18-30,High Risk,Overspeed,Two-Wheeler,Clear,Urban Road,Damaged,Daylight,20.5937,78.9629,Night
Rajkot,18-30,Low Risk,No distancing,Cycle,Clear,Village Road,Damaged,Daylight,20.5937,78.9629,Evening
Rajkot,18-30,Medium Risk,Driving carelessly,Cycle,Hazy,Urban Road,Dry,Daylight,20.5937,78.9629,Afternoon
Rajkot,18-30,Low Risk,No distancing,Car,Rainy,Highways,Normal,Daylight,20.5937,78.9629,Evening
Rajkot,31-50,Low Risk,No distancing,Two-Wheeler,Clear,Highways,Normal,Daylight,20.5937,78.9629,Morning
Rajkot,18-30,Low Risk,No distancing,Cycle,Clear,Urban Road,Normal,Dark,20.5937,78.9629,Afternoon
Surat,31-50,Medium Risk,Changing lane to the right,Auto-Rickshaw,Clear,Highways,Normal,Dusk,21.1702,72.8311,Night
Rajkot,18-30,Low Risk,No distancing,Auto-Rickshaw,Rainy,National Highway,Damaged,Daylight,20.5937,78.9629,Night
Rajkot,18-30,Low Risk,No priority to vehicle,Auto-Rickshaw,Clear,National Highway,Wet,Dusk,20.5937,78.9629,Night
Rajkot,18-30,Low Risk,Changing lane to the left,Pedestrian,Hazy,Highways,Normal,Dark,20.5937,78.9629,Night
Rajkot,31-50,Low Risk,Moving Backward,Cycle,Rainy,Village Road,Damaged,Dark,20.5937,78.9629,Afternoon
Rajkot,18-30,Low Risk,Driving carelessly,Cycle,Rainy,Urban Road,Damaged,Dusk,20.5937,78.9629,Night
Rajkot,50+,Medium Risk,Changing lane to the left,Cycle,Hazy,Highways,Normal,Dawn,20.5937,78.9629,Afternoon
Rajkot,18-30,Low Risk,No priority to pedestrian,Auto-Rickshaw,Hazy,State Highway,Damaged,Daylight,20.5937,78.9629,Night
Rajkot,31-50,Low Risk,No distancing,Pedestrian,Rainy,Village Road,Wet,Daylight,20.5937,78.9629,Night
Rajkot,18-30,Medium Risk,No distancing,Car,Clear,Highways,Normal,Dusk,20.5937,78.9629,Night
Rajkot,50+,Low Risk,Overturning,Bus,Clear,Urban Road,Under Construction,Daylight,20.5937,78.9629,Evening
Lucknow,18-30,Medium Risk,No distancing,Pedestrian,Stormy,Highways,Normal,Daylight,26.8467,80.9462,Night
Rajkot,18-30,Low Risk,Drunk driving,Cycle,Stormy,Urban Road,Dry,Daylight,20.5937,78.9629,Evening
Rajkot,18-30,Low Risk,Moving Backward,Cycle,Clear,Urban Road,Wet,Dark,20.5937,78.9629,Night
Rajkot,18-30,Low Risk,No priority to pedestrian,Two-Wheeler,Clear,State Highway,Dry,Dawn,20.5937,78.9629,Afternoon
Rajkot,31-50,Low Risk,Changing lane to the left,Auto-Rickshaw,Clear,Village Road,Under Construction,Dusk,20.5937,78.9629,Night
Rajkot,31-50,Low Risk,Changing lane to the left,Car,Clear,Village Road,Under Construction,Daylight,20.5937,78.9629,Morning
Srinagar,18-30,Low Risk,Getting off the vehicle improperly,Two-Wheeler,Clear,Village Road,Under Construction,Daylight,20.5937,78.9629,Morning
Srinagar,31-50,Low Risk,No distancing,Car,Foggy,Highways,Normal,Daylight,20.5937,78.9629,Morning
Thrissur,31-50,Low Risk,Changing lane to the right,Two-Wheeler,Clear,Highways,Normal,Daylight,20.5937,78.9629,Afternoon
Srinagar,18-30,High Risk,Changing lane to the right,Auto-Rickshaw,Rainy,Village Road,Under Construction,Dusk,20.5937,78.9629,Afternoon
Srinagar,18-30,High Risk,Moving Backward,Two-Wheeler,Stormy,Urban Road,Damaged,Daylight,20.5937,78.9629,Night
Nashik,18-30,Low Risk,Driving at high speed,Car,Foggy,Highways,Normal,Dark,20.5937,78.9629,Evening
Srinagar,18-30,High Risk,Changing lane to the left,Cycle,Hazy,State Highway,Damaged,Daylight,20.5937,78.9629,Night
Srinagar,18-30,Low Risk,Moving Backward,Cycle,Clear,Village Road,Under Construction,Dawn,20.5937,78.9629,Night
Srinagar,31-50,Low Risk,Overtaking,Pedestrian,Hazy,Urban Road,Damaged,Daylight,20.5937,78.9629,Night
Srinagar,31-50,Medium Risk,Changing lane to the left,Car,Foggy,Highways,Normal,Daylight,20.5937,78.9629,Morning
Srinagar,18-30,Low Risk,Changing lane to the right,Cycle,Clear,National Highway,Dry,Daylight,20.5937,78.9629,Night
Srinagar,31-50,Low Risk,Overtaking,Bus,Clear,Highways,Normal,Dark,20.5937,78.9629,Evening
Srinagar,18-30,Low Risk,Overloading,Auto-Rickshaw,Hazy,State Highway,Damaged,Daylight,20.5937,78.9629,Morning
Srinagar,50+,Low Risk,Other,Two-Wheeler,Clear,National Highway,Under Construction,Daylight,20.5937,78.9629,Night
Srinagar,50+,Low Risk,No priority to vehicle,Pedestrian,Stormy,Village Road,Under Construction,Daylight,20.5937,78.9629,Morning
Srinagar,18-30,Low Risk,Changing lane to the right,Bus,Clear,National Highway,Damaged,Daylight,20.5937,78.9629,Morning
Srinagar,50+,Low Risk,Moving Backward,Auto-Rickshaw,Clear,State Highway,Normal,Daylight,20.5937,78.9629,Morning
Srinagar,50+,Low Risk,Changing lane to the left,Pedestrian,Clear,Highways,Normal,Daylight,20.5937,78.9629,Night
Indore,18-30,Low Risk,No priority to pedestrian,Cycle,Clear,Highways,Normal,Daylight,20.5937,78.9629,Afternoon
Srinagar,31-50,Medium Risk,No distancing,Truck,Clear,National Highway,Under Construction,Daylight,20.5937,78.9629,Night
Srinagar,31-50,Medium Risk,No priority to vehicle,Auto-Rickshaw,Clear,Urban Road,Damaged,Dawn,20.5937,78.9629,Night
Srinagar,18-30,Low Risk,No distancing,Auto-Rickshaw,Clear,Village Road,Damaged,Dark,20.5937,78.9629,Night
Srinagar,18-30,Low Risk,No distancing,Bus,Stormy,Urban Road,Wet,Daylight,20.5937,78.9629,Morning
Srinagar,31-50,Low Risk,Moving Backward,Two-Wheeler,Clear,Urban Road,Dry,Dawn,20.5937,78.9629,Morning
Hyderabad,18-30,Low Risk,Changing lane to the right,Auto-Rickshaw,Rainy,Highways,Normal,Daylight,17.385,78.4867,Morning
Surat,18-30,Low Risk,No priority to pedestrian,Cycle,Foggy,Highways,Normal,Daylight,21.1702,72.8311,Night
Surat,31-50,Low Risk,Moving Backward,Auto-Rickshaw,Stormy,Village Road,Wet,Daylight,21.1702,72.8311,Night
Surat,50+,Low Risk,Getting off the vehicle improperly,Truck,Clear,State Highway,Under Construction,Daylight,21.1702,72.8311,Afternoon
Surat,31-50,Low Risk,Overtaking,Car,Clear,Urban Road,Dry,Dusk,21.1702,72.8311,Night
Surat,18-30,Medium Risk,Overloading,Cycle,Stormy,State Highway,Normal,Dusk,21.1702,72.8311,Night
Surat,31-50,Low Risk,Changing lane to the right,Truck,Clear,Highways,Normal,Daylight,21.1702,72.8311,Morning
Surat,18-30,Medium Risk,Improper parking,Two-Wheeler,Clear,State Highway,Damaged,Dawn,21.1702,72.8311,Night
Surat,31-50,Low Risk,Other,Truck,Clear,Urban Road,Damaged,Dawn,21.1702,72.8311,Night
Surat,31-50,Low Risk,Changing lane to the left,Car,Foggy,National Highway,Dry,Daylight,21.1702,72.8311,Evening
Surat,18-30,Low Risk,Changing lane to the right,Pedestrian,Clear,Village Road,Dry,Daylight,21.1702,72.8311,Morning
Surat,18-30,Low Risk,No priority to pedestrian,Cycle,Hazy,National Highway,Wet,Daylight,21.1702,72.8311,Evening
Surat,18-30,Low Risk,Overspeed,Bus,Stormy,Urban Road,Under Construction,Daylight,21.1702,72.8311,Morning
Surat,18-30,Medium Risk,Changing lane to the left,Auto-Rickshaw,Hazy,Highways,Normal,Dark,21.1702,72.8311,Night
Surat,31-50,Low Risk,No priority to vehicle,Truck,Clear,National Highway,Damaged,Dusk,21.1702,72.8311,Night
Vadodra,50+,Low Risk,Changing lane to the right,Auto-Rickshaw,Clear,Highways,Normal,Daylight,20.5937,78.9629,Evening
Surat,31-50,Low Risk,No distancing,Bus,Hazy,Village Road,Dry,Daylight,21.1702,72.8311,Evening
Surat,18-30,Medium Risk,No priority to pedestrian,Car,Clear,Highways,Normal,Dark,21.1702,72.8311,Night
Hyderabad,18-30,Low Risk,No distancing,Cycle,Clear,Highways,Normal,Daylight,17.385,78.4867,Afternoon
Surat,18-30,Medium Risk,No priority to vehicle,Two-Wheeler,Rainy,Highways,Normal,Daylight,21.1702,72.8311,Morning
Surat,31-50,Low Risk,Other,Auto-Rickshaw,Foggy,State Highway,Under Construction,Daylight,21.1702,72.8311,Morning
Surat,18-30,Medium Risk,Driving carelessly,Pedestrian,Foggy,Highways,Normal,Daylight,21.1702,72.8311,Evening
Surat,31-50,Low Risk,Changing lane to the left,Auto-Rickshaw,Hazy,Urban Road,Dry,Dark,21.1702,72.8311,Morning
Surat,18-30,Low Risk,Driving carelessly,Pedestrian,Clear,Highways,Normal,Daylight,21.1702,72.8311,Night
Varanasi,18-30,Low Risk,Changing lane to the left,Two-Wheeler,Stormy,Highways,Normal,Daylight,25.3176,82.9739,Evening
Surat,18-30,Low Risk,No priority to vehicle,Two-Wheeler,Clear,State Highway,Dry,Dark,21.1702,72.8311,Evening
Thrissur,18-30,Low Risk,No distancing,Pedestrian,Stormy,Highways,Normal,Daylight,20.5937,78.9629,Morning
Thiruvanthapuram,18-30,Low Risk,Changing lane to the right,Auto-Rickshaw,Clear,State Highway,Under Construction,Dark,20.5937,78.9629,Afternoon
Thiruvanthapuram,18-30,Medium Risk,Changing lane to the right,Truck,Rainy,Village Road,Under Construction,Dawn,20.5937,78.9629,Afternoon
Thiruvanthapuram,18-30,Medium Risk,Driving at high speed,Bus,Foggy,Village Road,Dry,Dusk,20.5937,78.9629,Night
Thiruvanthapuram,18-30,Medium Risk,No distancing,Car,Hazy,National Highway,Damaged,Daylight,20.5937,78.9629,Afternoon
Thiruvanthapuram,31-50,Medium Risk,Changing lane to the right,Pedestrian,Foggy,Highways,Normal,Dark,20.5937,78.9629,Morning
Thiruvanthapuram,31-50,Medium Risk,Changing lane to the left,Car,Rainy,Highways,Normal,Dusk,20.5937,78.9629,Night
Thiruvanthapuram,31-50,Medium Risk,Getting off the vehicle improperly,Cycle,Foggy,National Highway,Under Construction,Dawn,20.5937,78.9629,Morning
Thiruvanthapuram,18-30,Low Risk,Other,Bus,Stormy,Village Road,Under Construction,Daylight,20.5937,78.9629,Afternoon
Kota,18-30,Low Risk,Other,Bus,Clear,Highways,Normal,Daylight,20.5937,78.9629,Morning
Thiruvanthapuram,50+,Low Risk,No distancing,Car,Rainy,Village Road,Wet,Dawn,20.5937,78.9629,Night
Thiruvanthapuram,18-30,Low Risk,No priority to vehicle,Auto-Rickshaw,Rainy,Village Road,Under Construction,Daylight,20.5937,78.9629,Night
Thiruvanthapuram,18-30,Low Risk,Overtaking,Truck,Clear,Urban Road,Under Construction,Dark,20.5937,78.9629,Night
Pune,31-50,Medium Risk,No priority to pedestrian,Car,Clear,Highways,Normal,Dawn,18.5204,73.8567,Night
Mallapuram,31-50,Medium Risk,No distancing,Cycle,Rainy,Highways,Normal,Daylight,20.5937,78.9629,Night
Thiruvanthapuram,50+,Low Risk,Changing lane to the right,Truck,Hazy,Village Road,Wet,Daylight,20.5937,78.9629,Morning
Thiruvanthapuram,31-50,Low Risk,Driving carelessly,Car,Foggy,Highways,Normal,Dusk,20.5937,78.9629,Morning
Jodhpur,18-30,Medium Risk,Changing lane to the right,Auto-Rickshaw,Clear,Highways,Normal,Dark,20.5937,78.9629,Afternoon
Thiruvanthapuram,18-30,Low Risk,Overtaking,Car,Stormy,Urban Road,Wet,Daylight,20.5937,78.9629,Night
Thiruvanthapuram,18-30,Low Risk,Other,Cycle,Rainy,National Highway,Under Construction,Dusk,20.5937,78.9629,Afternoon
Thiruvanthapuram,18-30,Low Risk,Driving to the left,Auto-Rickshaw,Rainy,Highways,Normal,Dark,20.5937,78.9629,Morning
Meerut,50+,Low Risk,Driving at high speed,Bus,Clear,Highways,Normal,Dark,20.5937,78.9629,Afternoon
Thiruvanthapuram,50+,Medium Risk,Unknown,Car,Clear,State Highway,Wet,Daylight,20.5937,78.9629,Night
Thiruvanthapuram,18-30,Medium Risk,Changing lane to the right,Pedestrian,Stormy,Urban Road,Wet,Dark,20.5937,78.9629,Afternoon
Thiruvanthapuram,18-30,Medium Risk,No distancing,Two-Wheeler,Rainy,Urban Road,Wet,Dark,20.5937,78.9629,Night
Thrissur,18-30,Medium Risk,Other,Cycle,Rainy,State Highway,Wet,Dark,20.5937,78.9629,Morning
Thrissur,31-50,Medium Risk,No priority to vehicle,Car,Hazy,Highways,Normal,Dawn,20.5937,78.9629,Afternoon
Thrissur,18-30,Low Risk,Changing lane to the left,Car,Stormy,Village Road,Damaged,Dusk,20.5937,78.9629,Night
Thrissur,31-50,Low Risk,No priority to pedestrian,Pedestrian,Stormy,Highways,Normal,Daylight,20.5937,78.9629,Night
Thrissur,18-30,Low Risk,Overtaking,Cycle,Rainy,Urban Road,Under Construction,Daylight,20.5937,78.9629,Night
Thrissur,18-30,Low Risk,Driving carelessly,Pedestrian,Clear,Highways,Normal,Daylight,20.5937,78.9629,Afternoon
Thrissur,31-50,Low Risk,No priority to vehicle,Car,Foggy,Highways,Normal,Dusk,20.5937,78.9629,Night
Thrissur,50+,Low Risk,No priority to pedestrian,Truck,Clear,State Highway,Dry,Dark,20.5937,78.9629,Evening
Thrissur,18-30,Low Risk,Changing lane to the right,Car,Rainy,Urban Road,Dry,Daylight,20.5937,78.9629,Morning
Thrissur,18-30,Medium Risk,Driving carelessly,Two-Wheeler,Hazy,State Highway,Damaged,Daylight,20.5937,78.9629,Night
Thrissur,18-30,Medium Risk,Changing lane to the right,Two-Wheeler,Clear,National Highway,Normal,Daylight,20.5937,78.9629,Evening
Thrissur,18-30,Low Risk,Changing lane to the right,Two-Wheeler,Clear,Highways,Normal,Daylight,20.5937,78.9629,Evening
Thrissur,31-50,Low Risk,Changing lane to the left,Car,Hazy,Highways,Normal,Dark,20.5937,78.9629,Morning
Thrissur,31-50,Low Risk,Overturning,Two-Wheeler,Clear,Village Road,Damaged,Dawn,20.5937,78.9629,Morning
Thrissur,31-50,Low Risk,Driving carelessly,Two-Wheeler,Clear,Urban Road,Normal,Dusk,20.5937,78.9629,Night
Thrissur,31-50,Low Risk,No distancing,Car,Clear,Highways,Normal,Dusk,20.5937,78.9629,Afternoon
Bhopal,31-50,Low Risk,Driving carelessly,Auto-Rickshaw,Clear,Highways,Normal,Daylight,20.5937,78.9629,Night
Vijaywada city,31-50,Medium Risk,Changing lane to the left,Car,Stormy,Highways,Normal,Daylight,20.5937,78.9629,Night
Chennai,31-50,Low Risk,No priority to vehicle,Cycle,Clear,Highways,Normal,Dusk,13.0827,80.2707,Morning
Thrissur,50+,Low Risk,Changing lane to the right,Pedestrian,Clear,Highways,Normal,Daylight,20.5937,78.9629,Morning
Thrissur,18-30,Low Risk,No distancing,Cycle,Clear,Highways,Normal,Dawn,20.5937,78.9629,Afternoon
Coimbatore,18-30,Medium Risk,Moving Backward,Pedestrian,Rainy,Highways,Normal,Dark,20.5937,78.9629,Night
Thrissur,18-30,Low Risk,Moving Backward,Cycle,Stormy,Highways,Normal,Daylight,20.5937,78.9629,Night
Patna,18-30,Low Risk,No distancing,Truck,Clear,Highways,Normal,Daylight,25.5941,85.1376,Afternoon
Thrissur,18-30,Low Risk,No distancing,Two-Wheeler,Clear,Urban Road,Under Construction,Daylight,20.5937,78.9629,Night
Tiruchirapalli,31-50,Medium Risk,No distancing,Auto-Rickshaw,Hazy,Highways,Normal,Dark,20.5937,78.9629,Night
Tiruchirapalli,18-30,Low Risk,No priority to pedestrian,Pedestrian,Rainy,National Highway,Under Construction,Daylight,20.5937,78.9629,Night
Tiruchirapalli,31-50,Low Risk,Driving carelessly,Truck,Rainy,Urban Road,Damaged,Daylight,20.5937,78.9629,Evening
Tiruchirapalli,31-50,Low Risk,Changing lane to the right,Truck,Rainy,Highways,Normal,Daylight,20.5937,78.9629,Night
Tiruchirapalli,31-50,Low Risk,Changing lane to the left,Truck,Foggy,State Highway,Dry,Dusk,20.5937,78.9629,Night
Tiruchirapalli,31-50,Low Risk,Driving carelessly,Bus,Clear,Highways,Normal,Daylight,20.5937,78.9629,Afternoon
Tiruchirapalli,31-50,Low Risk,Driving carelessly,Auto-Rickshaw,Clear,Village Road,Damaged,Dawn,20.5937,78.9629,Morning
Tiruchirapalli,31-50,Low Risk,No distancing,Cycle,Clear,State Highway,Damaged,Dusk,20.5937,78.9629,Afternoon
Tiruchirapalli,18-30,Medium Risk,Other,Bus,Stormy,National Highway,Under Construction,Dark,20.5937,78.9629,Afternoon
Tiruchirapalli,18-30,Medium Risk,Changing lane to the right,Two-Wheeler,Clear,State Highway,Wet,Dusk,20.5937,78.9629,Afternoon
Tiruchirapalli,31-50,Medium Risk,Changing lane to the right,Truck,Clear,State Highway,Wet,Dark,20.5937,78.9629,Morning
Tiruchirapalli,31-50,Medium Risk,No distancing,Car,Clear,Highways,Normal,Daylight,20.5937,78.9629,Morning
Tiruchirapalli,18-30,Low Risk,No distancing,Car,Clear,Urban Road,Under Construction,Dark,20.5937,78.9629,Evening
Tiruchirapalli,18-30,Low Risk,Overturning,Bus,Foggy,Village Road,Dry,Daylight,20.5937,78.9629,Night
Tiruchirapalli,18-30,Low Risk,Driving at high speed,Cycle,Clear,State Highway,Damaged,Dark,20.5937,78.9629,Morning
Tiruchirapalli,31-50,Low Risk,No priority to vehicle,Auto-Rickshaw,Hazy,Village Road,Wet,Dusk,20.5937,78.9629,Morning
Tiruchirapalli,31-50,Medium Risk,No priority to pedestrian,Car,Clear,Village Road,Wet,Dawn,20.5937,78.9629,Night
Tiruchirapalli,18-30,Medium Risk,No priority to vehicle,Two-Wheeler,Clear,Village Road,Dry,Daylight,20.5937,78.9629,Evening
Tiruchirapalli,18-30,Medium Risk,Other,Car,Clear,Urban Road,Under Construction,Dark,20.5937,78.9629,Afternoon
Tiruchirapalli,31-50,Medium Risk,Other,Car,Foggy,Urban Road,Wet,Dawn,20.5937,78.9629,Afternoon
Kanpur,18-30,Medium Risk,Moving Backward,Cycle,Clear,Highways,Normal,Dusk,26.4499,80.3319,Night