Million_Plus_Cities,Age_band_of_driver,Accident_severity,Cause_of_accident,Vehicle Type Involved,Weather Conditions,Road Type,Road Condition,Lighting Conditions,Latitude,Longitude,Time_Block
Tiruchirapalli,50+,Medium Risk,No distancing,Pedestrian,Foggy,State Highway,Under Construction,Dawn,20.5937,78.9629,Morning
Tiruchirapalli,18-30,Medium Risk,Moving Backward,Auto-Rickshaw,Stormy,National Highway,Damaged,Daylight,20.5937,78.9629,Evening
Tiruchirapalli,18-30,Low Risk,No priority to vehicle,Bus,Clear,Urban Road,Damaged,Dawn,20.5937,78.9629,Night
Tiruchirapalli,18-30,Low Risk,Driving carelessly,Auto-Rickshaw,Clear,National Highway,Damaged,Dawn,20.5937,78.9629,Afternoon
Vadodra,18-30,Medium Risk,No distancing,Truck,Hazy,Highways,Normal,Dawn,20.5937,78.9629,Night
Vadodra,18-30,Low Risk,Other,Car,Foggy,Highways,Normal,Daylight,20.5937,78.9629,Night
Vadodra,31-50,Medium Risk,Changing lane to the right,Auto-Rickshaw,Hazy,National Highway,Normal,Daylight,20.5937,78.9629,Afternoon
Vadodra,31-50,Medium Risk,No distancing,Car,Hazy,Village Road,Under Construction,Dark,20.5937,78.9629,Morning
Vadodra,18-30,Medium Risk,Driving carelessly,Two-Wheeler,Hazy,Village Road,Wet,Dawn,20.5937,78.9629,Morning
Vadodra,18-30,Medium Risk,No distancing,Pedestrian,Clear,Highways,Normal,Daylight,20.5937,78.9629,Night
Vadodra,18-30,Low Risk,No priority to vehicle,Pedestrian,Hazy,Highways,Normal,Dusk,20.5937,78.9629,Evening
Vadodra,18-30,Low Risk,Changing lane to the right,Auto-Rickshaw,Hazy,National Highway,Dry,Dawn,20.5937,78.9629,Afternoon
Vadodra,18-30,Low Risk,No priority to pedestrian,Bus,Hazy,State Highway,Dry,Dusk,20.5937,78.9629,Evening
Vadodra,18-30,Low Risk,No priority to vehicle,Truck,Clear,Village Road,Damaged,Daylight,20.5937,78.9629,Evening
Vadodra,31-50,Low Risk,Changing lane to the left,Pedestrian,Foggy,Highways,Normal,Dark,20.5937,78.9629,Morning
Vadodra,31-50,Low Risk,Turnover,Car,Clear,Urban Road,Under Construction,Dawn,20.5937,78.9629,Night
Aurangabad,31-50,Medium Risk,Driving to the left,Two-Wheeler,Stormy,Highways,Normal,Dusk,20.5937,78.9629,Morning
Vadodra,18-30,Low Risk,Driving carelessly,Two-Wheeler,Hazy,Urban Road,Wet,Dark,20.5937,78.9629,Night
Vadodra,18-30,Low Risk,Driving to the left,Car,Stormy,State Highway,Dry,Dawn,20.5937,78.9629,Evening
Vadodra,18-30,Low Risk,Driving carelessly,Car,Hazy,Urban Road,Wet,Dusk,20.5937,78.9629,Morning
Vadodra,18-30,Low Risk,No priority to pedestrian,Pedestrian,Clear,Highways,Normal,Dark,20.5937,78.9629,Evening
Vadodra,18-30,Low Risk,Driving carelessly,Car,Stormy,National Highway,Wet,Daylight,20.5937,78.9629,Afternoon
Vadodra,18-30,Low Risk,Changing lane to the right,Pedestrian,Clear,Urban Road,Under Construction,Daylight,20.5937,78.9629,Night
Vadodra,18-30,Medium Risk,Moving Backward,Car,Clear,Village Road,Under Construction,Daylight,20.5937,78.9629,Night
Vadodra,31-50,Low Risk,Driving carelessly,Auto-Rickshaw,Clear,Urban Road,Dry,Dark,20.5937,78.9629,Night
Vadodra,31-50,Low Risk,Changing lane to the right,Cycle,Clear,Highways,Normal,Dark,20.5937,78.9629,Afternoon
Vadodra,18-30,Low Risk,Driving carelessly,Pedestrian,Stormy,Village Road,Under Construction,Dusk,20.5937,78.9629,Morning
Vadodra,31-50,Medium Risk,Driving carelessly,Auto-Rickshaw,Foggy,Village Road,Damaged,Daylight,20.5937,78.9629,Night
Vadodra,31-50,Medium Risk,Driving carelessly,Cycle,Hazy,Urban Road,Damaged,Daylight,20.5937,78.9629,Morning
Varanasi,31-50,Medium Risk,Changing lane to the right,Two-Wheeler,Clear,State Highway,Under Construction,Dawn,25.3176,82.9739,Evening
Varanasi,18-30,Medium Risk,Changing lane to the right,Pedestrian,Rainy,State Highway,Damaged,Dark,25.3176,82.9739,Night
Varanasi,18-30,Medium Risk,Driving carelessly,Two-Wheeler,Rainy,Village Road,Under Construction,Daylight,25.3176,82.9739,Afternoon
Varanasi,18-30,Medium Risk,Overtaking,Auto-Rickshaw,Foggy,Highways,Normal,Dawn,25.3176,82.9739,Evening
Jaipur,31-50,Low Risk,Changing lane to the right,Bus,Clear,Highways,Normal,Dark,26.9124,75.7873,Afternoon
Tiruchirapalli,18-30,Medium Risk,No distancing,Pedestrian,Clear,Highways,Normal,Daylight,20.5937,78.9629,Night
Varanasi,18-30,Low Risk,Other,Two-Wheeler,Foggy,Highways,Normal,Daylight,25.3176,82.9739,Night
Varanasi,18-30,Low Risk,Changing lane to the right,Cycle,Clear,State Highway,Normal,Daylight,25.3176,82.9739,Night
Varanasi,18-30,Low Risk,Changing lane to the right,Bus,Foggy,State Highway,Dry,Daylight,25.3176,82.9739,Afternoon
Varanasi,18-30,Medium Risk,Overtaking,Car,Hazy,Urban Road,Wet,Dusk,25.3176,82.9739,Afternoon
Varanasi,18-30,Low Risk,Other,Pedestrian,Foggy,Highways,Normal,Daylight,25.3176,82.9739,Night
Varanasi,31-50,Low Risk,Driving to the left,Bus,Rainy,Highways,Normal,Dusk,25.3176,82.9739,Afternoon
Varanasi,31-50,Low Risk,Overtaking,Cycle,Clear,Urban Road,Wet,Dusk,25.3176,82.9739,Evening
Varanasi,18-30,Low Risk,No priority to vehicle,Two-Wheeler,Clear,Highways,Normal,Daylight,25.3176,82.9739,Evening
Dhanbad,31-50,Low Risk,Moving Backward,Pedestrian,Clear,Highways,Normal,Dawn,20.5937,78.9629,Night
Varanasi,18-30,Low Risk,Other,Truck,Clear,Village Road,Normal,Daylight,25.3176,82.9739,Evening
Varanasi,18-30,Low Risk,No priority to vehicle,Truck,Clear,Urban Road,Wet,Daylight,25.3176,82.9739,Afternoon
Varanasi,18-30,Low Risk,No priority to pedestrian,Two-Wheeler,Foggy,Village Road,Under Construction,Daylight,25.3176,82.9739,Evening
Varanasi,50+,Low Risk,Changing lane to the right,Cycle,Clear,National Highway,Damaged,Dusk,25.3176,82.9739,Evening
Varanasi,31-50,Low Risk,Changing lane to the right,Auto-Rickshaw,Clear,Urban Road,Damaged,Daylight,25.3176,82.9739,Evening
Varanasi,18-30,Medium Risk,Changing lane to the right,Pedestrian,Clear,State Highway,Wet,Daylight,25.3176,82.9739,Evening
Varanasi,18-30,Low Risk,Driving to the left,Car,Stormy,State Highway,Wet,Daylight,25.3176,82.9739,Morning
Varanasi,18-30,Low Risk,Changing lane to the left,Two-Wheeler,Clear,Urban Road,Dry,Dusk,25.3176,82.9739,Night
Nagpur,18-30,Low Risk,Moving Backward,Bus,Clear,Highways,Normal,Daylight,20.5937,78.9629,Night
Varanasi,31-50,Low Risk,Driving at high speed,Truck,Foggy,National Highway,Under Construction,Daylight,25.3176,82.9739,Night
Vijaywada city,18-30,Low Risk,Moving Backward,Car,Rainy,State Highway,Damaged,Daylight,20.5937,78.9629,Night
Vijaywada city,18-30,Low Risk,No distancing,Cycle,Foggy,Highways,Normal,Dusk,20.5937,78.9629,Morning
Vijaywada city,18-30,Low Risk,Other,Cycle,Hazy,State Highway,Dry,Dusk,20.5937,78.9629,Morning
Vijaywada city,50+,Low Risk,No priority to vehicle,Auto-Rickshaw,Rainy,National Highway,Damaged,Dusk,20.5937,78.9629,Night
Vijaywada city,18-30,Low Risk,Changing lane to the right,Auto-Rickshaw,Clear,State Highway,Under Construction,Dawn,20.5937,78.9629,Afternoon
Vijaywada city,18-30,Low Risk,Other,Two-Wheeler,Hazy,Village Road,Damaged,Daylight,20.5937,78.9629,Evening
Vijaywada city,31-50,Low Risk,No distancing,Cycle,Rainy,National Highway,Damaged,Daylight,20.5937,78.9629,Night
Kannur,18-30,Low Risk,Driving carelessly,Car,Hazy,Highways,Normal,Daylight,20.5937,78.9629,Afternoon
Vijaywada city,18-30,Low Risk,No distancing,Cycle,Stormy,Village Road,Wet,Daylight,20.5937,78.9629,Night
Vijaywada city,18-30,Low Risk,Moving Backward,Bus,Clear,Village Road,Normal,Daylight,20.5937,78.9629,Morning
Vijaywada city,18-30,Low Risk,No distancing,Pedestrian,Stormy,Village Road,Under Construction,Dawn,20.5937,78.9629,Morning
Vijaywada city,31-50,Low Risk,Moving Backward,Auto-Rickshaw,Foggy,Village Road,Under Construction,Daylight,20.5937,78.9629,Morning
Vijaywada city,18-30,Low Risk,No priority to pedestrian,Pedestrian,Foggy,Highways,Normal,Daylight,20.5937,78.9629,Night
Vijaywada city,31-50,Medium Risk,Changing lane to the left,Two-Wheeler,Stormy,Highways,Normal,Daylight,20.5937,78.9629,Morning
Vijaywada city,18-30,Low Risk,No distancing,Cycle,Hazy,Highways,Normal,Dawn,20.5937,78.9629,Afternoon
Vijaywada city,31-50,Low Risk,Other,Car,Hazy,Village Road,Damaged,Daylight,20.5937,78.9629,Morning
Vijaywada city,18-30,Low Risk,No distancing,Car,Rainy,State Highway,Wet,Daylight,20.5937,78.9629,Morning
Vijaywada city,18-30,Medium Risk,No priority to pedestrian,Two-Wheeler,Clear,Highways,Normal,Dawn,20.5937,78.9629,Evening
Vijaywada city,18-30,Low Risk,Moving Backward,Auto-Rickshaw,Clear,National Highway,Under Construction,Daylight,20.5937,78.9629,Evening
Vijaywada city,18-30,Low Risk,No priority to pedestrian,Truck,Clear,State Highway,Wet,Dusk,20.5937,78.9629,Morning
Vijaywada city,18-30,Low Risk,No distancing,Pedestrian,Stormy,Highways,Normal,Dark,20.5937,78.9629,Morning
Vijaywada city,18-30,Low Risk,No priority to pedestrian,Truck,Rainy,Village Road,Wet,Dusk,20.5937,78.9629,Morning
Vijaywada city,31-50,Medium Risk,Driving carelessly,Car,Hazy,Highways,Normal,Daylight,20.5937,78.9629,Morning
Vijaywada city,50+,Medium Risk,Getting off the vehicle improperly,Pedestrian,Rainy,National Highway,Damaged,Dusk,20.5937,78.9629,Morning
Vijaywada city,31-50,Low Risk,Driving carelessly,Pedestrian,Foggy,State Highway,Damaged,Dark,20.5937,78.9629,Afternoon
Vizaq,31-50,Low Risk,Changing lane to the left,Auto-Rickshaw,Stormy,National Highway,Dry,Daylight,20.5937,78.9629,Morning
Vizaq,18-30,Low Risk,No priority to vehicle,Pedestrian,Clear,State Highway,Damaged,Dusk,20.5937,78.9629,Afternoon
Vizaq,31-50,Low Risk,Changing lane to the right,Truck,Hazy,Village Road,Wet,Dawn,20.5937,78.9629,Morning
Vizaq,18-30,Low Risk,Changing lane to the right,Auto-Rickshaw,Clear,Highways,Normal,Dawn,20.5937,78.9629,Morning
Vizaq,31-50,Low Risk,No distancing,Two-Wheeler,Clear,State Highway,Dry,Dark,20.5937,78.9629,Afternoon
Nagpur,18-30,Low Risk,No distancing,Car,Clear,Highways,Normal,Dark,20.5937,78.9629,Night
Vizaq,31-50,Low Risk,Changing lane to the left,Auto-Rickshaw,Clear,Urban Road,Normal,Dark,20.5937,78.9629,Morning
Vizaq,18-30,Low Risk,Changing lane to the right,Two-Wheeler,Foggy,State Highway,Dry,Daylight,20.5937,78.9629,Afternoon
Vizaq,31-50,Low Risk,No priority to vehicle,Bus,Clear,Village Road,Under Construction,Daylight,20.5937,78.9629,Night
Vizaq,31-50,Low Risk,Changing lane to the left,Auto-Rickshaw,Clear,Highways,Normal,Daylight,20.5937,78.9629,Afternoon
Vizaq,31-50,Low Risk,No priority to vehicle,Car,Clear,Highways,Normal,Daylight,20.5937,78.9629,Morning
Khozikode,31-50,Medium Risk,Moving Backward,Auto-Rickshaw,Clear,Highways,Normal,Dawn,20.5937,78.9629,Night
Vizaq,31-50,Low Risk,Turnover,Cycle,Foggy,Urban Road,Dry,Dark,20.5937,78.9629,Morning
Vizaq,18-30,Low Risk,No distancing,Pedestrian,Clear,National Highway,Dry,Daylight,20.5937,78.9629,Evening
Vizaq,18-30,Low Risk,No distancing,Auto-Rickshaw,Stormy,Village Road,Under Construction,Daylight,20.5937,78.9629,Night
Vizaq,18-30,Low Risk,No distancing,Auto-Rickshaw,Clear,State Highway,Wet,Dusk,20.5937,78.9629,Night
Vizaq,18-30,Low Risk,Changing lane to the left,Pedestrian,Clear,Urban Road,Dry,Dusk,20.5937,78.9629,Afternoon
Vizaq,18-30,Low Risk,No priority to vehicle,Auto-Rickshaw,Hazy,National Highway,Normal,Dawn,20.5937,78.9629,Evening
Vizaq,50+,Low Risk,Driving at high speed,Car,Hazy,State Highway,Normal,Daylight,20.5937,78.9629,Evening
Vizaq,18-30,Medium Risk,Overtaking,Auto-Rickshaw,Clear,State Highway,Wet,Dawn,20.5937,78.9629,Night
Vizaq,18-30,Medium Risk,Other,Two-Wheeler,Foggy,Highways,Normal,Dusk,20.5937,78.9629,Afternoon
Vizaq,18-30,Low Risk,Changing lane to the left,Truck,Foggy,Urban Road,Damaged,Dusk,20.5937,78.9629,Morning
Vizaq,18-30,Low Risk,No priority to pedestrian,Cycle,Foggy,State Highway,Dry,Daylight,20.5937,78.9629,Night
Vizaq,18-30,Low Risk,Changing lane to the left,Auto-Rickshaw,Rainy,Highways,Normal,Daylight,20.5937,78.9629,Morning
Vizaq,31-50,Medium Risk,No distancing,Pedestrian,Foggy,Highways,Normal,Dawn,20.5937,78.9629,Night
Agra,18-30,Low Risk,Moving Backward,Car,Rainy,Urban Road,Dry,Dawn,27.1767,78.0081,Afternoon
Agra,31-50,Low Risk,Changing lane to the left,Auto-Rickshaw,Foggy,National Highway,Wet,Dark,27.1767,78.0081,Night
Agra,18-30,Medium Risk,Other,Pedestrian,Rainy,Urban Road,Damaged,Daylight,27.1767,78.0081,Evening
Agra,50+,Low Risk,No distancing,Two-Wheeler,Foggy,Highways,Normal,Dark,27.1767,78.0081,Morning
Agra,18-30,Low Risk,Moving Backward,Truck,Hazy,Village Road,Dry,Daylight,27.1767,78.0081,Night
Agra,18-30,Low Risk,No distancing,Pedestrian,Foggy,Village Road,Wet,Dark,27.1767,78.0081,Night
Agra,18-30,Medium Risk,Changing lane to the left,Bus,Foggy,Village Road,Dry,Daylight,27.1767,78.0081,Afternoon
Agra,50+,Medium Risk,Changing lane to the left,Truck,Clear,National Highway,Under Construction,Daylight,27.1767,78.0081,Morning
Agra,50+,Medium Risk,No priority to pedestrian,Auto-Rickshaw,Hazy,State Highway,Under Construction,Dusk,27.1767,78.0081,Morning
Kolkata,18-30,Medium Risk,Changing lane to the left,Cycle,Clear,Highways,Normal,Dusk,22.5726,88.3639,Afternoon
Agra,50+,Low Risk,Driving carelessly,Pedestrian,Clear,National Highway,Damaged,Dawn,27.1767,78.0081,Afternoon
Agra,18-30,Low Risk,Driving carelessly,Auto-Rickshaw,Foggy,Urban Road,Under Construction,Daylight,27.1767,78.0081,Morning
Agra,50+,Medium Risk,No priority to pedestrian,Two-Wheeler,Clear,Highways,Normal,Daylight,27.1767,78.0081,Night
Agra,50+,Low Risk,Getting off the vehicle improperly,Pedestrian,Clear,Village Road,Damaged,Daylight,27.1767,78.0081,Afternoon
Agra,31-50,Low Risk,No distancing,Auto-Rickshaw,Clear,Highways,Normal,Dawn,27.1767,78.0081,Evening
Agra,18-30,Low Risk,Changing lane to the left,Two-Wheeler,Clear,State Highway,Under Construction,Dark,27.1767,78.0081,Evening
Ludhiana,18-30,Low Risk,No priority to vehicle,Pedestrian,Clear,Highways,Normal,Daylight,20.5937,78.9629,Afternoon
Kota,50+,Low Risk,No distancing,Cycle,Hazy,Highways,Normal,Dawn,20.5937,78.9629,Afternoon
Agra,18-30,Low Risk,No priority to pedestrian,Cycle,Clear,Urban Road,Wet,Dusk,27.1767,78.0081,Night
Agra,18-30,Low Risk,No priority to pedestrian,Car,Clear,Highways,Normal,Dawn,27.1767,78.0081,Morning
Agra,18-30,Low Risk,No priority to vehicle,Bus,Clear,Urban Road,Under Construction,Dawn,27.1767,78.0081,Morning
Agra,18-30,Medium Risk,Driving carelessly,Two-Wheeler,Foggy,Highways,Normal,Daylight,27.1767,78.0081,Evening
Agra,50+,Low Risk,Changing lane to the right,Truck,Hazy,National Highway,Wet,Dusk,27.1767,78.0081,Evening
Agra,18-30,Low Risk,Changing lane to the left,Truck,Hazy,National Highway,Normal,Daylight,27.1767,78.0081,Afternoon
Agra,18-30,Low Risk,Moving Backward,Truck,Clear,State Highway,Wet,Daylight,27.1767,78.0081,Night
Agra,18-30,Low Risk,Driving carelessly,Bus,Clear,National Highway,Wet,Daylight,27.1767,78.0081,Night
Agra,50+,Low Risk,Driving to the left,Cycle,Clear,State Highway,Dry,Dark,27.1767,78.0081,Morning
Agra,18-30,Low Risk,Driving to the left,Two-Wheeler,Clear,Highways,Normal,Daylight,27.1767,78.0081,Afternoon
Agra,18-30,Low Risk,No priority to pedestrian,Car,Stormy,Highways,Normal,Dark,27.1767,78.0081,Morning
Agra,18-30,Medium Risk,Changing lane to the left,Auto-Rickshaw,Clear,Urban Road,Under Construction,Dark,27.1767,78.0081,Morning
Ahmedabad,18-30,Low Risk,Changing lane to the right,Cycle,Foggy,National Highway,Under Construction,Dark,23.0225,72.5714,Morning
Ahmedabad,18-30,Low Risk,Driving carelessly,Cycle,Clear,Highways,Normal,Daylight,23.0225,72.5714,Afternoon
Ahmedabad,18-30,Low Risk,No distancing,Bus,Rainy,Highways,Normal,Daylight,23.0225,72.5714,Night
Ahmedabad,31-50,Medium Risk,Getting off the vehicle improperly,Car,Clear,Highways,Normal,Daylight,23.0225,72.5714,Morning
Ahmedabad,18-30,Low Risk,Driving under the influence of drugs,Bus,Clear,Highways,Normal,Dusk,23.0225,72.5714,Evening
Ahmedabad,18-30,Low Risk,Changing lane to the right,Auto-Rickshaw,Clear,Village Road,Dry,Daylight,23.0225,72.5714,Afternoon
Ahmedabad,18-30,Low Risk,Driving carelessly,Car,Clear,Highways,Normal,Daylight,23.0225,72.5714,Afternoon
Ahmedabad,18-30,Low Risk,Moving Backward,Bus,Clear,Highways,Normal,Daylight,23.0225,72.5714,Evening
Ahmedabad,50+,Low Risk,Turnover,Two-Wheeler,Clear,State Highway,Damaged,Daylight,23.0225,72.5714,Night
Lucknow,18-30,Medium Risk,Changing lane to the right,Car,Rainy,Highways,Normal,Daylight,26.8467,80.9462,Evening
Ahmedabad,18-30,Low Risk,Driving carelessly,Car,Hazy,State Highway,Under Construction,Dusk,23.0225,72.5714,Evening
Amritsar,31-50,Low Risk,No priority to vehicle,Bus,Clear,Highways,Normal,Dawn,20.5937,78.9629,Night
Ahmedabad,18-30,Low Risk,Moving Backward,Two-Wheeler,Clear,Highways,Normal,Dawn,23.0225,72.5714,Night
Ahmedabad,18-30,Low Risk,Changing lane to the left,Auto-Rickshaw,Clear,State Highway,Dry,Daylight,23.0225,72.5714,Night
Jodhpur,18-30,Medium Risk,Overturning,Pedestrian,Stormy,Highways,Normal,Daylight,20.5937,78.9629,Night
Ahmedabad,18-30,Low Risk,No distancing,Truck,Hazy,Village Road,Normal,Dark,23.0225,72.5714,Afternoon
Ahmedabad,18-30,Low Risk,Driving carelessly,Pedestrian,Rainy,National Highway,Wet,Dark,23.0225,72.5714,Evening
Thrissur,18-30,Low Risk,No distancing,Truck,Clear,Highways,Normal,Daylight,20.5937,78.9629,Morning
Ahmedabad,18-30,Medium Risk,Changing lane to the left,Truck,Stormy,State Highway,Wet,Daylight,23.0225,72.5714,Night
Ahmedabad,31-50,Low Risk,No priority to pedestrian,Truck,Clear,Highways,Normal,Daylight,23.0225,72.5714,Evening
Ahmedabad,31-50,Low Risk,No distancing,Pedestrian,Clear,State Highway,Under Construction,Daylight,23.0225,72.5714,Evening
Ahmedabad,31-50,Low Risk,No distancing,Car,Rainy,Highways,Normal,Dusk,23.0225,72.5714,Night
Ahmedabad,18-30,Low Risk,Changing lane to the left,Pedestrian,Stormy,Village Road,Normal,Dark,23.0225,72.5714,Morning
Ahmedabad,50+,Low Risk,No distancing,Auto-Rickshaw,Clear,Highways,Normal,Dark,23.0225,72.5714,Afternoon
Ahmedabad,18-30,Low Risk,Changing lane to the left,Bus,Clear,National Highway,Under Construction,Daylight,23.0225,72.5714,Night
Vijaywada city,18-30,Low Risk,No distancing,Car,Clear,Highways,Normal,Daylight,20.5937,78.9629,Night
Ahmedabad,18-30,Low Risk,No distancing,Bus,Stormy,Village Road,Damaged,Dark,23.0225,72.5714,Night
Kolkata,31-50,Low Risk,No distancing,Cycle,Stormy,Highways,Normal,Daylight,22.5726,88.3639,Afternoon
Surat,50+,Medium Risk,Changing lane to the left,Car,Foggy,Highways,Normal,Dusk,21.1702,72.8311,Afternoon
Ahmedabad,18-30,Low Risk,Changing lane to the right,Car,Clear,National Highway,Under Construction,Daylight,23.0225,72.5714,Morning
Allahabad(Prayagraj),18-30,Low Risk,Moving Backward,Car,Hazy,Urban Road,Wet,Dark,20.5937,78.9629,Afternoon
Allahabad(Prayagraj),18-30,Low Risk,Changing lane to the right,Pedestrian,Stormy,Village Road,Under Construction,Dusk,20.5937,78.9629,Night
Allahabad(Prayagraj),18-30,Low Risk,No distancing,Car,Rainy,State Highway,Dry,Daylight,20.5937,78.9629,Morning
Allahabad(Prayagraj),31-50,Low Risk,Overtaking,Cycle,Clear,State Highway,Dry,Daylight,20.5937,78.9629,Afternoon
Allahabad(Prayagraj),18-30,Low Risk,Other,Two-Wheeler,Clear,Highways,Normal,Daylight,20.5937,78.9629,Morning
Ahmedabad,31-50,Medium Risk,Other,Auto-Rickshaw,Rainy,Highways,Normal,Daylight,23.0225,72.5714,Afternoon
Allahabad(Prayagraj),31-50,Low Risk,Changing lane to the right,Auto-Rickshaw,Clear,Village Road,Dry,Dawn,20.5937,78.9629,Morning
Faridabad,18-30,Low Risk,No priority to pedestrian,Two-Wheeler,Hazy,Highways,Normal,Daylight,20.5937,78.9629,Afternoon
Allahabad(Prayagraj),18-30,Low Risk,No priority to vehicle,Auto-Rickshaw,Clear,National Highway,Under Construction,Dawn,20.5937,78.9629,Afternoon
Allahabad(Prayagraj),18-30,Low Risk,Changing lane to the left,Car,Stormy,Highways,Normal,Daylight,20.5937,78.9629,Morning
Allahabad(Prayagraj),18-30,Low Risk,Changing lane to the left,Two-Wheeler,Hazy,Urban Road,Damaged,Dusk,20.5937,78.9629,Night
Allahabad(Prayagraj),18-30,Low Risk,Overtaking,Auto-Rickshaw,Clear,Highways,Normal,Dawn,20.5937,78.9629,Morning
Allahabad(Prayagraj),18-30,Low Risk,No distancing,Auto-Rickshaw,Clear,Urban Road,Wet,Dark,20.5937,78.9629,Evening
Allahabad(Prayagraj),18-30,Low Risk,No priority to vehicle,Pedestrian,Clear,Urban Road,Damaged,Dark,20.5937,78.9629,Afternoon
Allahabad(Prayagraj),18-30,Medium Risk,Changing lane to the right,Pedestrian,Clear,State Highway,Wet,Dusk,20.5937,78.9629,Morning
Chennai,50+,Low Risk,Changing lane to the left,Auto-Rickshaw,Clear,Highways,Normal,Daylight,13.0827,80.2707,Night
Allahabad(Prayagraj),18-30,Low Risk,No distancing,Car,Hazy,Highways,Normal,Dawn,20.5937,78.9629,Morning
Allahabad(Prayagraj),18-30,Low Risk,Driving carelessly,Car,Clear,Highways,Normal,Dawn,20.5937,78.9629,Morning
Allahabad(Prayagraj),18-30,Low Risk,No priority to pedestrian,Pedestrian,Hazy,National Highway,Normal,Dawn,20.5937,78.9629,Afternoon
Allahabad(Prayagraj),50+,Low Risk,Driving carelessly,Cycle,Foggy,Highways,Normal,Dark,20.5937,78.9629,Afternoon
Allahabad(Prayagraj),18-30,Low Risk,Moving Backward,Auto-Rickshaw,Stormy,National Highway,Normal,Daylight,20.5937,78.9629,Morning
Allahabad(Prayagraj),18-30,Low Risk,No distancing,Auto-Rickshaw,Clear,State Highway,Wet,Daylight,20.5937,78.9629,Night
Allahabad(Prayagraj),18-30,Low Risk,No distancing,Bus,Foggy,National Highway,Dry,Dark,20.5937,78.9629,Afternoon
Allahabad(Prayagraj),18-30,Low Risk,No distancing,Truck,Clear,Village Road,Dry,Dark,20.5937,78.9629,Night
Allahabad(Prayagraj),18-30,Low Risk,Changing lane to the left,Auto-Rickshaw,Clear,Urban Road,Dry,Daylight,20.5937,78.9629,Night
Thrissur,50+,Medium Risk,Changing lane to the left,Cycle,Hazy,Highways,Normal,Dusk,20.5937,78.9629,Morning
Allahabad(Prayagraj),18-30,Low Risk,Moving Backward,Two-Wheeler,Foggy,Urban Road,Under Construction,Daylight,20.5937,78.9629,Night
Allahabad(Prayagraj),50+,Low Risk,Changing lane to the right,Car,Clear,Urban Road,Wet,Dark,20.5937,78.9629,Morning
Surat,18-30,Low Risk,No priority to vehicle,Truck,Clear,Highways,Normal,Daylight,21.1702,72.8311,Night
Nagpur,18-30,Low Risk,Moving Backward,Car,Stormy,Highways,Normal,Daylight,20.5937,78.9629,Night
Amritsar,18-30,Low Risk,Driving carelessly,Car,Clear,Urban Road,Wet,Dark,20.5937,78.9629,Night
Amritsar,18-30,Low Risk,Driving carelessly,Pedestrian,Clear,Highways,Normal,Dusk,20.5937,78.9629,Night
Amritsar,31-50,Low Risk,Driving under the influence of drugs,Pedestrian,Rainy,State Highway,Wet,Daylight,20.5937,78.9629,Afternoon
Ghaziabad,31-50,Medium Risk,No priority to pedestrian,Cycle,Clear,Highways,Normal,Dusk,20.5937,78.9629,Afternoon
Amritsar,18-30,Low Risk,No priority to vehicle,Car,Rainy,Urban Road,Damaged,Dusk,20.5937,78.9629,Night
Amritsar,18-30,Low Risk,Driving carelessly,Bus,Rainy,Village Road,Damaged,Daylight,20.5937,78.9629,Afternoon
Amritsar,18-30,Low Risk,Moving Backward,Cycle,Hazy,Highways,Normal,Daylight,20.5937,78.9629,Night
Agra,31-50,Low Risk,Driving carelessly,Auto-Rickshaw,Hazy,Highways,Normal,Dark,27.1767,78.0081,Morning
Vadodra,31-50,Medium Risk,No priority to vehicle,Two-Wheeler,Foggy,Highways,Normal,Daylight,20.5937,78.9629,Morning
Amritsar,50+,Low Risk,Changing lane to the right,Pedestrian,Clear,National Highway,Dry,Daylight,20.5937,78.9629,Afternoon
Amritsar,18-30,Low Risk,Changing lane to the left,Car,Foggy,Village Road,Damaged,Daylight,20.5937,78.9629,Evening
Amritsar,18-30,Low Risk,No priority to vehicle,Car,Stormy,National Highway,Damaged,Daylight,20.5937,78.9629,Morning
Amritsar,18-30,Low Risk,Driving carelessly,Pedestrian,Rainy,State Highway,Normal,Daylight,20.5937,78.9629,Evening
Amritsar,31-50,Low Risk,Moving Backward,Bus,Clear,National Highway,Under Construction,Dawn,20.5937,78.9629,Afternoon
Amritsar,18-30,Low Risk,No distancing,Cycle,Hazy,Urban Road,Under Construction,Dawn,20.5937,78.9629,Afternoon
Amritsar,31-50,Low Risk,Changing lane to the left,Car,Clear,Urban Road,Damaged,Daylight,20.5937,78.9629,Night
Amritsar,31-50,Low Risk,Changing lane to the left,Two-Wheeler,Clear,State Highway,Dry,Dusk,20.5937,78.9629,Morning
Amritsar,18-30,Low Risk,No distancing,Cycle,Hazy,Urban Road,Wet,Dark,20.5937,78.9629,Morning
Amritsar,18-30,Low Risk,Changing lane to the left,Two-Wheeler,Clear,Urban Road,Damaged,Daylight,20.5937,78.9629,Morning
Amritsar,31-50,Low Risk,Driving carelessly,Car,Foggy,State Highway,Damaged,Dawn,20.5937,78.9629,Afternoon
Amritsar,18-30,Low Risk,Changing lane to the left,Car,Clear,Urban Road,Damaged,Dawn,20.5937,78.9629,Night
Amritsar,18-30,Low Risk,No distancing,Auto-Rickshaw,Clear,Highways,Normal,Daylight,20.5937,78.9629,Morning
Amritsar,18-30,Low Risk,Changing lane to the right,Bus,Clear,Village Road,Damaged,Dawn,20.5937,78.9629,Morning
Amritsar,31-50,Low Risk,No distancing,Two-Wheeler,Clear,Urban Road,Dry,Daylight,20.5937,78.9629,Evening