Million_Plus_Cities,Age_band_of_driver,Accident_severity,Cause_of_accident,Vehicle Type Involved,Weather Conditions,Road Type,Road Condition,Lighting Conditions,Latitude,Longitude,Time_Block
Amritsar,50+,Low Risk,Driving to the left,Cycle,Foggy,National Highway,Normal,Dusk,20.5937,78.9629,Night
Amritsar,31-50,Low Risk,No distancing,Truck,Clear,National Highway,Wet,Daylight,20.5937,78.9629,Morning
Hyderabad,18-30,Low Risk,Overtaking,Car,Clear,Highways,Normal,Dark,17.385,78.4867,Morning
Amritsar,31-50,Low Risk,Driving under the influence of drugs,Auto-Rickshaw,Clear,State Highway,Under Construction,Dark,20.5937,78.9629,Morning
Amritsar,31-50,Low Risk,No priority to pedestrian,Truck,Clear,Highways,Normal,Daylight,20.5937,78.9629,Afternoon
Amritsar,18-30,Low Risk,Moving Backward,Truck,Foggy,Village Road,Dry,Dawn,20.5937,78.9629,Morning
Asansol Durgapur,18-30,Low Risk,Changing lane to the right,Two-Wheeler,Clear,National Highway,Dry,Daylight,20.5937,78.9629,Morning
Asansol Durgapur,50+,Low Risk,Changing lane to the left,Cycle,Clear,State Highway,Wet,Dawn,20.5937,78.9629,Night
Asansol Durgapur,18-30,Low Risk,Changing lane to the right,Bus,Clear,Highways,Normal,Dawn,20.5937,78.9629,Morning
Asansol Durgapur,31-50,Low Risk,Driving under the influence of drugs,Car,Clear,Highways,Normal,Dusk,20.5937,78.9629,Afternoon
Asansol Durgapur,31-50,Low Risk,No priority to vehicle,Car,Rainy,Highways,Normal,Daylight,20.5937,78.9629,Afternoon
Asansol Durgapur,31-50,Medium Risk,No priority to vehicle,Car,Clear,Highways,Normal,Daylight,20.5937,78.9629,Night
Asansol Durgapur,31-50,Low Risk,Changing lane to the left,Truck,Hazy,Village Road,Damaged,Dark,20.5937,78.9629,Night
Nashik,31-50,Low Risk,Changing lane to the right,Bus,Rainy,Highways,Normal,Dawn,20.5937,78.9629,Evening
Asansol Durgapur,18-30,Medium Risk,Changing lane to the right,Car,Clear,Urban Road,Under Construction,Dusk,20.5937,78.9629,Night
Asansol Durgapur,18-30,Low Risk,Changing lane to the left,Car,Clear,State Highway,Dry,Daylight,20.5937,78.9629,Night
Asansol Durgapur,31-50,Low Risk,Changing lane to the left,Car,Rainy,National Highway,Under Construction,Daylight,20.5937,78.9629,Night
Asansol Durgapur,18-30,Low Risk,Getting off the vehicle improperly,Cycle,Clear,Village Road,Wet,Daylight,20.5937,78.9629,Afternoon
Asansol Durgapur,50+,Medium Risk,Overtaking,Two-Wheeler,Stormy,National Highway,Wet,Daylight,20.5937,78.9629,Evening
Asansol Durgapur,31-50,Low Risk,Changing lane to the left,Auto-Rickshaw,Hazy,Highways,Normal,Dark,20.5937,78.9629,Evening
Asansol Durgapur,18-30,Low Risk,Driving under the influence of drugs,Two-Wheeler,Clear,Village Road,Damaged,Daylight,20.5937,78.9629,Evening
Asansol Durgapur,18-30,Low Risk,Driving carelessly,Truck,Clear,Village Road,Under Construction,Dawn,20.5937,78.9629,Night
Asansol Durgapur,18-30,Low Risk,Moving Backward,Cycle,Clear,Urban Road,Wet,Daylight,20.5937,78.9629,Morning
Asansol Durgapur,18-30,Low Risk,No distancing,Car,Clear,Urban Road,Wet,Daylight,20.5937,78.9629,Night
Asansol Durgapur,31-50,Low Risk,No priority to vehicle,Auto-Rickshaw,Hazy,Highways,Normal,Daylight,20.5937,78.9629,Evening
Asansol Durgapur,18-30,Medium Risk,Overturning,Two-Wheeler,Hazy,National Highway,Under Construction,Dark,20.5937,78.9629,Night
Asansol Durgapur,50+,Medium Risk,Changing lane to the left,Two-Wheeler,Clear,State Highway,Under Construction,Dawn,20.5937,78.9629,Afternoon
Asansol Durgapur,31-50,High Risk,No distancing,Bus,Hazy,Highways,Normal,Dusk,20.5937,78.9629,Afternoon
Asansol Durgapur,31-50,High Risk,Moving Backward,Cycle,Rainy,Village Road,Dry,Daylight,20.5937,78.9629,Morning
Asansol Durgapur,18-30,Low Risk,No priority to vehicle,Car,Clear,National Highway,Damaged,Dawn,20.5937,78.9629,Night
Asansol Durgapur,50+,Low Risk,No priority to vehicle,Truck,Clear,National Highway,Under Construction,Dawn,20.5937,78.9629,Evening
Asansol Durgapur,18-30,Low Risk,No distancing,Bus,Clear,State Highway,Under Construction,Dark,20.5937,78.9629,Afternoon
Asansol Durgapur,18-30,Low Risk,No distancing,Pedestrian,Rainy,National Highway,Normal,Dawn,20.5937,78.9629,Morning
Asansol Durgapur,18-30,Low Risk,Overtaking,Bus,Foggy,Urban Road,Wet,Dawn,20.5937,78.9629,Morning
Asansol Durgapur,18-30,Medium Risk,Driving under the influence of drugs,Pedestrian,Clear,Highways,Normal,Dark,20.5937,78.9629,Night
Thrissur,31-50,Low Risk,Changing lane to the right,Pedestrian,Clear,Highways,Normal,Dawn,20.5937,78.9629,Night
Aurangabad,18-30,Low Risk,Changing lane to the left,Two-Wheeler,Clear,National Highway,Damaged,Dawn,20.5937,78.9629,Morning
Agra,18-30,Low Risk,Driving carelessly,Car,Hazy,Highways,Normal,Daylight,27.1767,78.0081,Morning
Aurangabad,18-30,Low Risk,Moving Backward,Bus,Clear,State Highway,Wet,Daylight,20.5937,78.9629,Morning
Aurangabad,31-50,Medium Risk,Moving Backward,Auto-Rickshaw,Stormy,Highways,Normal,Daylight,20.5937,78.9629,Night
Aurangabad,18-30,Low Risk,Changing lane to the right,Auto-Rickshaw,Hazy,State Highway,Damaged,Dawn,20.5937,78.9629,Morning
Aurangabad,18-30,Low Risk,No priority to vehicle,Two-Wheeler,Clear,Village Road,Damaged,Dawn,20.5937,78.9629,Morning
Aurangabad,18-30,Low Risk,Driving at high speed,Pedestrian,Clear,Village Road,Under Construction,Daylight,20.5937,78.9629,Night
Aurangabad,18-30,Low Risk,Driving under the influence of drugs,Two-Wheeler,Clear,State Highway,Wet,Daylight,20.5937,78.9629,Morning
Aurangabad,31-50,Low Risk,Changing lane to the right,Two-Wheeler,Clear,Village Road,Dry,Dark,20.5937,78.9629,Night
Aurangabad,18-30,Medium Risk,Driving carelessly,Auto-Rickshaw,Clear,Highways,Normal,Daylight,20.5937,78.9629,Morning
Aurangabad,18-30,Medium Risk,No distancing,Two-Wheeler,Stormy,National Highway,Damaged,Daylight,20.5937,78.9629,Evening
Vadodra,18-30,Medium Risk,Changing lane to the left,Two-Wheeler,Hazy,Highways,Normal,Daylight,20.5937,78.9629,Evening
Aurangabad,18-30,Medium Risk,No distancing,Car,Hazy,Highways,Normal,Daylight,20.5937,78.9629,Afternoon
Aurangabad,50+,Low Risk,No distancing,Car,Clear,National Highway,Damaged,Daylight,20.5937,78.9629,Night
Aurangabad,31-50,Low Risk,Getting off the vehicle improperly,Two-Wheeler,Hazy,Village Road,Wet,Daylight,20.5937,78.9629,Morning
Aurangabad,31-50,Low Risk,Overtaking,Car,Stormy,National Highway,Damaged,Daylight,20.5937,78.9629,Night
Aurangabad,18-30,Low Risk,Driving carelessly,Car,Hazy,Urban Road,Dry,Dawn,20.5937,78.9629,Night
Aurangabad,31-50,Low Risk,Driving under the influence of drugs,Two-Wheeler,Stormy,Highways,Normal,Dark,20.5937,78.9629,Night
Aurangabad,31-50,Low Risk,Moving Backward,Two-Wheeler,Rainy,Urban Road,Under Construction,Dawn,20.5937,78.9629,Night
Aurangabad,18-30,Low Risk,Overturning,Cycle,Clear,Village Road,Wet,Dusk,20.5937,78.9629,Evening
Aurangabad,18-30,Low Risk,Driving under the influence of drugs,Car,Stormy,State Highway,Damaged,Dark,20.5937,78.9629,Evening
Aurangabad,18-30,Low Risk,Changing lane to the right,Car,Clear,Village Road,Wet,Daylight,20.5937,78.9629,Evening
Aurangabad,18-30,Low Risk,Changing lane to the left,Pedestrian,Clear,Village Road,Normal,Dawn,20.5937,78.9629,Night
Aurangabad,18-30,Low Risk,No distancing,Pedestrian,Clear,Urban Road,Damaged,Dark,20.5937,78.9629,Evening
Aurangabad,31-50,Low Risk,No distancing,Cycle,Rainy,Highways,Normal,Dawn,20.5937,78.9629,Morning
Aurangabad,18-30,Low Risk,No priority to vehicle,Two-Wheeler,Hazy,National Highway,Normal,Dark,20.5937,78.9629,Night
Aurangabad,50+,Low Risk,Moving Backward,Car,Clear,Urban Road,Wet,Dusk,20.5937,78.9629,Afternoon
Aurangabad,31-50,Low Risk,Moving Backward,Two-Wheeler,Clear,Highways,Normal,Daylight,20.5937,78.9629,Afternoon
Aurangabad,18-30,Low Risk,Getting off the vehicle improperly,Two-Wheeler,Stormy,State Highway,Dry,Dark,20.5937,78.9629,Morning
Aurangabad,18-30,Medium Risk,Changing lane to the left,Bus,Foggy,Urban Road,Under Construction,Dark,20.5937,78.9629,Night
Delhi,18-30,Medium Risk,Changing lane to the left,Two-Wheeler,Hazy,Highways,Normal,Dawn,28.6139,77.209,Afternoon
Bengaluru,18-30,Low Risk,No priority to vehicle,Two-Wheeler,Foggy,State Highway,Wet,Dusk,12.9716,77.5946,Morning
Bengaluru,31-50,Low Risk,Changing lane to the right,Pedestrian,Clear,Village Road,Dry,Daylight,12.9716,77.5946,Evening
Bengaluru,18-30,Low Risk,Changing lane to the right,Truck,Clear,Highways,Normal,Dawn,12.9716,77.5946,Morning
Bengaluru,18-30,Low Risk,Driving carelessly,Bus,Hazy,Highways,Normal,Dawn,12.9716,77.5946,Evening
Bengaluru,18-30,Low Risk,Changing lane to the left,Two-Wheeler,Hazy,Highways,Normal,Dusk,12.9716,77.5946,Afternoon
Bengaluru,31-50,Low Risk,Changing lane to the right,Cycle,Clear,Urban Road,Damaged,Dusk,12.9716,77.5946,Morning
Bengaluru,18-30,Low Risk,Driving under the influence of drugs,Pedestrian,Clear,National Highway,Damaged,Daylight,12.9716,77.5946,Afternoon
Bengaluru,18-30,Low Risk,Driving carelessly,Bus,Clear,State Highway,Wet,Dawn,12.9716,77.5946,Morning
Bengaluru,31-50,Medium Risk,No distancing,Bus,Rainy,Urban Road,Under Construction,Dusk,12.9716,77.5946,Morning
Bengaluru,18-30,Low Risk,No priority to vehicle,Cycle,Foggy,Village Road,Under Construction,Daylight,12.9716,77.5946,Night
Bengaluru,31-50,Low Risk,No priority to vehicle,Car,Stormy,Highways,Normal,Dawn,12.9716,77.5946,Night
Bengaluru,31-50,Medium Risk,No priority to vehicle,Car,Clear,State Highway,Damaged,Dusk,12.9716,77.5946,Night
Bengaluru,31-50,Medium Risk,Changing lane to the left,Cycle,Foggy,National Highway,Under Construction,Dawn,12.9716,77.5946,Morning
Bengaluru,18-30,Medium Risk,Moving Backward,Two-Wheeler,Clear,Urban Road,Wet,Daylight,12.9716,77.5946,Night
Jamshedpur,18-30,Low Risk,Driving carelessly,Bus,Clear,Highways,Normal,Dark,20.5937,78.9629,Evening
Bengaluru,18-30,Low Risk,Driving under the influence of drugs,Car,Clear,National Highway,Under Construction,Dawn,12.9716,77.5946,Evening
Bengaluru,18-30,Medium Risk,Changing lane to the right,Car,Clear,Highways,Normal,Dusk,12.9716,77.5946,Night
Bengaluru,50+,Low Risk,No priority to vehicle,Cycle,Rainy,Highways,Normal,Dark,12.9716,77.5946,Evening
Bengaluru,18-30,Low Risk,Changing lane to the right,Bus,Clear,Village Road,Normal,Dawn,12.9716,77.5946,Evening
Bengaluru,18-30,Low Risk,Driving to the left,Cycle,Foggy,Highways,Normal,Daylight,12.9716,77.5946,Night
Bengaluru,18-30,Low Risk,Moving Backward,Cycle,Clear,National Highway,Wet,Dusk,12.9716,77.5946,Night
Bengaluru,18-30,Low Risk,No priority to vehicle,Car,Clear,National Highway,Under Construction,Daylight,12.9716,77.5946,Night
Bengaluru,31-50,Low Risk,No distancing,Car,Hazy,National Highway,Dry,Daylight,12.9716,77.5946,Night
Bengaluru,31-50,Low Risk,Driving carelessly,Two-Wheeler,Clear,Urban Road,Normal,Dusk,12.9716,77.5946,Night
Bengaluru,18-30,Low Risk,Changing lane to the left,Pedestrian,Clear,State Highway,Damaged,Daylight,12.9716,77.5946,Night
Meerut,18-30,Low Risk,No priority to vehicle,Bus,Clear,Highways,Normal,Dawn,20.5937,78.9629,Night
Bengaluru,18-30,Low Risk,No priority to vehicle,Two-Wheeler,Stormy,State Highway,Dry,Dawn,12.9716,77.5946,Morning
Bengaluru,31-50,Low Risk,No distancing,Auto-Rickshaw,Foggy,Highways,Normal,Dawn,12.9716,77.5946,Night
Bengaluru,31-50,Low Risk,Driving to the left,Car,Hazy,National Highway,Dry,Daylight,12.9716,77.5946,Evening
Bhopal,18-30,Low Risk,Driving carelessly,Cycle,Clear,State Highway,Wet,Dark,20.5937,78.9629,Night
Bhopal,18-30,Low Risk,Driving carelessly,Car,Clear,National Highway,Normal,Dawn,20.5937,78.9629,Evening
Bhopal,18-30,Low Risk,Changing lane to the right,Car,Foggy,State Highway,Damaged,Dawn,20.5937,78.9629,Night
Faridabad,31-50,Medium Risk,Driving carelessly,Car,Clear,Highways,Normal,Dawn,20.5937,78.9629,Morning
Bhopal,18-30,Low Risk,Changing lane to the left,Cycle,Foggy,Highways,Normal,Dusk,20.5937,78.9629,Night
Bhopal,31-50,Low Risk,Driving carelessly,Car,Stormy,Urban Road,Dry,Dark,20.5937,78.9629,Night
Bhopal,31-50,Low Risk,Driving carelessly,Two-Wheeler,Rainy,State Highway,Wet,Dawn,20.5937,78.9629,Afternoon
Bhopal,18-30,Low Risk,Driving under the influence of drugs,Car,Clear,State Highway,Under Construction,Daylight,20.5937,78.9629,Evening
Bhopal,18-30,Low Risk,Driving carelessly,Car,Clear,National Highway,Damaged,Daylight,20.5937,78.9629,Night
Bhopal,18-30,Low Risk,No distancing,Car,Clear,State Highway,Damaged,Daylight,20.5937,78.9629,Morning
Bhopal,18-30,Low Risk,Driving carelessly,Pedestrian,Clear,National Highway,Dry,Daylight,20.5937,78.9629,Evening
Bhopal,31-50,Low Risk,Driving to the left,Auto-Rickshaw,Clear,National Highway,Under Construction,Daylight,20.5937,78.9629,Evening
Bhopal,31-50,Medium Risk,Overtaking,Auto-Rickshaw,Hazy,Highways,Normal,Daylight,20.5937,78.9629,Morning
Gwalior,18-30,Low Risk,No distancing,Bus,Rainy,Highways,Normal,Dawn,20.5937,78.9629,Night
Bhopal,18-30,Low Risk,Driving carelessly,Bus,Clear,Highways,Normal,Dusk,20.5937,78.9629,Night
Ahmedabad,18-30,Low Risk,No priority to vehicle,Cycle,Stormy,Highways,Normal,Dusk,23.0225,72.5714,Night
Bhopal,31-50,Low Risk,No priority to vehicle,Auto-Rickshaw,Stormy,National Highway,Dry,Daylight,20.5937,78.9629,Morning
Bhopal,18-30,Low Risk,No priority to vehicle,Pedestrian,Clear,Urban Road,Wet,Daylight,20.5937,78.9629,Evening
Bhopal,18-30,Low Risk,No priority to vehicle,Car,Foggy,Highways,Normal,Daylight,20.5937,78.9629,Morning
Bhopal,18-30,Low Risk,No distancing,Truck,Clear,Village Road,Damaged,Dawn,20.5937,78.9629,Afternoon
Nashik,18-30,Low Risk,Moving Backward,Auto-Rickshaw,Foggy,Highways,Normal,Dark,20.5937,78.9629,Morning
Bhopal,31-50,Low Risk,No distancing,Cycle,Clear,National Highway,Damaged,Daylight,20.5937,78.9629,Morning
Bhopal,31-50,Low Risk,Changing lane to the left,Pedestrian,Clear,Highways,Normal,Dawn,20.5937,78.9629,Morning
Bhopal,50+,Low Risk,Changing lane to the left,Cycle,Clear,Highways,Normal,Dark,20.5937,78.9629,Morning
Bhopal,31-50,Low Risk,No priority to pedestrian,Pedestrian,Clear,State Highway,Under Construction,Daylight,20.5937,78.9629,Night
Bhopal,31-50,Low Risk,Moving Backward,Cycle,Clear,Urban Road,Under Construction,Daylight,20.5937,78.9629,Night
Jaipur,18-30,Low Risk,Changing lane to the left,Bus,Stormy,Highways,Normal,Daylight,26.9124,75.7873,Night
Amritsar,18-30,Low Risk,No distancing,Two-Wheeler,Hazy,Highways,Normal,Daylight,20.5937,78.9629,Night
Bhopal,50+,Low Risk,No priority to vehicle,Auto-Rickshaw,Hazy,Urban Road,Damaged,Dawn,20.5937,78.9629,Morning
Bhopal,18-30,Low Risk,Changing lane to the right,Auto-Rickshaw,Hazy,National Highway,Damaged,Dusk,20.5937,78.9629,Night
Coimbatore,31-50,Medium Risk,No distancing,Bus,Clear,Highways,Normal,Dusk,20.5937,78.9629,Morning
Kollam,18-30,Low Risk,No distancing,Cycle,Foggy,Highways,Normal,Dusk,20.5937,78.9629,Afternoon
Chandigarh,18-30,Low Risk,Getting off the vehicle improperly,Cycle,Stormy,Highways,Normal,Dark,20.5937,78.9629,Morning
Chandigarh,50+,Low Risk,No priority to pedestrian,Two-Wheeler,Clear,State Highway,Damaged,Daylight,20.5937,78.9629,Night
Chandigarh,31-50,Low Risk,Changing lane to the left,Car,Clear,Highways,Normal,Dark,20.5937,78.9629,Morning
Chandigarh,31-50,Low Risk,No distancing,Cycle,Hazy,State Highway,Under Construction,Dawn,20.5937,78.9629,Night
Madurai,50+,Low Risk,Driving carelessly,Pedestrian,Stormy,Highways,Normal,Dusk,20.5937,78.9629,Evening
Chandigarh,18-30,Low Risk,No distancing,Two-Wheeler,Rainy,Highways,Normal,Daylight,20.5937,78.9629,Night
Chandigarh,18-30,Low Risk,Changing lane to the right,Bus,Rainy,State Highway,Damaged,Dusk,20.5937,78.9629,Afternoon
Chandigarh,31-50,Low Risk,Overtaking,Pedestrian,Clear,State Highway,Damaged,Daylight,20.5937,78.9629,Afternoon
Chandigarh,18-30,Low Risk,Driving carelessly,Cycle,Stormy,National Highway,Dry,Dark,20.5937,78.9629,Morning
Chandigarh,31-50,Low Risk,Moving Backward,Auto-Rickshaw,Clear,Highways,Normal,Dawn,20.5937,78.9629,Morning
Jabalpur,31-50,Low Risk,No distancing,Pedestrian,Clear,Highways,Normal,Daylight,20.5937,78.9629,Evening
Chandigarh,31-50,Low Risk,Overtaking,Two-Wheeler,Clear,Urban Road,Normal,Daylight,20.5937,78.9629,Afternoon
Chandigarh,18-30,Medium Risk,Driving carelessly,Auto-Rickshaw,Clear,Village Road,Damaged,Dawn,20.5937,78.9629,Evening
Chandigarh,18-30,Medium Risk,Driving carelessly,Cycle,Clear,Village Road,Dry,Daylight,20.5937,78.9629,Evening
Chandigarh,18-30,Medium Risk,Moving Backward,Car,Foggy,National Highway,Damaged,Daylight,20.5937,78.9629,Morning
Chandigarh,18-30,Medium Risk,Driving carelessly,Two-Wheeler,Rainy,Urban Road,Wet,Dark,20.5937,78.9629,Night
Chandigarh,18-30,Medium Risk,Driving to the left,Truck,Clear,Village Road,Normal,Dawn,20.5937,78.9629,Night
Kannur,50+,Low Risk,Changing lane to the left,Bus,Hazy,Highways,Normal,Dawn,20.5937,78.9629,Afternoon
Chandigarh,18-30,Low Risk,No distancing,Two-Wheeler,Clear,National Highway,Normal,Dawn,20.5937,78.9629,Night
Raipur,18-30,Low Risk,No distancing,Two-Wheeler,Stormy,Highways,Normal,Dusk,20.5937,78.9629,Morning
Chandigarh,18-30,Low Risk,Changing lane to the right,Truck,Rainy,Highways,Normal,Dusk,20.5937,78.9629,Morning
Hyderabad,18-30,Medium Risk,Driving under the influence of drugs,Car,Clear,Highways,Normal,Dawn,17.385,78.4867,Afternoon
Chandigarh,50+,Low Risk,Changing lane to the right,Pedestrian,Clear,Village Road,Damaged,Daylight,20.5937,78.9629,Evening
Chandigarh,18-30,Low Risk,Changing lane to the left,Bus,Rainy,National Highway,Under Construction,Dark,20.5937,78.9629,Afternoon
Chandigarh,18-30,Low Risk,Moving Backward,Two-Wheeler,Clear,State Highway,Wet,Dusk,20.5937,78.9629,Evening
Chandigarh,18-30,Low Risk,No distancing,Car,Clear,National Highway,Wet,Dusk,20.5937,78.9629,Night
Nagpur,18-30,Low Risk,Changing lane to the right,Cycle,Foggy,Highways,Normal,Dusk,20.5937,78.9629,Morning
Chandigarh,18-30,Low Risk,Moving Backward,Car,Stormy,Village Road,Damaged,Daylight,20.5937,78.9629,Afternoon
Chennai,50+,Low Risk,No distancing,Auto-Rickshaw,Clear,Highways,Normal,Daylight,13.0827,80.2707,Evening
Chennai,31-50,Low Risk,Driving to the left,Bus,Foggy,Highways,Normal,Daylight,13.0827,80.2707,Night
Chennai,31-50,Low Risk,Driving to the left,Pedestrian,Stormy,State Highway,Normal,Daylight,13.0827,80.2707,Evening
Chennai,18-30,Low Risk,Moving Backward,Car,Clear,National Highway,Under Construction,Dawn,13.0827,80.2707,Morning
Allahabad(Prayagraj),18-30,Medium Risk,Moving Backward,Auto-Rickshaw,Clear,Highways,Normal,Daylight,20.5937,78.9629,Night
Chennai,18-30,Low Risk,Overtaking,Auto-Rickshaw,Rainy,Highways,Normal,Daylight,13.0827,80.2707,Afternoon
Chennai,18-30,Low Risk,Driving carelessly,Auto-Rickshaw,Stormy,State Highway,Under Construction,Dark,13.0827,80.2707,Afternoon
Chennai,31-50,Low Risk,Changing lane to the left,Cycle,Hazy,National Highway,Under Construction,Dawn,13.0827,80.2707,Night
Chennai,18-30,Medium Risk,Driving under the influence of drugs,Car,Stormy,National Highway,Under Construction,Daylight,13.0827,80.2707,Night
Chennai,18-30,Medium Risk,No distancing,Auto-Rickshaw,Clear,Urban Road,Dry,Dusk,13.0827,80.2707,Morning
Lucknow,18-30,Medium Risk,Moving Backward,Cycle,Rainy,Highways,Normal,Daylight,26.8467,80.9462,Afternoon
Chennai,18-30,Low Risk,Changing lane to the left,Cycle,Hazy,National Highway,Under Construction,Dawn,13.0827,80.2707,Morning
Chennai,18-30,Medium Risk,Changing lane to the right,Car,Clear,Highways,Normal,Dusk,13.0827,80.2707,Night
Chennai,18-30,Low Risk,No distancing,Pedestrian,Clear,State Highway,Dry,Dark,13.0827,80.2707,Afternoon
Chennai,31-50,Low Risk,Driving at high speed,Car,Stormy,Village Road,Under Construction,Daylight,13.0827,80.2707,Night
Vizaq,31-50,Low Risk,Changing lane to the right,Bus,Rainy,Highways,Normal,Daylight,20.5937,78.9629,Evening
Chennai,31-50,Low Risk,No priority to vehicle,Car,Clear,National Highway,Under Construction,Dusk,13.0827,80.2707,Morning
Chennai,18-30,Low Risk,No distancing,Cycle,Clear,State Highway,Wet,Daylight,13.0827,80.2707,Afternoon
Ghaziabad,18-30,Low Risk,Turnover,Car,Foggy,Highways,Normal,Daylight,20.5937,78.9629,Evening
Chennai,50+,Low Risk,No distancing,Auto-Rickshaw,Foggy,National Highway,Damaged,Dark,13.0827,80.2707,Night
Asansol Durgapur,18-30,Low Risk,Changing lane to the right,Cycle,Clear,Highways,Normal,Dawn,20.5937,78.9629,Morning
Chennai,18-30,Low Risk,No distancing,Auto-Rickshaw,Foggy,Highways,Normal,Daylight,13.0827,80.2707,Night
Chennai,18-30,Low Risk,Changing lane to the left,Car,Rainy,National Highway,Damaged,Daylight,13.0827,80.2707,Morning
Chennai,31-50,Low Risk,Driving carelessly,Truck,Rainy,Highways,Normal,Dawn,13.0827,80.2707,Night
Madurai,18-30,Low Risk,Changing lane to the right,Truck,Foggy,Highways,Normal,Dusk,20.5937,78.9629,Night
Chennai,18-30,Low Risk,No priority to vehicle,Cycle,Clear,National Highway,Dry,Daylight,13.0827,80.2707,Morning
Chennai,18-30,Low Risk,No distancing,Cycle,Foggy,Urban Road,Under Construction,Daylight,13.0827,80.2707,Evening
Chennai,31-50,Low Risk,No priority to pedestrian,Car,Hazy,National Highway,Damaged,Dusk,13.0827,80.2707,Evening
Chennai,31-50,Medium Risk,No priority to pedestrian,Pedestrian,Clear,Highways,Normal,Dawn,13.0827,80.2707,Night
Chennai,18-30,Medium Risk,No priority to vehicle,Car,Foggy,Urban Road,Wet,Daylight,13.0827,80.2707,Evening
Kochi,18-30,Medium Risk,Changing lane to the left,Two-Wheeler,Stormy,Highways,Normal,Dusk,20.5937,78.9629,Evening
Coimbatore,18-30,Low Risk,Changing lane to the left,Pedestrian,Stormy,Village Road,Under Construction,Dusk,20.5937,78.9629,Night
Coimbatore,50+,Low Risk,No distancing,Truck,Stormy,Village Road,Wet,Daylight,20.5937,78.9629,Morning
Coimbatore,18-30,Low Risk,No priority to vehicle,Pedestrian,Clear,State Highway,Dry,Dark,20.5937,78.9629,Morning
Vadodra,18-30,Low Risk,No distancing,Bus,Clear,Highways,Normal,Dusk,20.5937,78.9629,Afternoon
Coimbatore,18-30,Medium Risk,No distancing,Pedestrian,Clear,Highways,Normal,Daylight,20.5937,78.9629,Evening
Coimbatore,31-50,Low Risk,Changing lane to the right,Pedestrian,Clear,Highways,Normal,Dark,20.5937,78.9629,Afternoon
Vijaywada city,31-50,Low Risk,Changing lane to the left,Pedestrian,Rainy,Highways,Normal,Dark,20.5937,78.9629,Afternoon
Coimbatore,18-30,Low Risk,No distancing,Two-Wheeler,Stormy,Urban Road,Dry,Dawn,20.5937,78.9629,Evening
Coimbatore,18-30,Low Risk,Overturning,Cycle,Clear,Urban Road,Dry,Dark,20.5937,78.9629,Evening
Coimbatore,18-30,Low Risk,No priority to vehicle,Car,Clear,National Highway,Wet,Dark,20.5937,78.9629,Morning
Coimbatore,18-30,Low Risk,Moving Backward,Cycle,Clear,Highways,Normal,Daylight,20.5937,78.9629,Afternoon
Coimbatore,18-30,Low Risk,Driving under the influence of drugs,Cycle,Hazy,Urban Road,Under Construction,Daylight,20.5937,78.9629,Evening
Coimbatore,18-30,Low Risk,Moving Backward,Bus,Clear,Highways,Normal,Daylight,20.5937,78.9629,Afternoon
Coimbatore,31-50,Medium Risk,Changing lane to the right,Two-Wheeler,Clear,Highways,Normal,Daylight,20.5937,78.9629,Evening
Coimbatore,18-30,Low Risk,Overspeed,Car,Hazy,State Highway,Damaged,Dark,20.5937,78.9629,Morning
Khozikode,31-50,Low Risk,Driving under the influence of drugs,Bus,Stormy,Highways,Normal,Dawn,20.5937,78.9629,Night
Coimbatore,31-50,Medium Risk,Driving carelessly,Auto-Rickshaw,Foggy,National Highway,Damaged,Dark,20.5937,78.9629,Afternoon
Coimbatore,31-50,Medium Risk,No distancing,Pedestrian,Clear,Highways,Normal,Daylight,20.5937,78.9629,Night
Coimbatore,18-30,Medium Risk,No priority to vehicle,Pedestrian,Hazy,National Highway,Under Construction,Daylight,20.5937,78.9629,Night
Coimbatore,18-30,Medium Risk,Overspeed,Cycle,Clear,Village Road,Normal,Dusk,20.5937,78.9629,Morning
Coimbatore,18-30,Medium Risk,Driving under the influence of drugs,Car,Clear,Highways,Normal,Daylight,20.5937,78.9629,Afternoon
Coimbatore,31-50,Low Risk,Changing lane to the right,Auto-Rickshaw,Rainy,National Highway,Damaged,Dusk,20.5937,78.9629,Night
Coimbatore,18-30,Low Risk,Changing lane to the right,Truck,Clear,State Highway,Dry,Daylight,20.5937,78.9629,Night
Coimbatore,18-30,Low Risk,Changing lane to the right,Auto-Rickshaw,Hazy,State Highway,Under Construction,Daylight,20.5937,78.9629,Morning
Coimbatore,18-30,Low Risk,Changing lane to the right,Car,Clear,Village Road,Normal,Dusk,20.5937,78.9629,Night
Coimbatore,18-30,Medium Risk,Moving Backward,Cycle,Foggy,Highways,Normal,Dusk,20.5937,78.9629,Morning
Coimbatore,31-50,Low Risk,No distancing,Cycle,Rainy,National Highway,Wet,Dawn,20.5937,78.9629,Morning
Coimbatore,18-30,Low Risk,Overspeed,Auto-Rickshaw,Clear,Highways,Normal,Daylight,20.5937,78.9629,Morning
Coimbatore,18-30,Low Risk,No distancing,Pedestrian,Stormy,Urban Road,Dry,Dark,20.5937,78.9629,Night