Million_Plus_Cities,Age_band_of_driver,Accident_severity,Cause_of_accident,Vehicle Type Involved,Weather Conditions,Road Type,Road Condition,Lighting Conditions,Latitude,Longitude,Time_Block
Delhi,31-50,Low Risk,Driving carelessly,Cycle,Clear,National Highway,Normal,Dark,28.6139,77.209,Night
Delhi,31-50,Low Risk,No distancing,Auto-Rickshaw,Clear,Village Road,Damaged,Dusk,28.6139,77.209,Evening
Delhi,31-50,Low Risk,No distancing,Cycle,Stormy,Urban Road,Under Construction,Daylight,28.6139,77.209,Morning
Delhi,50+,Low Risk,No distancing,Pedestrian,Clear,Urban Road,Dry,Daylight,28.6139,77.209,Afternoon
Delhi,18-30,Low Risk,Changing lane to the right,Two-Wheeler,Hazy,Urban Road,Damaged,Dark,28.6139,77.209,Morning
Delhi,18-30,Medium Risk,No distancing,Car,Clear,Highways,Normal,Daylight,28.6139,77.209,Night
Delhi,31-50,Low Risk,No priority to vehicle,Auto-Rickshaw,Foggy,National Highway,Under Construction,Dusk,28.6139,77.209,Evening
Delhi,18-30,Low Risk,Changing lane to the left,Bus,Clear,National Highway,Under Construction,Daylight,28.6139,77.209,Night
Delhi,18-30,Low Risk,Moving Backward,Pedestrian,Clear,Village Road,Wet,Daylight,28.6139,77.209,Evening
Delhi,31-50,Low Risk,Driving carelessly,Pedestrian,Clear,Village Road,Dry,Daylight,28.6139,77.209,Night
Delhi,18-30,Low Risk,Changing lane to the left,Car,Hazy,Village Road,Dry,Dusk,28.6139,77.209,Night
Delhi,31-50,Low Risk,No priority to pedestrian,Pedestrian,Hazy,Village Road,Under Construction,Daylight,28.6139,77.209,Evening
Delhi,18-30,Low Risk,No distancing,Bus,Foggy,National Highway,Wet,Dark,28.6139,77.209,Morning
Delhi,18-30,Low Risk,No distancing,Cycle,Clear,State Highway,Under Construction,Dawn,28.6139,77.209,Morning
Delhi,31-50,Low Risk,Overturning,Two-Wheeler,Clear,State Highway,Dry,Dusk,28.6139,77.209,Morning
Delhi,31-50,Low Risk,No distancing,Pedestrian,Hazy,Highways,Normal,Daylight,28.6139,77.209,Evening
Madurai,18-30,Low Risk,Drunk driving,Car,Foggy,Highways,Normal,Daylight,20.5937,78.9629,Evening
Delhi,18-30,Low Risk,Moving Backward,Auto-Rickshaw,Rainy,State Highway,Normal,Daylight,28.6139,77.209,Afternoon
Delhi,18-30,Low Risk,No priority to pedestrian,Pedestrian,Clear,Highways,Normal,Dawn,28.6139,77.209,Morning
Delhi,18-30,Low Risk,Changing lane to the left,Car,Foggy,State Highway,Wet,Daylight,28.6139,77.209,Morning
Delhi,31-50,Low Risk,Changing lane to the left,Car,Stormy,Village Road,Dry,Daylight,28.6139,77.209,Morning
Delhi,31-50,Low Risk,Getting off the vehicle improperly,Truck,Stormy,Highways,Normal,Dusk,28.6139,77.209,Afternoon
Delhi,18-30,Low Risk,No distancing,Car,Foggy,Village Road,Damaged,Dawn,28.6139,77.209,Afternoon
Delhi,50+,Low Risk,Changing lane to the right,Cycle,Foggy,National Highway,Dry,Daylight,28.6139,77.209,Night
Delhi,18-30,Low Risk,Changing lane to the right,Cycle,Clear,Urban Road,Wet,Dawn,28.6139,77.209,Morning
Delhi,18-30,Low Risk,Moving Backward,Auto-Rickshaw,Hazy,Urban Road,Damaged,Dusk,28.6139,77.209,Night
Delhi,50+,Low Risk,Driving at high speed,Auto-Rickshaw,Stormy,Village Road,Normal,Dawn,28.6139,77.209,Morning
Delhi,18-30,Low Risk,Changing lane to the left,Cycle,Stormy,State Highway,Damaged,Daylight,28.6139,77.209,Night
Delhi,18-30,Low Risk,Changing lane to the right,Car,Clear,Village Road,Dry,Daylight,28.6139,77.209,Afternoon
Delhi,31-50,Low Risk,No distancing,Pedestrian,Clear,Highways,Normal,Dawn,28.6139,77.209,Morning
Nashik,18-30,Low Risk,Changing lane to the right,Truck,Foggy,Highways,Normal,Dawn,20.5937,78.9629,Evening
Dhanbad,50+,Low Risk,Changing lane to the right,Bus,Hazy,Village Road,Dry,Dawn,20.5937,78.9629,Morning
Dhanbad,18-30,Low Risk,No distancing,Pedestrian,Clear,Village Road,Wet,Dark,20.5937,78.9629,Afternoon
Dhanbad,18-30,Low Risk,Changing lane to the right,Auto-Rickshaw,Clear,Highways,Normal,Dusk,20.5937,78.9629,Morning
Dhanbad,50+,Low Risk,Driving carelessly,Bus,Clear,National Highway,Under Construction,Dusk,20.5937,78.9629,Evening
Dhanbad,50+,Low Risk,Driving carelessly,Car,Clear,Village Road,Under Construction,Dusk,20.5937,78.9629,Morning
Dhanbad,18-30,Low Risk,Changing lane to the right,Auto-Rickshaw,Clear,National Highway,Dry,Daylight,20.5937,78.9629,Evening
Dhanbad,18-30,Low Risk,Overturning,Two-Wheeler,Rainy,Urban Road,Dry,Daylight,20.5937,78.9629,Afternoon
Dhanbad,31-50,Low Risk,Changing lane to the right,Car,Clear,National Highway,Wet,Daylight,20.5937,78.9629,Morning
Kochi,18-30,Low Risk,Moving Backward,Auto-Rickshaw,Clear,Highways,Normal,Dusk,20.5937,78.9629,Afternoon
Dhanbad,31-50,Low Risk,No distancing,Truck,Hazy,National Highway,Wet,Dark,20.5937,78.9629,Night
Dhanbad,50+,Low Risk,Overturning,Pedestrian,Clear,Urban Road,Damaged,Daylight,20.5937,78.9629,Morning
Dhanbad,18-30,Low Risk,Driving carelessly,Two-Wheeler,Hazy,Urban Road,Dry,Dusk,20.5937,78.9629,Morning
Dhanbad,18-30,Low Risk,Changing lane to the right,Truck,Clear,State Highway,Normal,Dawn,20.5937,78.9629,Night
Dhanbad,31-50,Low Risk,Driving at high speed,Bus,Rainy,Urban Road,Wet,Daylight,20.5937,78.9629,Morning
Dhanbad,18-30,Low Risk,Changing lane to the left,Pedestrian,Rainy,Village Road,Wet,Dark,20.5937,78.9629,Afternoon
Dhanbad,31-50,Low Risk,Driving carelessly,Truck,Foggy,Highways,Normal,Daylight,20.5937,78.9629,Morning
Dhanbad,18-30,Low Risk,No distancing,Pedestrian,Hazy,State Highway,Damaged,Daylight,20.5937,78.9629,Night
Dhanbad,18-30,Low Risk,Moving Backward,Auto-Rickshaw,Clear,State Highway,Damaged,Daylight,20.5937,78.9629,Night
Pune,50+,Low Risk,No priority to pedestrian,Car,Foggy,Highways,Normal,Dark,18.5204,73.8567,Afternoon
Dhanbad,31-50,Low Risk,Moving Backward,Car,Clear,National Highway,Damaged,Daylight,20.5937,78.9629,Morning
Dhanbad,18-30,Low Risk,Changing lane to the right,Car,Rainy,Highways,Normal,Daylight,20.5937,78.9629,Afternoon
Amritsar,50+,Low Risk,No distancing,Cycle,Foggy,Highways,Normal,Daylight,20.5937,78.9629,Morning
Dhanbad,18-30,Low Risk,Drunk driving,Auto-Rickshaw,Clear,National Highway,Under Construction,Dark,20.5937,78.9629,Morning
Dhanbad,31-50,Low Risk,Changing lane to the right,Two-Wheeler,Clear,State Highway,Damaged,Dawn,20.5937,78.9629,Night
Dhanbad,31-50,Low Risk,Driving carelessly,Bus,Clear,National Highway,Wet,Daylight,20.5937,78.9629,Morning
Allahabad(Prayagraj),18-30,Low Risk,Driving to the left,Car,Clear,Highways,Normal,Dusk,20.5937,78.9629,Evening
Dhanbad,31-50,Low Risk,Changing lane to the right,Truck,Hazy,National Highway,Wet,Dawn,20.5937,78.9629,Night
Dhanbad,18-30,Low Risk,Changing lane to the right,Cycle,Clear,Highways,Normal,Daylight,20.5937,78.9629,Evening
Dhanbad,18-30,Medium Risk,Driving carelessly,Auto-Rickshaw,Hazy,State Highway,Normal,Dark,20.5937,78.9629,Morning
Faridabad,31-50,Low Risk,Changing lane to the left,Two-Wheeler,Clear,Village Road,Wet,Daylight,20.5937,78.9629,Night
Faridabad,31-50,Low Risk,No priority to vehicle,Cycle,Clear,National Highway,Dry,Daylight,20.5937,78.9629,Afternoon
Faridabad,18-30,Low Risk,Driving carelessly,Car,Foggy,State Highway,Damaged,Dawn,20.5937,78.9629,Afternoon
Faridabad,50+,Low Risk,Changing lane to the right,Two-Wheeler,Stormy,Urban Road,Damaged,Daylight,20.5937,78.9629,Night
Faridabad,18-30,Low Risk,Driving carelessly,Cycle,Clear,Urban Road,Damaged,Daylight,20.5937,78.9629,Night
Faridabad,50+,Low Risk,Driving under the influence of drugs,Pedestrian,Stormy,State Highway,Wet,Dawn,20.5937,78.9629,Night
Faridabad,31-50,Low Risk,No distancing,Truck,Clear,Highways,Normal,Daylight,20.5937,78.9629,Morning
Faridabad,31-50,Low Risk,Changing lane to the left,Truck,Clear,National Highway,Wet,Daylight,20.5937,78.9629,Night
Bengaluru,18-30,Low Risk,No priority to vehicle,Cycle,Foggy,Highways,Normal,Dark,12.9716,77.5946,Night
Faridabad,18-30,Low Risk,Moving Backward,Car,Stormy,Village Road,Damaged,Daylight,20.5937,78.9629,Night
Faridabad,18-30,Low Risk,Moving Backward,Truck,Hazy,Urban Road,Dry,Daylight,20.5937,78.9629,Evening
Faridabad,18-30,Low Risk,No distancing,Bus,Clear,Highways,Normal,Daylight,20.5937,78.9629,Evening
Faridabad,18-30,Low Risk,Changing lane to the right,Cycle,Clear,Urban Road,Dry,Dawn,20.5937,78.9629,Evening
Faridabad,50+,Low Risk,Changing lane to the right,Auto-Rickshaw,Rainy,State Highway,Dry,Daylight,20.5937,78.9629,Morning
Amritsar,31-50,Medium Risk,Moving Backward,Car,Hazy,Highways,Normal,Daylight,20.5937,78.9629,Night
Faridabad,31-50,Low Risk,Driving carelessly,Car,Stormy,Highways,Normal,Dusk,20.5937,78.9629,Night
Faridabad,31-50,Low Risk,Driving under the influence of drugs,Pedestrian,Hazy,Urban Road,Dry,Dusk,20.5937,78.9629,Night
Faridabad,31-50,Low Risk,No distancing,Auto-Rickshaw,Foggy,Highways,Normal,Daylight,20.5937,78.9629,Morning
Faridabad,31-50,Low Risk,No distancing,Two-Wheeler,Clear,National Highway,Dry,Daylight,20.5937,78.9629,Evening
Faridabad,50+,Low Risk,No priority to vehicle,Car,Clear,Urban Road,Normal,Daylight,20.5937,78.9629,Afternoon
Faridabad,31-50,Low Risk,Driving to the left,Pedestrian,Stormy,National Highway,Under Construction,Daylight,20.5937,78.9629,Afternoon
Tiruchirapalli,31-50,Low Risk,No priority to vehicle,Bus,Clear,Highways,Normal,Daylight,20.5937,78.9629,Afternoon
Faridabad,18-30,Low Risk,No priority to vehicle,Truck,Hazy,State Highway,Dry,Daylight,20.5937,78.9629,Night
Faridabad,18-30,Low Risk,No priority to vehicle,Bus,Clear,Highways,Normal,Dawn,20.5937,78.9629,Morning
Faridabad,18-30,Low Risk,No distancing,Pedestrian,Clear,Village Road,Under Construction,Daylight,20.5937,78.9629,Morning
Faridabad,31-50,Low Risk,Moving Backward,Pedestrian,Clear,Highways,Normal,Daylight,20.5937,78.9629,Evening
Nashik,18-30,Low Risk,Changing lane to the right,Truck,Clear,Highways,Normal,Daylight,20.5937,78.9629,Night
Faridabad,31-50,Medium Risk,Driving carelessly,Cycle,Rainy,Highways,Normal,Dawn,20.5937,78.9629,Night
Faridabad,31-50,Medium Risk,Changing lane to the left,Pedestrian,Foggy,Highways,Normal,Dusk,20.5937,78.9629,Afternoon
Faridabad,18-30,Low Risk,No distancing,Cycle,Stormy,Highways,Normal,Daylight,20.5937,78.9629,Evening
Ghaziabad,18-30,Low Risk,Changing lane to the right,Bus,Rainy,State Highway,Wet,Dawn,20.5937,78.9629,Evening
Rajkot,18-30,Low Risk,Driving under the influence of drugs,Two-Wheeler,Hazy,Highways,Normal,Dark,20.5937,78.9629,Night
Ghaziabad,18-30,Medium Risk,No distancing,Cycle,Clear,Urban Road,Under Construction,Daylight,20.5937,78.9629,Morning
Ghaziabad,18-30,Medium Risk,Overturning,Pedestrian,Rainy,State Highway,Wet,Dusk,20.5937,78.9629,Morning
Ghaziabad,18-30,Medium Risk,No distancing,Auto-Rickshaw,Clear,Village Road,Damaged,Daylight,20.5937,78.9629,Night
Ghaziabad,18-30,Low Risk,Changing lane to the right,Pedestrian,Hazy,State Highway,Damaged,Daylight,20.5937,78.9629,Morning
Ghaziabad,31-50,Medium Risk,No priority to vehicle,Auto-Rickshaw,Hazy,Village Road,Normal,Daylight,20.5937,78.9629,Night
Ghaziabad,50+,Low Risk,Changing lane to the right,Pedestrian,Stormy,National Highway,Dry,Daylight,20.5937,78.9629,Night
Ghaziabad,18-30,Low Risk,Changing lane to the left,Car,Clear,Village Road,Wet,Dawn,20.5937,78.9629,Night
Ghaziabad,18-30,Low Risk,No distancing,Auto-Rickshaw,Stormy,Village Road,Wet,Daylight,20.5937,78.9629,Night
Ghaziabad,31-50,Low Risk,No priority to pedestrian,Car,Stormy,State Highway,Wet,Dawn,20.5937,78.9629,Afternoon
Ghaziabad,18-30,Low Risk,Driving carelessly,Car,Stormy,Urban Road,Damaged,Daylight,20.5937,78.9629,Night
Ghaziabad,31-50,Medium Risk,No distancing,Pedestrian,Foggy,Highways,Normal,Daylight,20.5937,78.9629,Night
Ghaziabad,18-30,Low Risk,Driving carelessly,Pedestrian,Clear,Highways,Normal,Dawn,20.5937,78.9629,Night
Ghaziabad,31-50,Low Risk,Driving carelessly,Pedestrian,Clear,National Highway,Dry,Dark,20.5937,78.9629,Afternoon
Ghaziabad,18-30,Low Risk,Moving Backward,Pedestrian,Rainy,State Highway,Dry,Dusk,20.5937,78.9629,Night
Ghaziabad,18-30,Low Risk,Overtaking,Two-Wheeler,Stormy,Urban Road,Dry,Daylight,20.5937,78.9629,Afternoon
Ghaziabad,18-30,Medium Risk,No priority to vehicle,Pedestrian,Rainy,National Highway,Wet,Dark,20.5937,78.9629,Afternoon
Ghaziabad,18-30,Medium Risk,No priority to vehicle,Car,Stormy,Highways,Normal,Dark,20.5937,78.9629,Morning
Ghaziabad,31-50,Low Risk,Changing lane to the left,Two-Wheeler,Stormy,Village Road,Dry,Daylight,20.5937,78.9629,Evening
Allahabad(Prayagraj),31-50,Low Risk,No priority to vehicle,Car,Clear,Highways,Normal,Daylight,20.5937,78.9629,Evening
Ghaziabad,50+,Low Risk,No distancing,Auto-Rickshaw,Foggy,State Highway,Dry,Dawn,20.5937,78.9629,Morning
Ghaziabad,31-50,Low Risk,Moving Backward,Car,Clear,Urban Road,Dry,Dusk,20.5937,78.9629,Evening
Ghaziabad,18-30,Low Risk,Changing lane to the right,Bus,Clear,State Highway,Under Construction,Daylight,20.5937,78.9629,Afternoon
Ghaziabad,18-30,Low Risk,No distancing,Auto-Rickshaw,Stormy,National Highway,Dry,Daylight,20.5937,78.9629,Morning
Ghaziabad,18-30,Low Risk,Overtaking,Pedestrian,Stormy,Highways,Normal,Daylight,20.5937,78.9629,Evening
Ghaziabad,31-50,Low Risk,No distancing,Auto-Rickshaw,Clear,Village Road,Damaged,Dark,20.5937,78.9629,Evening
Ghaziabad,31-50,Medium Risk,Changing lane to the left,Two-Wheeler,Clear,National Highway,Under Construction,Daylight,20.5937,78.9629,Night
Ghaziabad,31-50,Low Risk,Driving under the influence of drugs,Car,Rainy,Village Road,Under Construction,Daylight,20.5937,78.9629,Morning
Ghaziabad,31-50,Low Risk,No distancing,Auto-Rickshaw,Rainy,Highways,Normal,Daylight,20.5937,78.9629,Afternoon
Ludhiana,31-50,Low Risk,No distancing,Bus,Clear,Highways,Normal,Dusk,20.5937,78.9629,Morning
Gwalior,18-30,Low Risk,Changing lane to the right,Auto-Rickshaw,Hazy,Village Road,Wet,Daylight,20.5937,78.9629,Night
Gwalior,18-30,Low Risk,Changing lane to the left,Two-Wheeler,Hazy,State Highway,Wet,Daylight,20.5937,78.9629,Morning
Gwalior,18-30,Low Risk,Moving Backward,Auto-Rickshaw,Hazy,Urban Road,Wet,Dark,20.5937,78.9629,Night
Gwalior,31-50,Low Risk,No distancing,Bus,Rainy,State Highway,Damaged,Dusk,20.5937,78.9629,Night
Kanpur,18-30,Medium Risk,No distancing,Truck,Clear,Highways,Normal,Daylight,26.4499,80.3319,Morning
Gwalior,31-50,Low Risk,Driving carelessly,Pedestrian,Clear,Urban Road,Dry,Dawn,20.5937,78.9629,Morning
Gwalior,18-30,Low Risk,Moving Backward,Truck,Clear,Village Road,Wet,Daylight,20.5937,78.9629,Morning
Chandigarh,31-50,Low Risk,No distancing,Two-Wheeler,Hazy,Highways,Normal,Daylight,20.5937,78.9629,Evening
Gwalior,18-30,Low Risk,Changing lane to the right,Auto-Rickshaw,Clear,National Highway,Damaged,Dusk,20.5937,78.9629,Afternoon
Gwalior,18-30,Low Risk,Driving carelessly,Auto-Rickshaw,Clear,Urban Road,Damaged,Dawn,20.5937,78.9629,Night
Gwalior,18-30,Low Risk,Driving to the left,Cycle,Clear,State Highway,Under Construction,Daylight,20.5937,78.9629,Morning
Mallapuram,18-30,Low Risk,Changing lane to the right,Car,Stormy,Highways,Normal,Daylight,20.5937,78.9629,Morning
Gwalior,18-30,Low Risk,Driving carelessly,Cycle,Stormy,Highways,Normal,Dawn,20.5937,78.9629,Morning
Gwalior,18-30,Low Risk,Changing lane to the right,Pedestrian,Stormy,National Highway,Wet,Daylight,20.5937,78.9629,Night
Gwalior,31-50,Low Risk,No priority to vehicle,Two-Wheeler,Clear,National Highway,Damaged,Daylight,20.5937,78.9629,Night
Gwalior,31-50,Low Risk,Changing lane to the right,Auto-Rickshaw,Stormy,Urban Road,Damaged,Daylight,20.5937,78.9629,Night
Gwalior,31-50,Low Risk,Turnover,Cycle,Rainy,National Highway,Normal,Dark,20.5937,78.9629,Afternoon
Coimbatore,31-50,Low Risk,No priority to vehicle,Two-Wheeler,Clear,Highways,Normal,Dark,20.5937,78.9629,Night
Gwalior,18-30,Low Risk,Driving at high speed,Car,Clear,Village Road,Under Construction,Daylight,20.5937,78.9629,Afternoon
Gwalior,50+,Medium Risk,No distancing,Car,Rainy,Highways,Normal,Daylight,20.5937,78.9629,Morning
Gwalior,18-30,Low Risk,No distancing,Cycle,Clear,Village Road,Wet,Daylight,20.5937,78.9629,Night
Gwalior,31-50,Low Risk,Driving carelessly,Bus,Clear,Highways,Normal,Dusk,20.5937,78.9629,Evening
Coimbatore,18-30,Low Risk,Driving carelessly,Two-Wheeler,Clear,Highways,Normal,Dawn,20.5937,78.9629,Morning
Gwalior,18-30,Low Risk,Moving Backward,Two-Wheeler,Clear,National Highway,Dry,Dusk,20.5937,78.9629,Night
Gwalior,31-50,Low Risk,No distancing,Car,Stormy,National Highway,Dry,Dark,20.5937,78.9629,Morning
Gwalior,18-30,Low Risk,Changing lane to the right,Cycle,Clear,Urban Road,Under Construction,Dusk,20.5937,78.9629,Morning
Thrissur,18-30,Low Risk,Overtaking,Car,Stormy,Highways,Normal,Daylight,20.5937,78.9629,Morning
Agra,31-50,Medium Risk,No distancing,Car,Foggy,Highways,Normal,Daylight,27.1767,78.0081,Afternoon
Gwalior,31-50,Low Risk,Overtaking,Truck,Clear,Village Road,Damaged,Dawn,20.5937,78.9629,Morning
Hyderabad,18-30,Low Risk,Moving Backward,Cycle,Clear,State Highway,Damaged,Daylight,17.385,78.4867,Night
Hyderabad,18-30,Low Risk,No distancing,Truck,Clear,Village Road,Under Construction,Dark,17.385,78.4867,Evening
Hyderabad,18-30,Low Risk,No distancing,Two-Wheeler,Clear,Village Road,Dry,Dark,17.385,78.4867,Night
Kota,18-30,Low Risk,No priority to vehicle,Two-Wheeler,Clear,Highways,Normal,Daylight,20.5937,78.9629,Night
Hyderabad,31-50,Low Risk,No priority to vehicle,Car,Clear,State Highway,Damaged,Dark,17.385,78.4867,Night
Mallapuram,31-50,Medium Risk,Changing lane to the left,Car,Stormy,Highways,Normal,Daylight,20.5937,78.9629,Night
Hyderabad,31-50,Low Risk,No distancing,Two-Wheeler,Foggy,Village Road,Wet,Dark,17.385,78.4867,Afternoon
Hyderabad,18-30,Low Risk,Driving under the influence of drugs,Auto-Rickshaw,Hazy,Village Road,Damaged,Daylight,17.385,78.4867,Afternoon
Hyderabad,18-30,Low Risk,Changing lane to the left,Auto-Rickshaw,Clear,Highways,Normal,Daylight,17.385,78.4867,Afternoon
Hyderabad,50+,Medium Risk,Changing lane to the right,Car,Clear,Urban Road,Damaged,Dark,17.385,78.4867,Afternoon
Hyderabad,18-30,Medium Risk,Driving to the left,Car,Clear,Village Road,Damaged,Dusk,17.385,78.4867,Night
Hyderabad,18-30,Medium Risk,Driving at high speed,Car,Rainy,National Highway,Under Construction,Daylight,17.385,78.4867,Morning
Hyderabad,18-30,Medium Risk,Overtaking,Auto-Rickshaw,Clear,State Highway,Wet,Daylight,17.385,78.4867,Morning
Hyderabad,18-30,Medium Risk,Changing lane to the right,Car,Clear,Urban Road,Dry,Daylight,17.385,78.4867,Evening
Nagpur,31-50,Low Risk,Changing lane to the right,Auto-Rickshaw,Clear,Highways,Normal,Dark,20.5937,78.9629,Night
Hyderabad,18-30,Low Risk,Moving Backward,Two-Wheeler,Stormy,Highways,Normal,Dark,17.385,78.4867,Morning
Hyderabad,31-50,Low Risk,Moving Backward,Cycle,Clear,Highways,Normal,Dawn,17.385,78.4867,Evening
Hyderabad,18-30,Low Risk,Changing lane to the left,Pedestrian,Foggy,Village Road,Wet,Dark,17.385,78.4867,Afternoon
Hyderabad,18-30,Medium Risk,Moving Backward,Car,Stormy,State Highway,Dry,Dawn,17.385,78.4867,Morning
Hyderabad,18-30,Medium Risk,No distancing,Two-Wheeler,Hazy,Village Road,Wet,Dawn,17.385,78.4867,Night
Hyderabad,18-30,Medium Risk,Moving Backward,Car,Clear,National Highway,Dry,Daylight,17.385,78.4867,Afternoon
Hyderabad,18-30,Medium Risk,Changing lane to the right,Cycle,Clear,National Highway,Damaged,Dark,17.385,78.4867,Night
Hyderabad,18-30,Low Risk,Changing lane to the left,Car,Hazy,Highways,Normal,Dawn,17.385,78.4867,Evening
Hyderabad,18-30,Medium Risk,No priority to vehicle,Cycle,Rainy,Highways,Normal,Daylight,17.385,78.4867,Morning
Hyderabad,18-30,Low Risk,No distancing,Pedestrian,Clear,Highways,Normal,Dawn,17.385,78.4867,Night
Hyderabad,18-30,Low Risk,No priority to vehicle,Auto-Rickshaw,Foggy,National Highway,Under Construction,Daylight,17.385,78.4867,Night
Hyderabad,18-30,Medium Risk,Driving under the influence of drugs,Two-Wheeler,Foggy,State Highway,Damaged,Dark,17.385,78.4867,Afternoon
Hyderabad,31-50,Low Risk,Changing lane to the right,Pedestrian,Hazy,Highways,Normal,Dawn,17.385,78.4867,Afternoon
Chandigarh,18-30,Low Risk,No distancing,Car,Clear,Highways,Normal,Daylight,20.5937,78.9629,Morning
Hyderabad,18-30,Low Risk,No distancing,Pedestrian,Rainy,Highways,Normal,Dawn,17.385,78.4867,Afternoon
Indore,31-50,Low Risk,Changing lane to the left,Auto-Rickshaw,Hazy,Village Road,Dry,Dusk,20.5937,78.9629,Afternoon
Indore,18-30,Low Risk,Changing lane to the right,Pedestrian,Clear,Village Road,Damaged,Daylight,20.5937,78.9629,Night
Indore,50+,Low Risk,Changing lane to the right,Truck,Clear,Highways,Normal,Dusk,20.5937,78.9629,Morning
Indore,18-30,Low Risk,Driving under the influence of drugs,Two-Wheeler,Clear,Urban Road,Under Construction,Dusk,20.5937,78.9629,Night
Tiruchirapalli,50+,Low Risk,Moving Backward,Pedestrian,Rainy,Highways,Normal,Dawn,20.5937,78.9629,Evening
Indore,31-50,Low Risk,Changing lane to the left,Car,Clear,Village Road,Wet,Dark,20.5937,78.9629,Night
Indore,18-30,Low Risk,No priority to pedestrian,Bus,Clear,State Highway,Normal,Daylight,20.5937,78.9629,Night
Indore,18-30,Low Risk,No distancing,Two-Wheeler,Stormy,Urban Road,Normal,Dark,20.5937,78.9629,Night
Indore,18-30,Low Risk,No distancing,Auto-Rickshaw,Hazy,State Highway,Wet,Dusk,20.5937,78.9629,Evening
Indore,18-30,Low Risk,Changing lane to the left,Auto-Rickshaw,Stormy,State Highway,Wet,Dusk,20.5937,78.9629,Afternoon
Indore,18-30,Low Risk,Changing lane to the right,Cycle,Clear,State Highway,Under Construction,Dawn,20.5937,78.9629,Night
Dhanbad,18-30,Low Risk,Driving carelessly,Two-Wheeler,Clear,Highways,Normal,Daylight,20.5937,78.9629,Night
Indore,31-50,Low Risk,No distancing,Pedestrian,Clear,Highways,Normal,Daylight,20.5937,78.9629,Afternoon
Indore,50+,Low Risk,Changing lane to the left,Two-Wheeler,Clear,Village Road,Under Construction,Daylight,20.5937,78.9629,Night
Indore,18-30,Low Risk,Moving Backward,Two-Wheeler,Rainy,Highways,Normal,Daylight,20.5937,78.9629,Evening
Indore,31-50,Medium Risk,No distancing,Car,Hazy,State Highway,Damaged,Dark,20.5937,78.9629,Morning
Rajkot,18-30,Medium Risk,No priority to pedestrian,Car,Clear,Highways,Normal,Daylight,20.5937,78.9629,Morning
Nagpur,18-30,Low Risk,Changing lane to the left,Pedestrian,Rainy,Highways,Normal,Dark,20.5937,78.9629,Afternoon
Indore,31-50,Low Risk,No distancing,Bus,Clear,State Highway,Damaged,Dark,20.5937,78.9629,Morning
Indore,18-30,Low Risk,Driving carelessly,Truck,Clear,Village Road,Wet,Dusk,20.5937,78.9629,Night
Indore,31-50,Low Risk,No priority to vehicle,Cycle,Foggy,National Highway,Normal,Dawn,20.5937,78.9629,Evening
Indore,18-30,Low Risk,Changing lane to the right,Cycle,Clear,State Highway,Wet,Dawn,20.5937,78.9629,Evening
Indore,18-30,Low Risk,Moving Backward,Truck,Clear,Highways,Normal,Dusk,20.5937,78.9629,Afternoon
Indore,18-30,Low Risk,No priority to vehicle,Truck,Clear,National Highway,Wet,Daylight,20.5937,78.9629,Night
Indore,18-30,Low Risk,No priority to pedestrian,Auto-Rickshaw,Hazy,Village Road,Dry,Daylight,20.5937,78.9629,Night
Meerut,18-30,Medium Risk,Changing lane to the left,Car,Rainy,Highways,Normal,Dawn,20.5937,78.9629,Morning
Raipur,18-30,Low Risk,Changing lane to the left,Cycle,Clear,Highways,Normal,Dark,20.5937,78.9629,Evening
Indore,18-30,Low Risk,Driving under the influence of drugs,Pedestrian,Foggy,Highways,Normal,Dawn,20.5937,78.9629,Evening
Indore,50+,Low Risk,Moving Backward,Car,Stormy,State Highway,Damaged,Dark,20.5937,78.9629,Afternoon
Indore,18-30,Low Risk,Changing lane to the right,Truck,Foggy,National Highway,Wet,Dark,20.5937,78.9629,Night
Jabalpur,18-30,Low Risk,Changing lane to the right,Auto-Rickshaw,Clear,National Highway,Damaged,Dark,20.5937,78.9629,Night
Jaipur,18-30,Low Risk,No distancing,Auto-Rickshaw,Clear,Highways,Normal,Dawn,26.9124,75.7873,Night
Jaipur,18-30,Medium Risk,Moving Backward,Two-Wheeler,Stormy,Highways,Normal,Daylight,26.9124,75.7873,Afternoon
Jabalpur,31-50,Medium Risk,No distancing,Truck,Clear,National Highway,Wet,Daylight,20.5937,78.9629,Afternoon
Jabalpur,31-50,Low Risk,Driving carelessly,Bus,Clear,State Highway,Wet,Daylight,20.5937,78.9629,Afternoon
Jabalpur,31-50,Low Risk,No priority to pedestrian,Two-Wheeler,Clear,Urban Road,Under Construction,Daylight,20.5937,78.9629,Night
Jabalpur,18-30,Medium Risk,No priority to vehicle,Two-Wheeler,Rainy,Highways,Normal,Dawn,20.5937,78.9629,Evening
Jabalpur,31-50,Low Risk,Moving Backward,Two-Wheeler,Foggy,National Highway,Under Construction,Dusk,20.5937,78.9629,Afternoon
Jabalpur,31-50,Low Risk,Changing lane to the right,Car,Clear,Village Road,Wet,Dark,20.5937,78.9629,Morning
Srinagar,31-50,Low Risk,No distancing,Car,Hazy,Highways,Normal,Dusk,20.5937,78.9629,Afternoon
Jabalpur,31-50,Medium Risk,Driving carelessly,Cycle,Clear,Highways,Normal,Dark,20.5937,78.9629,Night
Asansol Durgapur,31-50,Low Risk,Changing lane to the left,Bus,Rainy,Highways,Normal,Daylight,20.5937,78.9629,Evening