Million_Plus_Cities,Age_band_of_driver,Accident_severity,Cause_of_accident,Vehicle Type Involved,Weather Conditions,Road Type,Road Condition,Lighting Conditions,Latitude,Longitude,Time_Block
Jabalpur,50+,Low Risk,Moving Backward,Car,Hazy,State Highway,Under Construction,Daylight,20.5937,78.9629,Night
Jabalpur,18-30,Low Risk,No distancing,Cycle,Hazy,Highways,Normal,Daylight,20.5937,78.9629,Afternoon
Jabalpur,18-30,Low Risk,Changing lane to the right,Two-Wheeler,Stormy,State Highway,Normal,Daylight,20.5937,78.9629,Evening
Jabalpur,18-30,Low Risk,No priority to vehicle,Car,Clear,National Highway,Damaged,Dawn,20.5937,78.9629,Afternoon
Jabalpur,31-50,Low Risk,Getting off the vehicle improperly,Auto-Rickshaw,Foggy,Urban Road,Under Construction,Daylight,20.5937,78.9629,Night
Meerut,31-50,Low Risk,No distancing,Car,Clear,Highways,Normal,Dark,20.5937,78.9629,Night
Jabalpur,31-50,Low Risk,No distancing,Cycle,Rainy,Highways,Normal,Daylight,20.5937,78.9629,Evening
Jabalpur,18-30,Medium Risk,Changing lane to the left,Cycle,Clear,Highways,Normal,Dusk,20.5937,78.9629,Night
Jabalpur,31-50,Low Risk,No priority to vehicle,Car,Foggy,Highways,Normal,Dusk,20.5937,78.9629,Morning
Jabalpur,18-30,Low Risk,Driving carelessly,Bus,Stormy,National Highway,Under Construction,Daylight,20.5937,78.9629,Night
Jabalpur,31-50,Medium Risk,Changing lane to the right,Cycle,Rainy,Village Road,Damaged,Dusk,20.5937,78.9629,Morning
Jabalpur,31-50,Medium Risk,No distancing,Auto-Rickshaw,Rainy,National Highway,Dry,Dusk,20.5937,78.9629,Night
Jabalpur,18-30,Low Risk,Changing lane to the right,Auto-Rickshaw,Clear,Urban Road,Damaged,Dusk,20.5937,78.9629,Afternoon
Jabalpur,18-30,Low Risk,No distancing,Cycle,Foggy,Urban Road,Under Construction,Daylight,20.5937,78.9629,Evening
Jabalpur,18-30,Medium Risk,Driving under the influence of drugs,Car,Stormy,Highways,Normal,Dusk,20.5937,78.9629,Morning
Gwalior,18-30,Medium Risk,Changing lane to the left,Bus,Rainy,Highways,Normal,Dawn,20.5937,78.9629,Night
Jabalpur,31-50,Medium Risk,Getting off the vehicle improperly,Auto-Rickshaw,Clear,State Highway,Under Construction,Daylight,20.5937,78.9629,Evening
Jabalpur,31-50,Medium Risk,Overloading,Two-Wheeler,Clear,Village Road,Damaged,Daylight,20.5937,78.9629,Night
Jaipur,50+,Low Risk,Driving carelessly,Cycle,Clear,Highways,Normal,Dawn,26.9124,75.7873,Night
Bengaluru,31-50,Low Risk,Overtaking,Cycle,Stormy,Highways,Normal,Daylight,12.9716,77.5946,Afternoon
Jaipur,18-30,Low Risk,No distancing,Two-Wheeler,Clear,National Highway,Damaged,Dawn,26.9124,75.7873,Morning
Jaipur,18-30,Medium Risk,Overturning,Two-Wheeler,Clear,Urban Road,Dry,Daylight,26.9124,75.7873,Morning
Jaipur,18-30,Medium Risk,Driving carelessly,Pedestrian,Clear,Urban Road,Dry,Dark,26.9124,75.7873,Morning
Jaipur,18-30,Medium Risk,No priority to pedestrian,Car,Clear,State Highway,Damaged,Daylight,26.9124,75.7873,Morning
Jaipur,18-30,Medium Risk,No distancing,Auto-Rickshaw,Clear,Highways,Normal,Dusk,26.9124,75.7873,Morning
Jaipur,18-30,Low Risk,No priority to vehicle,Two-Wheeler,Clear,Highways,Normal,Daylight,26.9124,75.7873,Night
Dhanbad,31-50,Medium Risk,Getting off the vehicle improperly,Auto-Rickshaw,Clear,Highways,Normal,Dark,20.5937,78.9629,Afternoon
Pune,31-50,Low Risk,No priority to pedestrian,Cycle,Clear,Highways,Normal,Dark,18.5204,73.8567,Night
Mallapuram,18-30,Low Risk,Changing lane to the right,Bus,Stormy,Highways,Normal,Daylight,20.5937,78.9629,Evening
Jaipur,18-30,Low Risk,Moving Backward,Two-Wheeler,Clear,National Highway,Normal,Dark,26.9124,75.7873,Morning
Jaipur,18-30,Low Risk,Changing lane to the left,Car,Rainy,Highways,Normal,Daylight,26.9124,75.7873,Afternoon
Jaipur,50+,Low Risk,No distancing,Truck,Clear,National Highway,Damaged,Dusk,26.9124,75.7873,Morning
Jaipur,31-50,Medium Risk,Driving carelessly,Car,Foggy,State Highway,Wet,Dark,26.9124,75.7873,Evening
Jaipur,18-30,Medium Risk,Driving under the influence of drugs,Car,Foggy,State Highway,Under Construction,Dark,26.9124,75.7873,Morning
Jaipur,18-30,Low Risk,Driving carelessly,Car,Clear,National Highway,Dry,Daylight,26.9124,75.7873,Morning
Jaipur,18-30,Low Risk,Driving carelessly,Car,Hazy,Urban Road,Dry,Dusk,26.9124,75.7873,Afternoon
Jaipur,18-30,Low Risk,Changing lane to the right,Auto-Rickshaw,Stormy,Highways,Normal,Dawn,26.9124,75.7873,Morning
Jaipur,18-30,Medium Risk,No distancing,Pedestrian,Clear,State Highway,Under Construction,Daylight,26.9124,75.7873,Morning
Jaipur,31-50,Low Risk,Driving carelessly,Pedestrian,Hazy,Urban Road,Under Construction,Daylight,26.9124,75.7873,Evening
Jaipur,31-50,Low Risk,No priority to pedestrian,Cycle,Stormy,National Highway,Dry,Daylight,26.9124,75.7873,Morning
Jaipur,31-50,Low Risk,No distancing,Auto-Rickshaw,Clear,State Highway,Damaged,Dark,26.9124,75.7873,Morning
Jaipur,18-30,Low Risk,Moving Backward,Cycle,Clear,Village Road,Wet,Dawn,26.9124,75.7873,Morning
Jaipur,18-30,Low Risk,Moving Backward,Auto-Rickshaw,Clear,National Highway,Dry,Dusk,26.9124,75.7873,Afternoon
Nagpur,18-30,Medium Risk,No priority to vehicle,Car,Clear,Highways,Normal,Daylight,20.5937,78.9629,Evening
Jaipur,18-30,Low Risk,No distancing,Cycle,Clear,Village Road,Wet,Dawn,26.9124,75.7873,Afternoon
Jaipur,50+,Low Risk,Moving Backward,Two-Wheeler,Stormy,National Highway,Wet,Daylight,26.9124,75.7873,Evening
Jaipur,18-30,Low Risk,Changing lane to the right,Car,Clear,Highways,Normal,Daylight,26.9124,75.7873,Night
Jaipur,18-30,Medium Risk,Moving Backward,Car,Clear,Village Road,Dry,Dark,26.9124,75.7873,Night
Jamshedpur,18-30,Medium Risk,Changing lane to the right,Car,Clear,National Highway,Damaged,Dark,20.5937,78.9629,Night
Jamshedpur,18-30,Low Risk,Driving carelessly,Truck,Foggy,National Highway,Under Construction,Dawn,20.5937,78.9629,Night
Jamshedpur,18-30,Low Risk,Changing lane to the right,Auto-Rickshaw,Foggy,State Highway,Wet,Daylight,20.5937,78.9629,Night
Thiruvanthapuram,18-30,Low Risk,No distancing,Car,Rainy,Highways,Normal,Dawn,20.5937,78.9629,Night
Jamshedpur,18-30,Medium Risk,Moving Backward,Two-Wheeler,Clear,Highways,Normal,Daylight,20.5937,78.9629,Night
Jamshedpur,18-30,Medium Risk,Driving carelessly,Bus,Clear,Highways,Normal,Daylight,20.5937,78.9629,Evening
Faridabad,18-30,Low Risk,No distancing,Car,Rainy,Highways,Normal,Dark,20.5937,78.9629,Night
Patna,31-50,Medium Risk,No priority to vehicle,Pedestrian,Foggy,Highways,Normal,Dawn,25.5941,85.1376,Night
Jamshedpur,50+,Low Risk,Changing lane to the right,Pedestrian,Rainy,National Highway,Under Construction,Dusk,20.5937,78.9629,Afternoon
Jamshedpur,31-50,Low Risk,Moving Backward,Cycle,Hazy,Highways,Normal,Dark,20.5937,78.9629,Evening
Jamshedpur,31-50,Low Risk,Driving under the influence of drugs,Two-Wheeler,Stormy,Urban Road,Under Construction,Dark,20.5937,78.9629,Morning
Jamshedpur,18-30,Low Risk,Changing lane to the right,Car,Clear,State Highway,Under Construction,Dawn,20.5937,78.9629,Afternoon
Jamshedpur,31-50,Low Risk,No priority to vehicle,Two-Wheeler,Foggy,National Highway,Wet,Dusk,20.5937,78.9629,Night
Chandigarh,31-50,Low Risk,Changing lane to the left,Bus,Rainy,Highways,Normal,Daylight,20.5937,78.9629,Evening
Jamshedpur,31-50,Low Risk,Driving carelessly,Car,Clear,Highways,Normal,Daylight,20.5937,78.9629,Morning
Jamshedpur,18-30,Low Risk,No priority to pedestrian,Auto-Rickshaw,Clear,Urban Road,Dry,Daylight,20.5937,78.9629,Afternoon
Jamshedpur,18-30,Low Risk,No priority to pedestrian,Car,Hazy,National Highway,Normal,Daylight,20.5937,78.9629,Evening
Jamshedpur,31-50,Low Risk,Changing lane to the right,Cycle,Foggy,Village Road,Dry,Dusk,20.5937,78.9629,Evening
Jamshedpur,18-30,Medium Risk,Drunk driving,Auto-Rickshaw,Foggy,State Highway,Dry,Daylight,20.5937,78.9629,Morning
Jamshedpur,18-30,Medium Risk,Changing lane to the left,Truck,Hazy,National Highway,Damaged,Dusk,20.5937,78.9629,Afternoon
Jamshedpur,31-50,Low Risk,Changing lane to the left,Car,Clear,Highways,Normal,Daylight,20.5937,78.9629,Afternoon
Raipur,18-30,Medium Risk,Driving to the left,Two-Wheeler,Clear,Highways,Normal,Daylight,20.5937,78.9629,Morning
Amritsar,31-50,Low Risk,Changing lane to the left,Pedestrian,Clear,Highways,Normal,Dark,20.5937,78.9629,Night
Jamshedpur,50+,Low Risk,Driving under the influence of drugs,Cycle,Foggy,National Highway,Damaged,Daylight,20.5937,78.9629,Morning
Jamshedpur,31-50,Low Risk,No priority to pedestrian,Bus,Hazy,Village Road,Damaged,Dusk,20.5937,78.9629,Evening
Jamshedpur,31-50,Medium Risk,Changing lane to the left,Two-Wheeler,Stormy,Highways,Normal,Dawn,20.5937,78.9629,Night
Jamshedpur,31-50,Low Risk,Moving Backward,Truck,Clear,State Highway,Wet,Daylight,20.5937,78.9629,Night
Jamshedpur,31-50,Medium Risk,No distancing,Car,Clear,Village Road,Wet,Daylight,20.5937,78.9629,Morning
Jaipur,31-50,Low Risk,Changing lane to the right,Cycle,Clear,Highways,Normal,Daylight,26.9124,75.7873,Night
Jamshedpur,18-30,Low Risk,No priority to vehicle,Two-Wheeler,Clear,Village Road,Under Construction,Dusk,20.5937,78.9629,Morning
Jodhpur,18-30,Low Risk,Moving Backward,Two-Wheeler,Clear,National Highway,Normal,Dark,20.5937,78.9629,Morning
Jodhpur,18-30,Low Risk,Overtaking,Car,Rainy,State Highway,Damaged,Dawn,20.5937,78.9629,Afternoon
Jodhpur,18-30,Low Risk,Changing lane to the left,Two-Wheeler,Rainy,State Highway,Under Construction,Daylight,20.5937,78.9629,Evening
Jodhpur,18-30,Low Risk,Changing lane to the right,Pedestrian,Stormy,Urban Road,Under Construction,Dark,20.5937,78.9629,Morning
Jodhpur,18-30,Low Risk,Overtaking,Car,Hazy,State Highway,Damaged,Daylight,20.5937,78.9629,Evening
Jodhpur,31-50,Low Risk,Overloading,Car,Clear,Urban Road,Under Construction,Daylight,20.5937,78.9629,Night
Jodhpur,18-30,Low Risk,Other,Cycle,Hazy,National Highway,Wet,Daylight,20.5937,78.9629,Afternoon
Jodhpur,18-30,Low Risk,No priority to vehicle,Car,Clear,Urban Road,Under Construction,Daylight,20.5937,78.9629,Morning
Jodhpur,18-30,Low Risk,Changing lane to the right,Car,Clear,State Highway,Wet,Dawn,20.5937,78.9629,Night
Ludhiana,50+,Medium Risk,Moving Backward,Auto-Rickshaw,Stormy,Highways,Normal,Dusk,20.5937,78.9629,Evening
Jodhpur,18-30,Low Risk,Changing lane to the left,Auto-Rickshaw,Stormy,National Highway,Wet,Dawn,20.5937,78.9629,Afternoon
Jodhpur,18-30,Medium Risk,No priority to pedestrian,Cycle,Stormy,Highways,Normal,Dusk,20.5937,78.9629,Night
Jodhpur,18-30,Low Risk,No distancing,Cycle,Clear,Urban Road,Damaged,Daylight,20.5937,78.9629,Afternoon
Jodhpur,18-30,Medium Risk,No priority to vehicle,Auto-Rickshaw,Clear,Highways,Normal,Dusk,20.5937,78.9629,Morning
Jodhpur,50+,Low Risk,No distancing,Car,Clear,State Highway,Normal,Dawn,20.5937,78.9629,Morning
Jodhpur,50+,Low Risk,No distancing,Car,Clear,Village Road,Damaged,Dusk,20.5937,78.9629,Night
Jodhpur,18-30,Low Risk,Moving Backward,Bus,Clear,Urban Road,Normal,Dawn,20.5937,78.9629,Morning
Jodhpur,18-30,Low Risk,Changing lane to the right,Auto-Rickshaw,Clear,Village Road,Under Construction,Dusk,20.5937,78.9629,Evening
Jodhpur,31-50,Low Risk,No priority to pedestrian,Car,Hazy,Highways,Normal,Dawn,20.5937,78.9629,Night
Jodhpur,18-30,Low Risk,Moving Backward,Auto-Rickshaw,Hazy,National Highway,Under Construction,Dark,20.5937,78.9629,Night
Jodhpur,50+,Low Risk,Getting off the vehicle improperly,Two-Wheeler,Stormy,Village Road,Normal,Dawn,20.5937,78.9629,Morning
Jaipur,18-30,Low Risk,Overtaking,Cycle,Clear,Highways,Normal,Daylight,26.9124,75.7873,Afternoon
Jodhpur,31-50,Medium Risk,Overloading,Two-Wheeler,Stormy,Village Road,Normal,Dawn,20.5937,78.9629,Night
Jodhpur,31-50,Medium Risk,Changing lane to the right,Pedestrian,Hazy,Urban Road,Damaged,Daylight,20.5937,78.9629,Night
Jodhpur,18-30,Low Risk,Improper parking,Cycle,Clear,Village Road,Under Construction,Dawn,20.5937,78.9629,Afternoon
Jodhpur,31-50,Low Risk,Other,Truck,Rainy,National Highway,Under Construction,Dusk,20.5937,78.9629,Evening
Jodhpur,31-50,Low Risk,Changing lane to the left,Auto-Rickshaw,Clear,Urban Road,Damaged,Dawn,20.5937,78.9629,Night
Jodhpur,18-30,Medium Risk,Changing lane to the right,Car,Foggy,Highways,Normal,Daylight,20.5937,78.9629,Night
Jodhpur,31-50,Low Risk,No priority to pedestrian,Car,Rainy,State Highway,Wet,Daylight,20.5937,78.9629,Morning
Jodhpur,18-30,Low Risk,Overspeed,Auto-Rickshaw,Rainy,Village Road,Wet,Dusk,20.5937,78.9629,Night
Kannur,50+,Low Risk,Changing lane to the left,Bus,Clear,Village Road,Damaged,Daylight,20.5937,78.9629,Morning
Nagpur,31-50,Low Risk,No priority to vehicle,Pedestrian,Clear,Highways,Normal,Dusk,20.5937,78.9629,Night
Kannur,18-30,Medium Risk,Changing lane to the right,Auto-Rickshaw,Stormy,National Highway,Damaged,Dawn,20.5937,78.9629,Morning
Kannur,18-30,Low Risk,No distancing,Truck,Stormy,National Highway,Damaged,Daylight,20.5937,78.9629,Night
Kannur,18-30,Low Risk,No priority to pedestrian,Cycle,Clear,Highways,Normal,Daylight,20.5937,78.9629,Evening
Kannur,18-30,Low Risk,No distancing,Auto-Rickshaw,Hazy,Urban Road,Damaged,Dusk,20.5937,78.9629,Morning
Kannur,18-30,Low Risk,No priority to vehicle,Pedestrian,Rainy,Highways,Normal,Dusk,20.5937,78.9629,Morning
Kannur,18-30,Low Risk,Other,Pedestrian,Hazy,National Highway,Dry,Dusk,20.5937,78.9629,Morning
Kannur,31-50,High Risk,Driving carelessly,Car,Stormy,Urban Road,Wet,Daylight,20.5937,78.9629,Morning
Patna,31-50,Low Risk,Changing lane to the left,Two-Wheeler,Clear,Highways,Normal,Daylight,25.5941,85.1376,Evening
Kannur,18-30,High Risk,Driving carelessly,Truck,Clear,State Highway,Damaged,Dusk,20.5937,78.9629,Evening
Nashik,18-30,Low Risk,Changing lane to the left,Car,Clear,Highways,Normal,Daylight,20.5937,78.9629,Evening
Kannur,18-30,Low Risk,No priority to vehicle,Auto-Rickshaw,Clear,State Highway,Wet,Daylight,20.5937,78.9629,Night
Kannur,31-50,Low Risk,No distancing,Car,Hazy,State Highway,Damaged,Daylight,20.5937,78.9629,Afternoon
Kannur,18-30,Low Risk,Changing lane to the right,Auto-Rickshaw,Clear,National Highway,Damaged,Dark,20.5937,78.9629,Morning
Kannur,31-50,Low Risk,Changing lane to the right,Pedestrian,Hazy,National Highway,Under Construction,Dusk,20.5937,78.9629,Night
Kolkata,31-50,Low Risk,Driving at high speed,Car,Clear,Highways,Normal,Daylight,22.5726,88.3639,Morning
Kannur,18-30,High Risk,No distancing,Truck,Clear,Urban Road,Under Construction,Dark,20.5937,78.9629,Morning
Kannur,31-50,Low Risk,Changing lane to the right,Truck,Stormy,National Highway,Wet,Dark,20.5937,78.9629,Morning
Kannur,18-30,Low Risk,Changing lane to the left,Pedestrian,Hazy,National Highway,Damaged,Dusk,20.5937,78.9629,Night
Kannur,18-30,Low Risk,Getting off the vehicle improperly,Car,Foggy,Village Road,Dry,Dark,20.5937,78.9629,Night
Kannur,50+,Low Risk,Other,Car,Clear,State Highway,Damaged,Dark,20.5937,78.9629,Night
Kannur,18-30,Low Risk,Other,Pedestrian,Clear,National Highway,Wet,Daylight,20.5937,78.9629,Night
Kannur,31-50,Medium Risk,No distancing,Bus,Clear,Urban Road,Wet,Dawn,20.5937,78.9629,Afternoon
Kannur,18-30,Medium Risk,No priority to vehicle,Car,Clear,National Highway,Damaged,Dawn,20.5937,78.9629,Night
Kannur,18-30,Low Risk,Overtaking,Truck,Clear,Urban Road,Wet,Dawn,20.5937,78.9629,Evening
Kannur,18-30,Low Risk,No priority to pedestrian,Truck,Stormy,Highways,Normal,Daylight,20.5937,78.9629,Morning
Kannur,18-30,High Risk,No distancing,Bus,Foggy,State Highway,Dry,Dawn,20.5937,78.9629,Night
Kannur,18-30,High Risk,Changing lane to the right,Truck,Hazy,State Highway,Wet,Dusk,20.5937,78.9629,Night
Aurangabad,18-30,Low Risk,Driving carelessly,Auto-Rickshaw,Clear,Highways,Normal,Dusk,20.5937,78.9629,Night
Kanpur,18-30,Low Risk,Changing lane to the right,Car,Foggy,Highways,Normal,Dark,26.4499,80.3319,Afternoon
Kanpur,31-50,Medium Risk,Overtaking,Two-Wheeler,Rainy,State Highway,Dry,Daylight,26.4499,80.3319,Night
Kanpur,50+,Low Risk,Other,Bus,Stormy,National Highway,Under Construction,Dark,26.4499,80.3319,Night
Kanpur,18-30,Low Risk,Driving to the left,Pedestrian,Hazy,Village Road,Dry,Daylight,26.4499,80.3319,Afternoon
Ghaziabad,18-30,Low Risk,Driving at high speed,Pedestrian,Stormy,Highways,Normal,Dusk,20.5937,78.9629,Evening
Kanpur,31-50,Low Risk,Unknown,Cycle,Stormy,Village Road,Normal,Dusk,26.4499,80.3319,Morning
Kanpur,18-30,Low Risk,Changing lane to the right,Cycle,Foggy,Village Road,Under Construction,Daylight,26.4499,80.3319,Evening
Kanpur,18-30,Low Risk,No distancing,Cycle,Clear,State Highway,Dry,Dark,26.4499,80.3319,Afternoon
Kanpur,50+,Low Risk,Other,Truck,Clear,Village Road,Under Construction,Daylight,26.4499,80.3319,Night
Kanpur,31-50,Low Risk,No priority to vehicle,Car,Foggy,Highways,Normal,Dark,26.4499,80.3319,Evening
Kanpur,18-30,Low Risk,Changing lane to the left,Two-Wheeler,Clear,State Highway,Wet,Dark,26.4499,80.3319,Morning
Kanpur,18-30,Low Risk,No priority to pedestrian,Pedestrian,Hazy,Urban Road,Wet,Dusk,26.4499,80.3319,Morning
Kanpur,50+,Medium Risk,Moving Backward,Car,Clear,Village Road,Dry,Dusk,26.4499,80.3319,Evening
Kanpur,18-30,Medium Risk,Overtaking,Truck,Clear,National Highway,Wet,Dusk,26.4499,80.3319,Night
Kanpur,31-50,Medium Risk,Changing lane to the left,Car,Foggy,Highways,Normal,Daylight,26.4499,80.3319,Night
Surat,50+,Low Risk,Changing lane to the right,Truck,Clear,Highways,Normal,Dusk,21.1702,72.8311,Afternoon
Kanpur,50+,Low Risk,Overtaking,Pedestrian,Hazy,State Highway,Under Construction,Dawn,26.4499,80.3319,Night
Kanpur,31-50,Low Risk,Overloading,Car,Stormy,Village Road,Under Construction,Daylight,26.4499,80.3319,Night
Kanpur,31-50,Low Risk,Other,Bus,Rainy,Urban Road,Dry,Dawn,26.4499,80.3319,Morning
Kanpur,18-30,Low Risk,No priority to vehicle,Cycle,Rainy,Village Road,Damaged,Dark,26.4499,80.3319,Night
Kanpur,31-50,Medium Risk,Changing lane to the right,Two-Wheeler,Foggy,Village Road,Damaged,Daylight,26.4499,80.3319,Afternoon
Kanpur,50+,Medium Risk,Moving Backward,Cycle,Clear,State Highway,Under Construction,Daylight,26.4499,80.3319,Afternoon
Kanpur,18-30,Low Risk,Changing lane to the left,Two-Wheeler,Clear,State Highway,Damaged,Dusk,26.4499,80.3319,Morning
Kanpur,18-30,Low Risk,No priority to pedestrian,Bus,Hazy,Urban Road,Damaged,Daylight,26.4499,80.3319,Night
Kanpur,31-50,Low Risk,No distancing,Auto-Rickshaw,Clear,State Highway,Damaged,Dusk,26.4499,80.3319,Night
Kanpur,18-30,Low Risk,No priority to vehicle,Car,Clear,Urban Road,Dry,Dark,26.4499,80.3319,Evening
Kanpur,18-30,Low Risk,No distancing,Pedestrian,Clear,Highways,Normal,Dark,26.4499,80.3319,Morning
Kanpur,31-50,Low Risk,No distancing,Car,Clear,State Highway,Damaged,Dark,26.4499,80.3319,Morning
Kanpur,18-30,Low Risk,Moving Backward,Pedestrian,Hazy,State Highway,Dry,Dawn,26.4499,80.3319,Evening
Kanpur,18-30,Medium Risk,Changing lane to the right,Two-Wheeler,Clear,Highways,Normal,Daylight,26.4499,80.3319,Morning
Raipur,50+,Low Risk,No priority to pedestrian,Car,Rainy,Highways,Normal,Daylight,20.5937,78.9629,Afternoon
Khozikode,50+,Low Risk,Moving Backward,Auto-Rickshaw,Foggy,State Highway,Damaged,Daylight,20.5937,78.9629,Morning
Khozikode,31-50,Medium Risk,Getting off the vehicle improperly,Pedestrian,Stormy,Village Road,Wet,Dawn,20.5937,78.9629,Night
Khozikode,18-30,Medium Risk,Overtaking,Cycle,Foggy,Village Road,Under Construction,Daylight,20.5937,78.9629,Morning
Khozikode,18-30,Low Risk,Overloading,Two-Wheeler,Hazy,Village Road,Under Construction,Dawn,20.5937,78.9629,Night
Vadodra,50+,Low Risk,Changing lane to the right,Two-Wheeler,Clear,Highways,Normal,Dawn,20.5937,78.9629,Morning
Khozikode,18-30,Low Risk,Improper parking,Truck,Clear,State Highway,Under Construction,Daylight,20.5937,78.9629,Morning
Madurai,18-30,Medium Risk,Other,Truck,Clear,Highways,Normal,Dark,20.5937,78.9629,Morning
Kochi,31-50,Low Risk,Changing lane to the left,Two-Wheeler,Clear,Highways,Normal,Dawn,20.5937,78.9629,Night
Khozikode,18-30,Low Risk,Changing lane to the right,Auto-Rickshaw,Foggy,National Highway,Under Construction,Daylight,20.5937,78.9629,Morning
Chennai,50+,Low Risk,No priority to pedestrian,Truck,Rainy,Highways,Normal,Daylight,13.0827,80.2707,Morning
Khozikode,31-50,Low Risk,Overspeed,Two-Wheeler,Clear,Village Road,Under Construction,Daylight,20.5937,78.9629,Night
Khozikode,18-30,Low Risk,Changing lane to the left,Cycle,Rainy,Village Road,Dry,Dusk,20.5937,78.9629,Night
Khozikode,18-30,Medium Risk,No priority to vehicle,Auto-Rickshaw,Clear,Highways,Normal,Dawn,20.5937,78.9629,Night
Khozikode,18-30,Low Risk,Changing lane to the right,Cycle,Hazy,Village Road,Under Construction,Dark,20.5937,78.9629,Evening
Khozikode,18-30,Medium Risk,No distancing,Car,Clear,Highways,Normal,Daylight,20.5937,78.9629,Night
Khozikode,18-30,Low Risk,No priority to pedestrian,Auto-Rickshaw,Foggy,National Highway,Dry,Dark,20.5937,78.9629,Evening
Khozikode,31-50,Low Risk,No distancing,Car,Foggy,National Highway,Wet,Daylight,20.5937,78.9629,Evening
Khozikode,18-30,Low Risk,No priority to vehicle,Truck,Rainy,Highways,Normal,Daylight,20.5937,78.9629,Evening
Khozikode,18-30,Low Risk,Other,Cycle,Clear,Highways,Normal,Daylight,20.5937,78.9629,Night
Bhopal,31-50,Medium Risk,Driving carelessly,Car,Clear,Highways,Normal,Daylight,20.5937,78.9629,Evening
Khozikode,18-30,Low Risk,Changing lane to the left,Bus,Clear,National Highway,Dry,Dawn,20.5937,78.9629,Morning
Khozikode,18-30,Low Risk,Driving carelessly,Two-Wheeler,Clear,Highways,Normal,Dawn,20.5937,78.9629,Morning
Khozikode,18-30,Medium Risk,Changing lane to the left,Two-Wheeler,Clear,Urban Road,Wet,Daylight,20.5937,78.9629,Morning
Khozikode,31-50,Low Risk,No priority to vehicle,Car,Clear,National Highway,Under Construction,Dusk,20.5937,78.9629,Night
Khozikode,31-50,Low Risk,No distancing,Pedestrian,Clear,Village Road,Damaged,Daylight,20.5937,78.9629,Night
Khozikode,18-30,Low Risk,Changing lane to the right,Auto-Rickshaw,Clear,National Highway,Damaged,Dark,20.5937,78.9629,Night
Khozikode,50+,Low Risk,Changing lane to the right,Auto-Rickshaw,Foggy,Village Road,Under Construction,Daylight,20.5937,78.9629,Afternoon
Khozikode,18-30,Medium Risk,Driving at high speed,Pedestrian,Stormy,Highways,Normal,Daylight,20.5937,78.9629,Night
Khozikode,31-50,Low Risk,No distancing,Cycle,Foggy,Highways,Normal,Daylight,20.5937,78.9629,Morning
Kochi,31-50,Low Risk,Changing lane to the right,Pedestrian,Hazy,Urban Road,Wet,Daylight,20.5937,78.9629,Night
Kochi,31-50,Low Risk,Changing lane to the left,Pedestrian,Clear,State Highway,Damaged,Daylight,20.5937,78.9629,Afternoon
Kochi,31-50,Medium Risk,Getting off the vehicle improperly,Pedestrian,Rainy,Highways,Normal,Daylight,20.5937,78.9629,Afternoon
Kochi,50+,Low Risk,Other,Auto-Rickshaw,Clear,Urban Road,Under Construction,Daylight,20.5937,78.9629,Night
Coimbatore,50+,Low Risk,Other,Car,Rainy,Highways,Normal,Dawn,20.5937,78.9629,Morning
Kochi,18-30,Low Risk,No distancing,Two-Wheeler,Stormy,Highways,Normal,Daylight,20.5937,78.9629,Morning
Kochi,18-30,Low Risk,No priority to vehicle,Car,Clear,State Highway,Normal,Daylight,20.5937,78.9629,Morning
Kochi,18-30,Low Risk,Overtaking,Pedestrian,Clear,Village Road,Wet,Daylight,20.5937,78.9629,Morning
Kochi,50+,Low Risk,No priority to pedestrian,Truck,Clear,Highways,Normal,Daylight,20.5937,78.9629,Morning
Kochi,18-30,Low Risk,No distancing,Car,Hazy,Village Road,Under Construction,Dusk,20.5937,78.9629,Night
Kochi,18-30,Low Risk,Changing lane to the right,Truck,Clear,State Highway,Wet,Daylight,20.5937,78.9629,Night
Kochi,18-30,Low Risk,Driving carelessly,Truck,Foggy,National Highway,Damaged,Dusk,20.5937,78.9629,Afternoon
Kochi,31-50,Low Risk,Changing lane to the right,Bus,Clear,Urban Road,Under Construction,Dawn,20.5937,78.9629,Morning
Kochi,18-30,Low Risk,Overtaking,Two-Wheeler,Clear,Urban Road,Damaged,Daylight,20.5937,78.9629,Morning
Kochi,50+,Low Risk,Other,Pedestrian,Stormy,State Highway,Wet,Dark,20.5937,78.9629,Night
Kochi,18-30,Low Risk,Driving to the left,Cycle,Clear,State Highway,Wet,Dark,20.5937,78.9629,Night
Vizaq,18-30,Medium Risk,Driving at high speed,Auto-Rickshaw,Clear,Highways,Normal,Dark,20.5937,78.9629,Night
Nashik,18-30,Low Risk,Unknown,Car,Clear,Highways,Normal,Daylight,20.5937,78.9629,Night
Kochi,18-30,Low Risk,Changing lane to the right,Auto-Rickshaw,Hazy,Urban Road,Under Construction,Dusk,20.5937,78.9629,Evening
Kochi,18-30,Low Risk,No distancing,Bus,Clear,National Highway,Normal,Dawn,20.5937,78.9629,Afternoon
Kochi,31-50,Low Risk,Other,Truck,Clear,State Highway,Under Construction,Dark,20.5937,78.9629,Night
Kochi,31-50,Low Risk,No priority to vehicle,Bus,Foggy,Village Road,Under Construction,Daylight,20.5937,78.9629,Night
Kochi,31-50,Low Risk,Changing lane to the left,Truck,Clear,National Highway,Damaged,Dawn,20.5937,78.9629,Morning