Million_Plus_Cities,Age_band_of_driver,Accident_severity,Cause_of_accident,Vehicle Type Involved,Weather Conditions,Road Type,Road Condition,Lighting Conditions,Latitude,Longitude,Time_Block
Kochi,18-30,Low Risk,No priority to pedestrian,Pedestrian,Clear,National Highway,Under Construction,Dark,20.5937,78.9629,Morning
Gwalior,31-50,Medium Risk,Overtaking,Auto-Rickshaw,Clear,Highways,Normal,Daylight,20.5937,78.9629,Morning
Kochi,18-30,Low Risk,Driving carelessly,Two-Wheeler,Clear,National Highway,Dry,Dawn,20.5937,78.9629,Afternoon
Kochi,50+,Low Risk,No priority to vehicle,Two-Wheeler,Hazy,Village Road,Wet,Dusk,20.5937,78.9629,Morning
Kochi,18-30,Medium Risk,No priority to pedestrian,Pedestrian,Clear,National Highway,Wet,Dusk,20.5937,78.9629,Morning
Kochi,31-50,Medium Risk,Changing lane to the right,Pedestrian,Rainy,Village Road,Damaged,Daylight,20.5937,78.9629,Evening
Kochi,31-50,Low Risk,Driving carelessly,Truck,Rainy,Highways,Normal,Dark,20.5937,78.9629,Morning
Kolkata,31-50,Medium Risk,Changing lane to the right,Truck,Clear,Highways,Normal,Dawn,22.5726,88.3639,Night
Kolkata,18-30,Low Risk,Changing lane to the right,Car,Clear,Urban Road,Under Construction,Dawn,22.5726,88.3639,Morning
Kolkata,18-30,Medium Risk,Changing lane to the left,Car,Rainy,Highways,Normal,Daylight,22.5726,88.3639,Evening
Kolkata,18-30,Low Risk,Overturning,Two-Wheeler,Rainy,Urban Road,Wet,Daylight,22.5726,88.3639,Morning
Nashik,50+,Low Risk,Driving carelessly,Pedestrian,Foggy,Highways,Normal,Dusk,20.5937,78.9629,Night
Kolkata,18-30,Low Risk,No distancing,Pedestrian,Rainy,National Highway,Under Construction,Dusk,22.5726,88.3639,Morning
Kolkata,18-30,Medium Risk,Driving carelessly,Car,Clear,Village Road,Dry,Dawn,22.5726,88.3639,Morning
Kolkata,18-30,Medium Risk,Changing lane to the left,Auto-Rickshaw,Rainy,Village Road,Under Construction,Daylight,22.5726,88.3639,Night
Kolkata,50+,Low Risk,No priority to vehicle,Two-Wheeler,Hazy,Highways,Normal,Dark,22.5726,88.3639,Night
Kolkata,31-50,Low Risk,Changing lane to the right,Truck,Foggy,State Highway,Under Construction,Dark,22.5726,88.3639,Morning
Kolkata,18-30,High Risk,No distancing,Car,Clear,Urban Road,Wet,Dark,22.5726,88.3639,Night
Nashik,50+,Medium Risk,Moving Backward,Pedestrian,Hazy,Highways,Normal,Daylight,20.5937,78.9629,Night
Kolkata,31-50,Low Risk,Moving Backward,Car,Clear,Village Road,Wet,Daylight,22.5726,88.3639,Morning
Kolkata,18-30,Low Risk,No distancing,Bus,Clear,National Highway,Damaged,Dark,22.5726,88.3639,Afternoon
Kolkata,18-30,Low Risk,No distancing,Car,Hazy,National Highway,Wet,Daylight,22.5726,88.3639,Afternoon
Vijaywada city,31-50,Medium Risk,No distancing,Two-Wheeler,Hazy,Highways,Normal,Daylight,20.5937,78.9629,Afternoon
Kolkata,18-30,Low Risk,No priority to pedestrian,Two-Wheeler,Rainy,Urban Road,Wet,Dawn,22.5726,88.3639,Evening
Kolkata,50+,Low Risk,Driving carelessly,Truck,Foggy,Village Road,Damaged,Daylight,22.5726,88.3639,Night
Kolkata,31-50,Low Risk,Changing lane to the right,Truck,Clear,Urban Road,Damaged,Daylight,22.5726,88.3639,Evening
Kolkata,18-30,Low Risk,Changing lane to the left,Auto-Rickshaw,Stormy,National Highway,Normal,Dusk,22.5726,88.3639,Night
Kolkata,18-30,Low Risk,Driving carelessly,Bus,Rainy,State Highway,Wet,Daylight,22.5726,88.3639,Night
Kolkata,50+,Low Risk,Driving carelessly,Cycle,Clear,National Highway,Damaged,Dark,22.5726,88.3639,Night
Kolkata,31-50,Low Risk,No distancing,Pedestrian,Clear,National Highway,Wet,Daylight,22.5726,88.3639,Evening
Kolkata,18-30,Medium Risk,Other,Pedestrian,Stormy,Village Road,Dry,Dusk,22.5726,88.3639,Morning
Kolkata,18-30,Low Risk,Changing lane to the right,Cycle,Foggy,Highways,Normal,Dusk,22.5726,88.3639,Night
Kolkata,18-30,Low Risk,Changing lane to the right,Bus,Clear,Village Road,Under Construction,Daylight,22.5726,88.3639,Morning
Kolkata,18-30,Low Risk,No distancing,Car,Hazy,National Highway,Damaged,Daylight,22.5726,88.3639,Night
Kolkata,18-30,Low Risk,No distancing,Auto-Rickshaw,Clear,National Highway,Dry,Daylight,22.5726,88.3639,Morning
Kolkata,31-50,Low Risk,Overturning,Truck,Stormy,State Highway,Dry,Daylight,22.5726,88.3639,Morning
Kolkata,31-50,Low Risk,Driving at high speed,Truck,Stormy,National Highway,Dry,Daylight,22.5726,88.3639,Afternoon
Kollam,31-50,Low Risk,No priority to vehicle,Two-Wheeler,Clear,Urban Road,Under Construction,Dark,20.5937,78.9629,Evening
Kollam,18-30,Low Risk,No priority to pedestrian,Cycle,Clear,Urban Road,Damaged,Dusk,20.5937,78.9629,Evening
Kollam,18-30,Medium Risk,No priority to vehicle,Auto-Rickshaw,Clear,Urban Road,Under Construction,Dusk,20.5937,78.9629,Afternoon
Kollam,31-50,Low Risk,Other,Auto-Rickshaw,Foggy,National Highway,Damaged,Dark,20.5937,78.9629,Morning
Kollam,31-50,Low Risk,Other,Pedestrian,Clear,Highways,Normal,Daylight,20.5937,78.9629,Afternoon
Kollam,18-30,Low Risk,Moving Backward,Truck,Clear,Village Road,Wet,Dark,20.5937,78.9629,Morning
Kollam,18-30,Low Risk,No distancing,Truck,Clear,National Highway,Dry,Daylight,20.5937,78.9629,Night
Kollam,50+,Low Risk,Moving Backward,Car,Hazy,Village Road,Damaged,Daylight,20.5937,78.9629,Afternoon
Kollam,18-30,Low Risk,No priority to vehicle,Auto-Rickshaw,Clear,State Highway,Under Construction,Dark,20.5937,78.9629,Night
Kollam,18-30,Low Risk,Driving carelessly,Auto-Rickshaw,Rainy,State Highway,Wet,Dawn,20.5937,78.9629,Morning
Raipur,18-30,Medium Risk,No distancing,Pedestrian,Clear,Highways,Normal,Daylight,20.5937,78.9629,Night
Kollam,18-30,Medium Risk,Other,Auto-Rickshaw,Stormy,Highways,Normal,Daylight,20.5937,78.9629,Night
Kollam,18-30,Medium Risk,Changing lane to the right,Truck,Clear,Highways,Normal,Dark,20.5937,78.9629,Evening
Kollam,18-30,Low Risk,No distancing,Cycle,Hazy,Highways,Normal,Dusk,20.5937,78.9629,Evening
Mumbai,18-30,Medium Risk,Driving carelessly,Car,Hazy,Highways,Normal,Daylight,19.076,72.8777,Night
Kollam,18-30,Low Risk,No distancing,Auto-Rickshaw,Foggy,State Highway,Wet,Daylight,20.5937,78.9629,Afternoon
Kollam,18-30,Low Risk,No priority to vehicle,Car,Rainy,National Highway,Under Construction,Dark,20.5937,78.9629,Afternoon
Kollam,31-50,Low Risk,Changing lane to the right,Auto-Rickshaw,Rainy,Village Road,Damaged,Dark,20.5937,78.9629,Evening
Kollam,18-30,Low Risk,No priority to pedestrian,Pedestrian,Clear,Village Road,Dry,Daylight,20.5937,78.9629,Morning
Kollam,18-30,Low Risk,No priority to vehicle,Two-Wheeler,Clear,Highways,Normal,Daylight,20.5937,78.9629,Morning
Kollam,31-50,Low Risk,Changing lane to the left,Cycle,Hazy,State Highway,Dry,Dusk,20.5937,78.9629,Evening
Kollam,31-50,Low Risk,Turnover,Car,Foggy,Village Road,Under Construction,Dusk,20.5937,78.9629,Morning
Kollam,18-30,Medium Risk,Driving to the left,Car,Rainy,National Highway,Under Construction,Dark,20.5937,78.9629,Night
Kollam,18-30,Low Risk,Driving carelessly,Cycle,Foggy,Village Road,Under Construction,Daylight,20.5937,78.9629,Night
Kollam,18-30,Low Risk,Driving to the left,Car,Foggy,National Highway,Under Construction,Daylight,20.5937,78.9629,Morning
Kollam,18-30,Medium Risk,Driving carelessly,Cycle,Hazy,National Highway,Wet,Daylight,20.5937,78.9629,Morning
Kollam,18-30,Low Risk,No priority to pedestrian,Two-Wheeler,Clear,Highways,Normal,Dusk,20.5937,78.9629,Afternoon
Kollam,18-30,Low Risk,Driving carelessly,Truck,Clear,Urban Road,Dry,Dark,20.5937,78.9629,Night
Kollam,31-50,Medium Risk,Changing lane to the right,Truck,Hazy,Highways,Normal,Dawn,20.5937,78.9629,Morning
Kollam,31-50,Medium Risk,Moving Backward,Two-Wheeler,Clear,National Highway,Dry,Dark,20.5937,78.9629,Morning
Kota,31-50,Medium Risk,Driving carelessly,Pedestrian,Clear,Urban Road,Wet,Daylight,20.5937,78.9629,Evening
Kota,18-30,Medium Risk,Changing lane to the right,Truck,Clear,Highways,Normal,Daylight,20.5937,78.9629,Evening
Kota,18-30,Low Risk,Driving carelessly,Cycle,Rainy,National Highway,Under Construction,Daylight,20.5937,78.9629,Night
Kota,31-50,Low Risk,Driving carelessly,Bus,Rainy,Urban Road,Dry,Daylight,20.5937,78.9629,Morning
Kota,31-50,Low Risk,Driving carelessly,Bus,Clear,Highways,Normal,Dawn,20.5937,78.9629,Afternoon
Kota,18-30,Low Risk,Changing lane to the right,Auto-Rickshaw,Clear,Village Road,Wet,Daylight,20.5937,78.9629,Morning
Kota,31-50,Medium Risk,Changing lane to the right,Bus,Clear,Urban Road,Wet,Daylight,20.5937,78.9629,Evening
Kota,18-30,Low Risk,Driving carelessly,Car,Clear,National Highway,Damaged,Dark,20.5937,78.9629,Night
Kota,31-50,Medium Risk,Overtaking,Two-Wheeler,Clear,Highways,Normal,Daylight,20.5937,78.9629,Night
Kota,18-30,Low Risk,Changing lane to the right,Bus,Rainy,National Highway,Dry,Daylight,20.5937,78.9629,Evening
Tiruchirapalli,31-50,Medium Risk,No distancing,Pedestrian,Stormy,Highways,Normal,Daylight,20.5937,78.9629,Night
Kota,31-50,Low Risk,Other,Auto-Rickshaw,Clear,National Highway,Damaged,Dusk,20.5937,78.9629,Night
Kota,18-30,Low Risk,Changing lane to the right,Pedestrian,Stormy,Village Road,Under Construction,Daylight,20.5937,78.9629,Night
Kota,31-50,Low Risk,Changing lane to the right,Cycle,Clear,State Highway,Under Construction,Dark,20.5937,78.9629,Night
Kota,31-50,Low Risk,Overtaking,Two-Wheeler,Foggy,Urban Road,Damaged,Daylight,20.5937,78.9629,Evening
Allahabad(Prayagraj),18-30,Low Risk,Other,Pedestrian,Clear,Highways,Normal,Dusk,20.5937,78.9629,Evening
Kota,18-30,Medium Risk,Driving to the left,Two-Wheeler,Rainy,Village Road,Under Construction,Dawn,20.5937,78.9629,Morning
Kochi,18-30,Low Risk,Overtaking,Pedestrian,Clear,Highways,Normal,Daylight,20.5937,78.9629,Night
Vadodra,18-30,Medium Risk,No priority to vehicle,Two-Wheeler,Clear,Highways,Normal,Dark,20.5937,78.9629,Morning
Kota,18-30,Low Risk,Moving Backward,Bus,Clear,Highways,Normal,Dusk,20.5937,78.9629,Morning
Kota,31-50,Low Risk,Other,Truck,Clear,Village Road,Wet,Daylight,20.5937,78.9629,Night
Kota,31-50,Low Risk,No priority to vehicle,Pedestrian,Rainy,Highways,Normal,Daylight,20.5937,78.9629,Afternoon
Kota,31-50,Low Risk,No priority to pedestrian,Car,Clear,National Highway,Under Construction,Daylight,20.5937,78.9629,Night
Kota,18-30,Low Risk,Changing lane to the right,Auto-Rickshaw,Clear,Urban Road,Wet,Dusk,20.5937,78.9629,Night
Kota,18-30,Medium Risk,Changing lane to the right,Car,Foggy,Highways,Normal,Dark,20.5937,78.9629,Afternoon
Kota,31-50,Low Risk,Changing lane to the right,Two-Wheeler,Clear,State Highway,Under Construction,Daylight,20.5937,78.9629,Night
Kota,31-50,Low Risk,Driving to the left,Bus,Clear,Urban Road,Dry,Daylight,20.5937,78.9629,Night
Kota,18-30,Medium Risk,Changing lane to the left,Cycle,Clear,National Highway,Damaged,Dawn,20.5937,78.9629,Evening
Kota,31-50,Low Risk,Moving Backward,Car,Clear,Highways,Normal,Dawn,20.5937,78.9629,Morning
Kota,31-50,Low Risk,Driving at high speed,Bus,Hazy,Urban Road,Wet,Daylight,20.5937,78.9629,Morning
Coimbatore,18-30,Low Risk,Moving Backward,Two-Wheeler,Hazy,Highways,Normal,Dark,20.5937,78.9629,Morning
Vijaywada city,31-50,Medium Risk,No distancing,Cycle,Stormy,Highways,Normal,Daylight,20.5937,78.9629,Morning
Lucknow,18-30,Low Risk,Other,Auto-Rickshaw,Rainy,Urban Road,Normal,Dusk,26.8467,80.9462,Night
Lucknow,31-50,Low Risk,No priority to vehicle,Pedestrian,Clear,Village Road,Damaged,Dusk,26.8467,80.9462,Night
Lucknow,18-30,Medium Risk,Changing lane to the right,Cycle,Clear,Urban Road,Damaged,Daylight,26.8467,80.9462,Night
Lucknow,18-30,Medium Risk,Other,Two-Wheeler,Foggy,National Highway,Damaged,Daylight,26.8467,80.9462,Evening
Lucknow,31-50,Medium Risk,No distancing,Two-Wheeler,Clear,National Highway,Wet,Daylight,26.8467,80.9462,Morning
Lucknow,18-30,Medium Risk,Driving carelessly,Auto-Rickshaw,Clear,State Highway,Wet,Dawn,26.8467,80.9462,Afternoon
Lucknow,18-30,Low Risk,No distancing,Auto-Rickshaw,Rainy,Urban Road,Dry,Dark,26.8467,80.9462,Evening
Lucknow,31-50,Low Risk,Moving Backward,Car,Clear,National Highway,Damaged,Dark,26.8467,80.9462,Afternoon
Lucknow,18-30,Low Risk,No distancing,Truck,Clear,Highways,Normal,Daylight,26.8467,80.9462,Morning
Lucknow,31-50,Medium Risk,Moving Backward,Auto-Rickshaw,Clear,Village Road,Wet,Daylight,26.8467,80.9462,Night
Bengaluru,18-30,Low Risk,No priority to pedestrian,Cycle,Clear,Highways,Normal,Daylight,12.9716,77.5946,Evening
Lucknow,18-30,Low Risk,Changing lane to the left,Two-Wheeler,Stormy,State Highway,Dry,Dusk,26.8467,80.9462,Night
Lucknow,31-50,Low Risk,No distancing,Auto-Rickshaw,Clear,National Highway,Normal,Daylight,26.8467,80.9462,Afternoon
Lucknow,31-50,Low Risk,Other,Car,Clear,State Highway,Damaged,Dark,26.8467,80.9462,Night
Lucknow,31-50,Low Risk,No distancing,Bus,Hazy,National Highway,Dry,Dawn,26.8467,80.9462,Morning
Lucknow,31-50,Medium Risk,No priority to pedestrian,Truck,Clear,Urban Road,Dry,Dark,26.8467,80.9462,Afternoon
Lucknow,18-30,Medium Risk,Moving Backward,Car,Stormy,National Highway,Damaged,Dark,26.8467,80.9462,Morning
Tiruchirapalli,18-30,Low Risk,No priority to pedestrian,Car,Clear,Highways,Normal,Daylight,20.5937,78.9629,Morning
Lucknow,18-30,Medium Risk,No distancing,Two-Wheeler,Clear,Urban Road,Under Construction,Dark,26.8467,80.9462,Night
Lucknow,50+,Low Risk,No priority to pedestrian,Cycle,Clear,National Highway,Wet,Dark,26.8467,80.9462,Afternoon
Gwalior,31-50,Low Risk,Driving carelessly,Auto-Rickshaw,Foggy,Highways,Normal,Dusk,20.5937,78.9629,Night
Lucknow,18-30,Low Risk,Getting off the vehicle improperly,Auto-Rickshaw,Clear,Highways,Normal,Daylight,26.8467,80.9462,Night
Lucknow,18-30,Low Risk,Driving carelessly,Truck,Clear,Highways,Normal,Dark,26.8467,80.9462,Evening
Lucknow,18-30,Low Risk,Changing lane to the left,Pedestrian,Hazy,Urban Road,Dry,Dawn,26.8467,80.9462,Evening
Lucknow,31-50,Low Risk,No priority to vehicle,Two-Wheeler,Clear,Urban Road,Wet,Dark,26.8467,80.9462,Night
Lucknow,18-30,Low Risk,Changing lane to the right,Auto-Rickshaw,Rainy,Highways,Normal,Daylight,26.8467,80.9462,Evening
Lucknow,31-50,Low Risk,Changing lane to the right,Car,Hazy,National Highway,Wet,Daylight,26.8467,80.9462,Morning
Lucknow,18-30,High Risk,No distancing,Truck,Clear,National Highway,Damaged,Dusk,26.8467,80.9462,Night
Ludhiana,18-30,Medium Risk,No distancing,Cycle,Clear,State Highway,Damaged,Dawn,20.5937,78.9629,Night
Ludhiana,18-30,Medium Risk,Changing lane to the left,Pedestrian,Clear,National Highway,Wet,Daylight,20.5937,78.9629,Night
Ludhiana,31-50,Low Risk,Changing lane to the right,Two-Wheeler,Clear,Village Road,Wet,Daylight,20.5937,78.9629,Afternoon
Ludhiana,18-30,Low Risk,No priority to vehicle,Cycle,Hazy,Urban Road,Wet,Daylight,20.5937,78.9629,Morning
Ludhiana,18-30,Low Risk,Changing lane to the left,Cycle,Clear,Village Road,Wet,Daylight,20.5937,78.9629,Morning
Ludhiana,50+,Medium Risk,No priority to vehicle,Bus,Clear,State Highway,Under Construction,Dusk,20.5937,78.9629,Evening
Ludhiana,18-30,Low Risk,Moving Backward,Two-Wheeler,Foggy,State Highway,Damaged,Daylight,20.5937,78.9629,Morning
Ludhiana,18-30,Low Risk,Turnover,Car,Hazy,Village Road,Wet,Daylight,20.5937,78.9629,Afternoon
Ludhiana,18-30,Low Risk,No distancing,Two-Wheeler,Clear,Highways,Normal,Dawn,20.5937,78.9629,Night
Ludhiana,18-30,Low Risk,No distancing,Truck,Clear,National Highway,Damaged,Daylight,20.5937,78.9629,Afternoon
Hyderabad,18-30,Low Risk,No distancing,Cycle,Hazy,Highways,Normal,Daylight,17.385,78.4867,Night
Ludhiana,50+,Low Risk,Changing lane to the left,Car,Clear,Urban Road,Damaged,Daylight,20.5937,78.9629,Afternoon
Ludhiana,31-50,Low Risk,No priority to vehicle,Pedestrian,Hazy,Urban Road,Damaged,Dark,20.5937,78.9629,Afternoon
Ludhiana,31-50,Low Risk,Driving at high speed,Truck,Clear,Urban Road,Wet,Dark,20.5937,78.9629,Morning
Ludhiana,18-30,Medium Risk,Overtaking,Bus,Clear,Highways,Normal,Daylight,20.5937,78.9629,Night
Ludhiana,18-30,Low Risk,Other,Bus,Clear,National Highway,Normal,Dark,20.5937,78.9629,Morning
Ludhiana,18-30,Low Risk,Changing lane to the left,Auto-Rickshaw,Clear,State Highway,Under Construction,Dawn,20.5937,78.9629,Afternoon
Ludhiana,31-50,Low Risk,No priority to pedestrian,Two-Wheeler,Clear,State Highway,Under Construction,Daylight,20.5937,78.9629,Morning
Ludhiana,18-30,Low Risk,Changing lane to the left,Car,Foggy,National Highway,Dry,Dawn,20.5937,78.9629,Night
Ludhiana,18-30,Low Risk,No distancing,Auto-Rickshaw,Clear,National Highway,Dry,Dusk,20.5937,78.9629,Night
Ludhiana,18-30,Low Risk,Moving Backward,Pedestrian,Hazy,State Highway,Under Construction,Dark,20.5937,78.9629,Evening
Ludhiana,18-30,Low Risk,Changing lane to the left,Cycle,Foggy,Highways,Normal,Dark,20.5937,78.9629,Morning
Ludhiana,18-30,Low Risk,Other,Bus,Stormy,National Highway,Under Construction,Dusk,20.5937,78.9629,Afternoon
Jamshedpur,50+,Low Risk,No distancing,Car,Clear,Highways,Normal,Daylight,20.5937,78.9629,Morning
Ludhiana,18-30,Medium Risk,Moving Backward,Auto-Rickshaw,Hazy,Village Road,Dry,Daylight,20.5937,78.9629,Afternoon
Ludhiana,31-50,Medium Risk,No distancing,Auto-Rickshaw,Hazy,State Highway,Wet,Daylight,20.5937,78.9629,Night
Bhopal,18-30,Medium Risk,Changing lane to the left,Pedestrian,Foggy,Highways,Normal,Dark,20.5937,78.9629,Morning
Ludhiana,50+,Low Risk,Changing lane to the left,Cycle,Rainy,Urban Road,Wet,Daylight,20.5937,78.9629,Morning
Ludhiana,31-50,Low Risk,No priority to pedestrian,Cycle,Clear,Village Road,Dry,Daylight,20.5937,78.9629,Evening
Ludhiana,18-30,Low Risk,Changing lane to the left,Cycle,Clear,Village Road,Under Construction,Dusk,20.5937,78.9629,Morning
Madurai,31-50,Low Risk,Driving carelessly,Bus,Stormy,Urban Road,Dry,Daylight,20.5937,78.9629,Afternoon
Madurai,31-50,Low Risk,Driving carelessly,Cycle,Clear,Highways,Normal,Daylight,20.5937,78.9629,Morning
Madurai,18-30,Low Risk,No priority to pedestrian,Two-Wheeler,Clear,National Highway,Normal,Dusk,20.5937,78.9629,Evening
Madurai,31-50,Low Risk,Getting off the vehicle improperly,Pedestrian,Foggy,National Highway,Damaged,Daylight,20.5937,78.9629,Morning
Jaipur,18-30,Low Risk,No distancing,Pedestrian,Clear,Highways,Normal,Dawn,26.9124,75.7873,Night
Madurai,50+,Low Risk,Changing lane to the left,Pedestrian,Foggy,State Highway,Wet,Dusk,20.5937,78.9629,Morning
Madurai,18-30,Medium Risk,No priority to vehicle,Auto-Rickshaw,Stormy,Village Road,Wet,Dawn,20.5937,78.9629,Afternoon
Madurai,31-50,Medium Risk,No distancing,Pedestrian,Clear,Urban Road,Wet,Dark,20.5937,78.9629,Evening
Madurai,31-50,Low Risk,No priority to pedestrian,Cycle,Clear,State Highway,Damaged,Dawn,20.5937,78.9629,Night
Madurai,18-30,Low Risk,No priority to pedestrian,Auto-Rickshaw,Clear,State Highway,Damaged,Dusk,20.5937,78.9629,Night
Madurai,18-30,Low Risk,No priority to vehicle,Pedestrian,Stormy,National Highway,Damaged,Daylight,20.5937,78.9629,Morning
Madurai,18-30,Low Risk,Driving carelessly,Truck,Rainy,National Highway,Normal,Dark,20.5937,78.9629,Morning
Madurai,50+,Low Risk,Changing lane to the right,Car,Clear,State Highway,Dry,Dawn,20.5937,78.9629,Night
Madurai,18-30,Medium Risk,Changing lane to the left,Cycle,Clear,Urban Road,Dry,Daylight,20.5937,78.9629,Evening
Madurai,31-50,Medium Risk,Moving Backward,Bus,Clear,Urban Road,Normal,Dawn,20.5937,78.9629,Night
Madurai,31-50,Medium Risk,Driving carelessly,Car,Clear,Highways,Normal,Daylight,20.5937,78.9629,Afternoon
Madurai,18-30,Medium Risk,Driving to the left,Bus,Clear,State Highway,Under Construction,Dusk,20.5937,78.9629,Evening
Madurai,18-30,Medium Risk,Driving to the left,Two-Wheeler,Hazy,National Highway,Dry,Daylight,20.5937,78.9629,Night
Madurai,18-30,Low Risk,No priority to pedestrian,Auto-Rickshaw,Clear,Highways,Normal,Daylight,20.5937,78.9629,Morning
Madurai,31-50,Medium Risk,Changing lane to the left,Cycle,Clear,Urban Road,Under Construction,Daylight,20.5937,78.9629,Night
Madurai,18-30,Medium Risk,Changing lane to the right,Car,Rainy,National Highway,Damaged,Daylight,20.5937,78.9629,Night
Madurai,31-50,Medium Risk,Driving carelessly,Car,Clear,State Highway,Damaged,Daylight,20.5937,78.9629,Night
Thrissur,18-30,Low Risk,No distancing,Auto-Rickshaw,Rainy,Highways,Normal,Daylight,20.5937,78.9629,Afternoon
Madurai,31-50,Medium Risk,Getting off the vehicle improperly,Cycle,Clear,Urban Road,Dry,Dusk,20.5937,78.9629,Night
Ahmedabad,18-30,Medium Risk,Driving under the influence of drugs,Auto-Rickshaw,Clear,Highways,Normal,Dusk,23.0225,72.5714,Night
Madurai,18-30,Low Risk,Changing lane to the right,Cycle,Hazy,Highways,Normal,Daylight,20.5937,78.9629,Morning
Madurai,18-30,Medium Risk,Driving carelessly,Auto-Rickshaw,Clear,National Highway,Damaged,Dawn,20.5937,78.9629,Morning
Madurai,18-30,Low Risk,Moving Backward,Car,Foggy,Highways,Normal,Dusk,20.5937,78.9629,Morning
Aurangabad,31-50,Medium Risk,Turnover,Auto-Rickshaw,Clear,Highways,Normal,Daylight,20.5937,78.9629,Morning
Madurai,31-50,Low Risk,Changing lane to the right,Car,Clear,Urban Road,Normal,Daylight,20.5937,78.9629,Afternoon
Mallapuram,31-50,Low Risk,Driving carelessly,Bus,Clear,Highways,Normal,Daylight,20.5937,78.9629,Afternoon
Mallapuram,31-50,Low Risk,No priority to vehicle,Truck,Clear,State Highway,Under Construction,Dark,20.5937,78.9629,Morning
Mallapuram,18-30,High Risk,Moving Backward,Truck,Clear,National Highway,Damaged,Daylight,20.5937,78.9629,Night
Mallapuram,18-30,Low Risk,Changing lane to the left,Two-Wheeler,Rainy,State Highway,Dry,Dark,20.5937,78.9629,Night
Mallapuram,18-30,Low Risk,Overturning,Car,Rainy,Highways,Normal,Daylight,20.5937,78.9629,Morning
Mallapuram,18-30,Low Risk,No distancing,Car,Rainy,National Highway,Damaged,Dark,20.5937,78.9629,Morning
Mallapuram,18-30,Low Risk,Driving carelessly,Cycle,Clear,State Highway,Wet,Daylight,20.5937,78.9629,Night
Mallapuram,18-30,Low Risk,No distancing,Auto-Rickshaw,Foggy,National Highway,Damaged,Daylight,20.5937,78.9629,Night
Mallapuram,18-30,Low Risk,Changing lane to the left,Car,Clear,State Highway,Wet,Daylight,20.5937,78.9629,Night
Pune,18-30,Medium Risk,No priority to pedestrian,Pedestrian,Hazy,Highways,Normal,Dark,18.5204,73.8567,Evening
Mallapuram,31-50,Low Risk,No distancing,Auto-Rickshaw,Stormy,State Highway,Under Construction,Dusk,20.5937,78.9629,Morning
Mallapuram,31-50,Low Risk,No distancing,Bus,Clear,Highways,Normal,Daylight,20.5937,78.9629,Evening
Mallapuram,18-30,Medium Risk,Changing lane to the left,Cycle,Foggy,National Highway,Wet,Daylight,20.5937,78.9629,Night
Mallapuram,18-30,Low Risk,No distancing,Cycle,Clear,Highways,Normal,Dusk,20.5937,78.9629,Evening
Mallapuram,50+,Medium Risk,Changing lane to the left,Car,Hazy,Village Road,Dry,Dawn,20.5937,78.9629,Evening
Mallapuram,31-50,Low Risk,No distancing,Car,Clear,National Highway,Under Construction,Daylight,20.5937,78.9629,Night
Mallapuram,31-50,Low Risk,No distancing,Bus,Foggy,Village Road,Normal,Daylight,20.5937,78.9629,Afternoon
Mallapuram,18-30,Low Risk,No distancing,Pedestrian,Rainy,National Highway,Under Construction,Daylight,20.5937,78.9629,Morning
Mallapuram,18-30,Low Risk,Changing lane to the left,Bus,Clear,State Highway,Wet,Daylight,20.5937,78.9629,Afternoon
Mallapuram,18-30,Low Risk,Changing lane to the right,Auto-Rickshaw,Hazy,Highways,Normal,Dark,20.5937,78.9629,Night
Mallapuram,31-50,Low Risk,Moving Backward,Cycle,Rainy,Highways,Normal,Daylight,20.5937,78.9629,Night
Mallapuram,50+,Low Risk,Changing lane to the right,Two-Wheeler,Hazy,Urban Road,Damaged,Daylight,20.5937,78.9629,Evening
Dhanbad,50+,Low Risk,No distancing,Cycle,Clear,Highways,Normal,Daylight,20.5937,78.9629,Afternoon
Mallapuram,31-50,Low Risk,Overtaking,Car,Clear,National Highway,Wet,Daylight,20.5937,78.9629,Evening
Mallapuram,18-30,Low Risk,Other,Pedestrian,Hazy,Highways,Normal,Dark,20.5937,78.9629,Night
Mallapuram,18-30,Low Risk,Other,Pedestrian,Clear,Village Road,Damaged,Daylight,20.5937,78.9629,Night
Mallapuram,18-30,Low Risk,Changing lane to the right,Pedestrian,Hazy,Highways,Normal,Daylight,20.5937,78.9629,Afternoon
Mallapuram,18-30,Low Risk,No priority to pedestrian,Auto-Rickshaw,Foggy,State Highway,Wet,Dawn,20.5937,78.9629,Evening
Mallapuram,31-50,Low Risk,No priority to vehicle,Cycle,Clear,State Highway,Under Construction,Daylight,20.5937,78.9629,Morning
Mallapuram,31-50,Low Risk,Changing lane to the left,Bus,Clear,State Highway,Dry,Daylight,20.5937,78.9629,Afternoon
Meerut,18-30,Low Risk,Changing lane to the left,Cycle,Foggy,National Highway,Wet,Daylight,20.5937,78.9629,Evening
Meerut,18-30,Low Risk,Overtaking,Auto-Rickshaw,Hazy,State Highway,Wet,Dark,20.5937,78.9629,Afternoon
Meerut,18-30,Low Risk,No distancing,Pedestrian,Clear,Highways,Normal,Daylight,20.5937,78.9629,Afternoon
Meerut,31-50,Low Risk,No priority to vehicle,Car,Rainy,State Highway,Damaged,Daylight,20.5937,78.9629,Morning