Million_Plus_Cities,Age_band_of_driver,Accident_severity,Cause_of_accident,Vehicle Type Involved,Weather Conditions,Road Type,Road Condition,Lighting Conditions,Latitude,Longitude,Time_Block
Meerut,18-30,Low Risk,Changing lane to the right,Bus,Clear,State Highway,Damaged,Daylight,20.5937,78.9629,Morning
Meerut,18-30,Low Risk,Changing lane to the left,Cycle,Clear,Village Road,Wet,Dawn,20.5937,78.9629,Afternoon
Meerut,18-30,Low Risk,No distancing,Car,Clear,Highways,Normal,Daylight,20.5937,78.9629,Morning
Meerut,18-30,Low Risk,Driving carelessly,Two-Wheeler,Clear,Village Road,Under Construction,Dark,20.5937,78.9629,Evening
Meerut,31-50,Low Risk,No priority to pedestrian,Car,Clear,Highways,Normal,Daylight,20.5937,78.9629,Evening
Meerut,31-50,Low Risk,Driving carelessly,Pedestrian,Clear,Village Road,Wet,Daylight,20.5937,78.9629,Evening
Meerut,31-50,Low Risk,Moving Backward,Pedestrian,Clear,Highways,Normal,Dusk,20.5937,78.9629,Afternoon
Meerut,31-50,Low Risk,No distancing,Two-Wheeler,Hazy,Urban Road,Under Construction,Dusk,20.5937,78.9629,Evening
Meerut,31-50,Low Risk,No distancing,Bus,Clear,Highways,Normal,Dark,20.5937,78.9629,Afternoon
Meerut,18-30,Low Risk,No distancing,Cycle,Hazy,State Highway,Damaged,Daylight,20.5937,78.9629,Evening
Meerut,50+,Low Risk,Changing lane to the left,Cycle,Foggy,State Highway,Damaged,Daylight,20.5937,78.9629,Afternoon
Meerut,18-30,Low Risk,Changing lane to the left,Car,Rainy,National Highway,Dry,Daylight,20.5937,78.9629,Night
Meerut,18-30,Low Risk,Moving Backward,Auto-Rickshaw,Clear,Village Road,Wet,Daylight,20.5937,78.9629,Afternoon
Meerut,31-50,Low Risk,Changing lane to the right,Pedestrian,Clear,Highways,Normal,Dawn,20.5937,78.9629,Morning
Meerut,18-30,Low Risk,No priority to vehicle,Pedestrian,Clear,Village Road,Damaged,Daylight,20.5937,78.9629,Morning
Meerut,18-30,Medium Risk,Moving Backward,Pedestrian,Clear,Highways,Normal,Daylight,20.5937,78.9629,Morning
Meerut,18-30,Low Risk,Driving carelessly,Bus,Clear,Highways,Normal,Dark,20.5937,78.9629,Morning
Meerut,31-50,Low Risk,Driving carelessly,Two-Wheeler,Rainy,Village Road,Normal,Dawn,20.5937,78.9629,Evening
Meerut,50+,Low Risk,Driving under the influence of drugs,Car,Clear,Highways,Normal,Daylight,20.5937,78.9629,Evening
Meerut,18-30,Medium Risk,No priority to pedestrian,Car,Clear,Urban Road,Under Construction,Dawn,20.5937,78.9629,Afternoon
Meerut,50+,Low Risk,No priority to vehicle,Car,Foggy,Urban Road,Wet,Dusk,20.5937,78.9629,Afternoon
Meerut,18-30,Low Risk,Driving carelessly,Pedestrian,Clear,State Highway,Damaged,Dawn,20.5937,78.9629,Night
Tiruchirapalli,31-50,Medium Risk,Moving Backward,Bus,Clear,Highways,Normal,Dusk,20.5937,78.9629,Night
Meerut,18-30,Low Risk,Driving carelessly,Cycle,Hazy,Urban Road,Under Construction,Daylight,20.5937,78.9629,Morning
Meerut,31-50,Low Risk,No priority to vehicle,Auto-Rickshaw,Rainy,State Highway,Dry,Daylight,20.5937,78.9629,Evening
Meerut,31-50,Low Risk,Changing lane to the right,Pedestrian,Stormy,State Highway,Wet,Dusk,20.5937,78.9629,Night
Mumbai,31-50,Low Risk,Changing lane to the left,Car,Clear,Highways,Normal,Dawn,19.076,72.8777,Night
Mumbai,18-30,Medium Risk,No priority to vehicle,Two-Wheeler,Clear,National Highway,Damaged,Daylight,19.076,72.8777,Afternoon
Mumbai,18-30,Medium Risk,Driving carelessly,Pedestrian,Clear,Village Road,Dry,Daylight,19.076,72.8777,Morning
Meerut,18-30,Low Risk,Moving Backward,Truck,Clear,Highways,Normal,Dark,20.5937,78.9629,Morning
Mumbai,18-30,Low Risk,No distancing,Two-Wheeler,Foggy,State Highway,Dry,Dawn,19.076,72.8777,Night
Mumbai,18-30,Low Risk,Changing lane to the left,Car,Clear,State Highway,Damaged,Daylight,19.076,72.8777,Night
Mumbai,50+,Low Risk,Changing lane to the left,Car,Clear,Village Road,Dry,Daylight,19.076,72.8777,Evening
Mumbai,18-30,Medium Risk,No distancing,Two-Wheeler,Hazy,Urban Road,Under Construction,Daylight,19.076,72.8777,Morning
Mumbai,18-30,Medium Risk,Changing lane to the left,Truck,Foggy,State Highway,Dry,Daylight,19.076,72.8777,Evening
Mumbai,18-30,Medium Risk,Driving carelessly,Auto-Rickshaw,Clear,National Highway,Dry,Daylight,19.076,72.8777,Evening
Mumbai,18-30,Medium Risk,Changing lane to the left,Auto-Rickshaw,Clear,Highways,Normal,Dusk,19.076,72.8777,Night
Bengaluru,50+,Low Risk,No distancing,Cycle,Clear,Highways,Normal,Daylight,12.9716,77.5946,Evening
Mumbai,18-30,Medium Risk,Changing lane to the right,Pedestrian,Clear,Highways,Normal,Dark,19.076,72.8777,Night
Mumbai,18-30,Medium Risk,No distancing,Bus,Clear,Urban Road,Damaged,Dusk,19.076,72.8777,Afternoon
Jabalpur,18-30,Low Risk,Driving to the left,Bus,Hazy,Highways,Normal,Dark,20.5937,78.9629,Afternoon
Mumbai,18-30,Medium Risk,No distancing,Auto-Rickshaw,Clear,State Highway,Dry,Dawn,19.076,72.8777,Night
Mumbai,18-30,Medium Risk,Overtaking,Bus,Foggy,National Highway,Dry,Daylight,19.076,72.8777,Night
Mumbai,18-30,Low Risk,Driving under the influence of drugs,Truck,Rainy,Urban Road,Wet,Dark,19.076,72.8777,Afternoon
Madurai,31-50,Low Risk,No priority to pedestrian,Pedestrian,Rainy,Highways,Normal,Daylight,20.5937,78.9629,Afternoon
Mumbai,31-50,Low Risk,Moving Backward,Auto-Rickshaw,Clear,State Highway,Dry,Daylight,19.076,72.8777,Afternoon
Kollam,18-30,Low Risk,Changing lane to the right,Bus,Clear,Highways,Normal,Daylight,20.5937,78.9629,Morning
Pune,18-30,Low Risk,Changing lane to the left,Two-Wheeler,Rainy,Highways,Normal,Dawn,18.5204,73.8567,Afternoon
Mumbai,18-30,Low Risk,Changing lane to the right,Pedestrian,Rainy,Highways,Normal,Daylight,19.076,72.8777,Morning
Mumbai,50+,Low Risk,Driving under the influence of drugs,Pedestrian,Foggy,Highways,Normal,Daylight,19.076,72.8777,Night
Mumbai,31-50,Medium Risk,No priority to vehicle,Cycle,Clear,Highways,Normal,Dawn,19.076,72.8777,Afternoon
Mumbai,18-30,Low Risk,No priority to vehicle,Bus,Clear,Highways,Normal,Daylight,19.076,72.8777,Afternoon
Mumbai,18-30,Low Risk,Changing lane to the left,Cycle,Clear,Village Road,Wet,Dusk,19.076,72.8777,Evening
Amritsar,18-30,Low Risk,Changing lane to the right,Auto-Rickshaw,Clear,Highways,Normal,Dark,20.5937,78.9629,Evening
Mumbai,18-30,Low Risk,Changing lane to the right,Pedestrian,Rainy,Highways,Normal,Dark,19.076,72.8777,Morning
Mumbai,18-30,Medium Risk,Changing lane to the left,Car,Clear,State Highway,Normal,Daylight,19.076,72.8777,Night
Gwalior,18-30,Medium Risk,Changing lane to the left,Pedestrian,Clear,Highways,Normal,Dusk,20.5937,78.9629,Night
Nagpur,31-50,Medium Risk,Getting off the vehicle improperly,Pedestrian,Rainy,National Highway,Damaged,Daylight,20.5937,78.9629,Afternoon
Nagpur,31-50,Low Risk,Overtaking,Cycle,Clear,Highways,Normal,Dawn,20.5937,78.9629,Afternoon
Nagpur,31-50,Low Risk,Changing lane to the left,Two-Wheeler,Clear,Village Road,Wet,Dark,20.5937,78.9629,Night
Gwalior,18-30,Low Risk,Driving under the influence of drugs,Cycle,Foggy,Highways,Normal,Dusk,20.5937,78.9629,Night
Dhanbad,18-30,Medium Risk,Driving carelessly,Truck,Clear,Highways,Normal,Dark,20.5937,78.9629,Evening
Nagpur,18-30,Low Risk,Moving Backward,Two-Wheeler,Clear,National Highway,Dry,Daylight,20.5937,78.9629,Afternoon
Nagpur,18-30,Low Risk,No distancing,Pedestrian,Clear,National Highway,Normal,Daylight,20.5937,78.9629,Night
Nagpur,50+,Low Risk,No priority to vehicle,Truck,Foggy,National Highway,Under Construction,Dark,20.5937,78.9629,Morning
Nagpur,18-30,Low Risk,Overturning,Cycle,Clear,National Highway,Damaged,Dusk,20.5937,78.9629,Afternoon
Nashik,31-50,Low Risk,Changing lane to the left,Pedestrian,Stormy,Highways,Normal,Daylight,20.5937,78.9629,Night
Faridabad,18-30,Low Risk,No distancing,Car,Clear,Highways,Normal,Daylight,20.5937,78.9629,Afternoon
Nagpur,18-30,Low Risk,Moving Backward,Two-Wheeler,Stormy,National Highway,Dry,Dawn,20.5937,78.9629,Morning
Nagpur,18-30,Low Risk,No priority to vehicle,Two-Wheeler,Clear,Urban Road,Wet,Dawn,20.5937,78.9629,Evening
Nagpur,31-50,Low Risk,No priority to vehicle,Car,Foggy,Village Road,Dry,Dawn,20.5937,78.9629,Evening
Nagpur,31-50,Low Risk,No distancing,Bus,Clear,Highways,Normal,Daylight,20.5937,78.9629,Night
Nagpur,18-30,Low Risk,No distancing,Car,Foggy,Village Road,Damaged,Dawn,20.5937,78.9629,Morning
Nagpur,18-30,Low Risk,Overtaking,Auto-Rickshaw,Clear,Village Road,Wet,Dawn,20.5937,78.9629,Night
Nagpur,18-30,Low Risk,Driving under the influence of drugs,Auto-Rickshaw,Hazy,National Highway,Damaged,Daylight,20.5937,78.9629,Afternoon
Jaipur,18-30,Low Risk,Changing lane to the right,Cycle,Clear,Highways,Normal,Dawn,26.9124,75.7873,Evening
Nagpur,18-30,Low Risk,Changing lane to the left,Pedestrian,Clear,Highways,Normal,Dawn,20.5937,78.9629,Morning
Nagpur,18-30,Low Risk,Driving carelessly,Cycle,Rainy,State Highway,Under Construction,Daylight,20.5937,78.9629,Evening
Nagpur,18-30,Low Risk,Moving Backward,Two-Wheeler,Rainy,State Highway,Under Construction,Dark,20.5937,78.9629,Morning
Nagpur,31-50,Low Risk,Moving Backward,Cycle,Stormy,Highways,Normal,Dark,20.5937,78.9629,Night
Nagpur,31-50,Low Risk,Changing lane to the right,Cycle,Hazy,Urban Road,Damaged,Daylight,20.5937,78.9629,Night
Nagpur,18-30,Low Risk,No priority to vehicle,Pedestrian,Rainy,State Highway,Under Construction,Daylight,20.5937,78.9629,Morning
Nagpur,18-30,Low Risk,Driving at high speed,Car,Rainy,Urban Road,Wet,Daylight,20.5937,78.9629,Afternoon
Nagpur,18-30,Low Risk,Driving under the influence of drugs,Bus,Clear,Village Road,Under Construction,Daylight,20.5937,78.9629,Morning
Nagpur,18-30,Medium Risk,Changing lane to the right,Auto-Rickshaw,Foggy,Urban Road,Damaged,Daylight,20.5937,78.9629,Afternoon
Nagpur,18-30,Low Risk,Driving carelessly,Two-Wheeler,Clear,Highways,Normal,Daylight,20.5937,78.9629,Evening
Nashik,18-30,Low Risk,No distancing,Car,Clear,Highways,Normal,Dark,20.5937,78.9629,Evening
Nashik,50+,Low Risk,Changing lane to the left,Car,Foggy,Highways,Normal,Daylight,20.5937,78.9629,Morning
Nashik,18-30,Low Risk,No distancing,Truck,Clear,Urban Road,Under Construction,Dusk,20.5937,78.9629,Morning
Nashik,31-50,Low Risk,No distancing,Truck,Clear,Urban Road,Dry,Daylight,20.5937,78.9629,Night
Nashik,31-50,Low Risk,Getting off the vehicle improperly,Pedestrian,Clear,Village Road,Dry,Dark,20.5937,78.9629,Night
Nashik,31-50,Low Risk,Overtaking,Car,Foggy,National Highway,Dry,Daylight,20.5937,78.9629,Morning
Nashik,18-30,Low Risk,Driving carelessly,Cycle,Clear,Urban Road,Damaged,Dark,20.5937,78.9629,Night
Nashik,18-30,Medium Risk,Driving under the influence of drugs,Auto-Rickshaw,Clear,Village Road,Damaged,Dawn,20.5937,78.9629,Afternoon
Nashik,18-30,Low Risk,Moving Backward,Auto-Rickshaw,Foggy,Highways,Normal,Dusk,20.5937,78.9629,Morning
Nashik,31-50,Low Risk,Overturning,Bus,Clear,Village Road,Wet,Dawn,20.5937,78.9629,Night
Nashik,18-30,Low Risk,Driving under the influence of drugs,Auto-Rickshaw,Clear,National Highway,Normal,Dusk,20.5937,78.9629,Morning
Nashik,18-30,Low Risk,Changing lane to the right,Two-Wheeler,Clear,Urban Road,Damaged,Dark,20.5937,78.9629,Afternoon
Nashik,50+,Low Risk,Changing lane to the left,Two-Wheeler,Clear,Village Road,Dry,Daylight,20.5937,78.9629,Evening
Nashik,18-30,Low Risk,No distancing,Bus,Hazy,Village Road,Wet,Daylight,20.5937,78.9629,Morning
Nashik,31-50,Low Risk,No distancing,Car,Hazy,Urban Road,Normal,Dusk,20.5937,78.9629,Night
Vijaywada city,18-30,Medium Risk,No priority to vehicle,Car,Clear,Highways,Normal,Daylight,20.5937,78.9629,Night
Nashik,50+,Low Risk,Moving Backward,Truck,Clear,Urban Road,Under Construction,Daylight,20.5937,78.9629,Evening
Nashik,31-50,Low Risk,Moving Backward,Bus,Foggy,Urban Road,Under Construction,Daylight,20.5937,78.9629,Night
Nashik,31-50,Low Risk,Getting off the vehicle improperly,Truck,Clear,Village Road,Wet,Dusk,20.5937,78.9629,Night
Nashik,31-50,Low Risk,Changing lane to the left,Car,Clear,Highways,Normal,Daylight,20.5937,78.9629,Morning
Nashik,18-30,Low Risk,Changing lane to the left,Car,Clear,Village Road,Damaged,Daylight,20.5937,78.9629,Night
Nashik,18-30,Medium Risk,No priority to vehicle,Car,Stormy,Highways,Normal,Daylight,20.5937,78.9629,Night
Aurangabad,18-30,Medium Risk,Changing lane to the right,Cycle,Clear,Highways,Normal,Dawn,20.5937,78.9629,Morning
Nashik,31-50,Low Risk,Changing lane to the right,Car,Hazy,Urban Road,Under Construction,Daylight,20.5937,78.9629,Morning
Nashik,18-30,Medium Risk,Driving carelessly,Car,Foggy,Highways,Normal,Daylight,20.5937,78.9629,Afternoon
Nashik,18-30,Low Risk,Changing lane to the left,Pedestrian,Clear,Urban Road,Dry,Daylight,20.5937,78.9629,Night
Nashik,31-50,Low Risk,Changing lane to the right,Truck,Clear,State Highway,Normal,Daylight,20.5937,78.9629,Afternoon
Nashik,18-30,Low Risk,Driving under the influence of drugs,Truck,Clear,National Highway,Wet,Dark,20.5937,78.9629,Night
Nashik,50+,Medium Risk,Driving carelessly,Truck,Hazy,Urban Road,Damaged,Dusk,20.5937,78.9629,Morning
Nashik,18-30,Medium Risk,No distancing,Pedestrian,Clear,Highways,Normal,Daylight,20.5937,78.9629,Afternoon
Patna,18-30,Low Risk,No priority to vehicle,Bus,Rainy,Highways,Normal,Dark,25.5941,85.1376,Evening
Ahmedabad,50+,Low Risk,No priority to vehicle,Cycle,Clear,Highways,Normal,Dark,23.0225,72.5714,Night
Patna,31-50,High Risk,No priority to vehicle,Cycle,Hazy,Village Road,Dry,Dawn,25.5941,85.1376,Morning
Patna,18-30,Low Risk,Changing lane to the left,Cycle,Rainy,National Highway,Wet,Dawn,25.5941,85.1376,Afternoon
Patna,18-30,Medium Risk,Moving Backward,Two-Wheeler,Clear,Highways,Normal,Dawn,25.5941,85.1376,Evening
Patna,18-30,Low Risk,Driving carelessly,Truck,Rainy,Highways,Normal,Dark,25.5941,85.1376,Afternoon
Patna,18-30,Low Risk,Driving under the influence of drugs,Car,Clear,State Highway,Normal,Daylight,25.5941,85.1376,Evening
Ludhiana,31-50,Low Risk,Changing lane to the right,Two-Wheeler,Clear,Highways,Normal,Daylight,20.5937,78.9629,Morning
Patna,31-50,High Risk,No priority to vehicle,Auto-Rickshaw,Clear,Village Road,Wet,Dusk,25.5941,85.1376,Evening
Patna,18-30,High Risk,Changing lane to the right,Two-Wheeler,Clear,National Highway,Damaged,Daylight,25.5941,85.1376,Morning
Patna,31-50,Medium Risk,Driving to the left,Cycle,Stormy,Highways,Normal,Daylight,25.5941,85.1376,Evening
Bhopal,18-30,Low Risk,Moving Backward,Truck,Clear,Highways,Normal,Dawn,20.5937,78.9629,Night
Patna,18-30,Low Risk,No priority to vehicle,Car,Rainy,Village Road,Damaged,Daylight,25.5941,85.1376,Evening
Patna,18-30,Low Risk,No distancing,Truck,Hazy,National Highway,Damaged,Dawn,25.5941,85.1376,Night
Patna,18-30,Low Risk,Driving carelessly,Two-Wheeler,Clear,National Highway,Dry,Daylight,25.5941,85.1376,Evening
Thrissur,18-30,Low Risk,Changing lane to the left,Cycle,Hazy,Highways,Normal,Dusk,20.5937,78.9629,Evening
Patna,50+,Low Risk,No priority to vehicle,Two-Wheeler,Clear,Highways,Normal,Daylight,25.5941,85.1376,Night
Patna,18-30,Low Risk,No priority to vehicle,Truck,Clear,Urban Road,Under Construction,Dusk,25.5941,85.1376,Morning
Patna,18-30,Low Risk,No distancing,Cycle,Hazy,Village Road,Wet,Daylight,25.5941,85.1376,Morning
Patna,18-30,Low Risk,Driving to the left,Pedestrian,Clear,Highways,Normal,Dawn,25.5941,85.1376,Night
Patna,18-30,Low Risk,Driving carelessly,Pedestrian,Hazy,National Highway,Wet,Dusk,25.5941,85.1376,Morning
Patna,18-30,Low Risk,Driving carelessly,Auto-Rickshaw,Clear,State Highway,Wet,Daylight,25.5941,85.1376,Afternoon
Patna,18-30,Low Risk,Changing lane to the right,Two-Wheeler,Rainy,Village Road,Wet,Daylight,25.5941,85.1376,Morning
Patna,18-30,Low Risk,Driving carelessly,Two-Wheeler,Clear,Village Road,Dry,Dawn,25.5941,85.1376,Night
Patna,18-30,Medium Risk,Changing lane to the left,Car,Rainy,Highways,Normal,Daylight,25.5941,85.1376,Night
Srinagar,31-50,Medium Risk,Driving carelessly,Auto-Rickshaw,Clear,Highways,Normal,Daylight,20.5937,78.9629,Evening
Patna,18-30,Low Risk,Driving carelessly,Pedestrian,Clear,National Highway,Wet,Dawn,25.5941,85.1376,Night
Patna,50+,Low Risk,Driving under the influence of drugs,Pedestrian,Clear,Highways,Normal,Dark,25.5941,85.1376,Night
Patna,31-50,Medium Risk,Driving carelessly,Bus,Clear,State Highway,Damaged,Dark,25.5941,85.1376,Night
Patna,18-30,Low Risk,No distancing,Cycle,Foggy,Highways,Normal,Dawn,25.5941,85.1376,Evening
Pune,18-30,Low Risk,Driving carelessly,Car,Hazy,Village Road,Under Construction,Daylight,18.5204,73.8567,Night
Jodhpur,50+,Low Risk,Driving to the left,Bus,Clear,Highways,Normal,Dark,20.5937,78.9629,Night
Pune,18-30,Medium Risk,Overtaking,Car,Hazy,Highways,Normal,Dusk,18.5204,73.8567,Afternoon
Coimbatore,31-50,Low Risk,No distancing,Car,Clear,Highways,Normal,Dark,20.5937,78.9629,Evening
Pune,18-30,Low Risk,Driving carelessly,Pedestrian,Foggy,National Highway,Damaged,Daylight,18.5204,73.8567,Afternoon
Jodhpur,18-30,Low Risk,No priority to vehicle,Two-Wheeler,Clear,Highways,Normal,Dawn,20.5937,78.9629,Evening
Pune,31-50,Low Risk,No priority to vehicle,Auto-Rickshaw,Clear,State Highway,Dry,Dusk,18.5204,73.8567,Evening
Pune,31-50,Low Risk,No priority to vehicle,Cycle,Rainy,State Highway,Under Construction,Daylight,18.5204,73.8567,Morning
Pune,18-30,Low Risk,No priority to vehicle,Car,Clear,Highways,Normal,Daylight,18.5204,73.8567,Night
Pune,18-30,Low Risk,No distancing,Bus,Stormy,Highways,Normal,Daylight,18.5204,73.8567,Night
Pune,50+,Medium Risk,Moving Backward,Car,Clear,Urban Road,Damaged,Daylight,18.5204,73.8567,Night
Pune,50+,Medium Risk,No distancing,Pedestrian,Clear,Village Road,Dry,Daylight,18.5204,73.8567,Night
Pune,31-50,Medium Risk,Changing lane to the left,Bus,Rainy,Village Road,Damaged,Daylight,18.5204,73.8567,Night
Pune,18-30,Low Risk,Changing lane to the left,Two-Wheeler,Clear,State Highway,Dry,Dawn,18.5204,73.8567,Evening
Lucknow,31-50,Low Risk,No priority to pedestrian,Truck,Clear,Highways,Normal,Dusk,26.8467,80.9462,Night
Pune,18-30,Medium Risk,Moving Backward,Two-Wheeler,Foggy,Highways,Normal,Dusk,18.5204,73.8567,Morning
Pune,18-30,Low Risk,Changing lane to the left,Two-Wheeler,Clear,Village Road,Normal,Daylight,18.5204,73.8567,Morning
Pune,31-50,Low Risk,No distancing,Two-Wheeler,Clear,State Highway,Under Construction,Dusk,18.5204,73.8567,Evening
Pune,31-50,Low Risk,No priority to vehicle,Pedestrian,Stormy,State Highway,Wet,Daylight,18.5204,73.8567,Morning
Pune,18-30,Low Risk,Changing lane to the right,Car,Clear,Highways,Normal,Dark,18.5204,73.8567,Morning
Pune,18-30,Medium Risk,No distancing,Truck,Clear,Village Road,Dry,Dark,18.5204,73.8567,Night
Pune,18-30,Low Risk,No distancing,Truck,Clear,State Highway,Wet,Dark,18.5204,73.8567,Afternoon
Rajkot,31-50,Low Risk,Getting off the vehicle improperly,Two-Wheeler,Clear,Highways,Normal,Daylight,20.5937,78.9629,Night
Pune,31-50,Medium Risk,No priority to pedestrian,Auto-Rickshaw,Foggy,State Highway,Damaged,Daylight,18.5204,73.8567,Night
Pune,31-50,Low Risk,Changing lane to the left,Pedestrian,Clear,State Highway,Under Construction,Daylight,18.5204,73.8567,Evening
Chennai,18-30,Medium Risk,No distancing,Auto-Rickshaw,Clear,Highways,Normal,Dawn,13.0827,80.2707,Afternoon
Pune,18-30,Medium Risk,Driving carelessly,Cycle,Clear,Urban Road,Damaged,Dawn,18.5204,73.8567,Afternoon
Pune,18-30,Low Risk,No distancing,Truck,Clear,Highways,Normal,Daylight,18.5204,73.8567,Morning
Pune,18-30,Low Risk,Changing lane to the right,Bus,Rainy,Village Road,Damaged,Daylight,18.5204,73.8567,Night
Jaipur,18-30,Low Risk,Overtaking,Truck,Clear,Highways,Normal,Dark,26.9124,75.7873,Night
Raipur,31-50,Low Risk,Driving carelessly,Cycle,Clear,Highways,Normal,Daylight,20.5937,78.9629,Morning
Raipur,31-50,Low Risk,Moving Backward,Car,Stormy,National Highway,Wet,Daylight,20.5937,78.9629,Night
Raipur,31-50,Medium Risk,No distancing,Two-Wheeler,Clear,State Highway,Normal,Daylight,20.5937,78.9629,Morning
Raipur,31-50,Medium Risk,Overtaking,Bus,Clear,State Highway,Wet,Daylight,20.5937,78.9629,Evening
Raipur,50+,Medium Risk,Driving carelessly,Two-Wheeler,Clear,Highways,Normal,Daylight,20.5937,78.9629,Night
Kochi,31-50,Low Risk,Driving carelessly,Truck,Foggy,Highways,Normal,Daylight,20.5937,78.9629,Morning
Raipur,31-50,Medium Risk,Moving Backward,Two-Wheeler,Clear,Urban Road,Dry,Dawn,20.5937,78.9629,Afternoon
Pune,31-50,Medium Risk,Driving carelessly,Auto-Rickshaw,Stormy,Highways,Normal,Daylight,18.5204,73.8567,Afternoon
Raipur,31-50,Low Risk,Driving to the left,Cycle,Foggy,State Highway,Damaged,Daylight,20.5937,78.9629,Night
Raipur,18-30,Low Risk,Changing lane to the left,Car,Clear,State Highway,Wet,Dark,20.5937,78.9629,Night
Raipur,18-30,Low Risk,No distancing,Auto-Rickshaw,Hazy,State Highway,Under Construction,Dusk,20.5937,78.9629,Night
Raipur,18-30,Low Risk,No distancing,Cycle,Clear,Village Road,Under Construction,Daylight,20.5937,78.9629,Afternoon
Raipur,50+,Low Risk,Changing lane to the right,Pedestrian,Clear,Highways,Normal,Daylight,20.5937,78.9629,Morning
Raipur,18-30,Low Risk,Driving under the influence of drugs,Two-Wheeler,Clear,Highways,Normal,Daylight,20.5937,78.9629,Evening
Raipur,31-50,Low Risk,Changing lane to the right,Auto-Rickshaw,Clear,Highways,Normal,Daylight,20.5937,78.9629,Evening
Raipur,31-50,Low Risk,Changing lane to the left,Bus,Foggy,National Highway,Damaged,Dusk,20.5937,78.9629,Night
Raipur,18-30,Low Risk,Moving Backward,Car,Clear,Urban Road,Wet,Dusk,20.5937,78.9629,Morning
Raipur,18-30,Low Risk,No distancing,Auto-Rickshaw,Foggy,Village Road,Dry,Daylight,20.5937,78.9629,Morning
Raipur,18-30,Medium Risk,Changing lane to the right,Truck,Rainy,State Highway,Under Construction,Daylight,20.5937,78.9629,Morning
Raipur,18-30,Medium Risk,Moving Backward,Auto-Rickshaw,Clear,National Highway,Damaged,Daylight,20.5937,78.9629,Morning
Raipur,18-30,Medium Risk,No distancing,Auto-Rickshaw,Foggy,Highways,Normal,Daylight,20.5937,78.9629,Night
Bengaluru,18-30,Medium Risk,Driving to the left,Auto-Rickshaw,Clear,Highways,Normal,Dawn,12.9716,77.5946,Morning
Raipur,18-30,Low Risk,Driving to the left,Cycle,Foggy,Highways,Normal,Daylight,20.5937,78.9629,Night
Raipur,31-50,Low Risk,Moving Backward,Pedestrian,Stormy,Highways,Normal,Dark,20.5937,78.9629,Morning
Raipur,18-30,Medium Risk,Moving Backward,Auto-Rickshaw,Rainy,Village Road,Damaged,Dawn,20.5937,78.9629,Morning
Raipur,18-30,Low Risk,Overtaking,Cycle,Clear,Highways,Normal,Daylight,20.5937,78.9629,Evening
Lucknow,18-30,Low Risk,Driving carelessly,Car,Clear,Highways,Normal,Daylight,26.8467,80.9462,Morning
Raipur,31-50,Low Risk,Changing lane to the left,Bus,Clear,Highways,Normal,Dark,20.5937,78.9629,Night
Raipur,18-30,Low Risk,Driving under the influence of drugs,Car,Hazy,Village Road,Wet,Dark,20.5937,78.9629,Afternoon
Raipur,31-50,Low Risk,No distancing,Auto-Rickshaw,Clear,Village Road,Damaged,Daylight,20.5937,78.9629,Evening
Rajkot,18-30,Low Risk,Moving Backward,Truck,Clear,National Highway,Dry,Dawn,20.5937,78.9629,Afternoon
Rajkot,31-50,Low Risk,Changing lane to the left,Pedestrian,Clear,Village Road,Dry,Dusk,20.5937,78.9629,Night
Rajkot,18-30,Low Risk,Changing lane to the right,Cycle,Clear,Highways,Normal,Dawn,20.5937,78.9629,Afternoon
Rajkot,18-30,Low Risk,No distancing,Auto-Rickshaw,Clear,Highways,Normal,Daylight,20.5937,78.9629,Night
Rajkot,18-30,Low Risk,Driving at high speed,Truck,Stormy,State Highway,Damaged,Daylight,20.5937,78.9629,Afternoon
Rajkot,18-30,Low Risk,Changing lane to the right,Auto-Rickshaw,Clear,Village Road,Dry,Daylight,20.5937,78.9629,Afternoon
Kanpur,31-50,Low Risk,No priority to vehicle,Bus,Clear,Highways,Normal,Dawn,26.4499,80.3319,Night
Rajkot,31-50,Medium Risk,No distancing,Car,Clear,Urban Road,Wet,Daylight,20.5937,78.9629,Night
Rajkot,18-30,Medium Risk,Turnover,Car,Stormy,National Highway,Dry,Daylight,20.5937,78.9629,Evening
Rajkot,31-50,Low Risk,No distancing,Pedestrian,Clear,Highways,Normal,Dark,20.5937,78.9629,Night
Rajkot,18-30,Low Risk,Changing lane to the right,Car,Clear,State Highway,Damaged,Dusk,20.5937,78.9629,Night
Rajkot,50+,Low Risk,No distancing,Car,Stormy,Urban Road,Under Construction,Daylight,20.5937,78.9629,Evening
Rajkot,18-30,Medium Risk,Changing lane to the left,Two-Wheeler,Stormy,National Highway,Dry,Daylight,20.5937,78.9629,Night
Rajkot,31-50,Low Risk,Driving carelessly,Bus,Foggy,Highways,Normal,Dusk,20.5937,78.9629,Night
Bengaluru,50+,Low Risk,Changing lane to the right,Auto-Rickshaw,Foggy,Highways,Normal,Daylight,12.9716,77.5946,Morning
Rajkot,31-50,Medium Risk,No priority to vehicle,Cycle,Clear,State Highway,Under Construction,Dark,20.5937,78.9629,Morning
Rajkot,31-50,Low Risk,No distancing,Auto-Rickshaw,Hazy,National Highway,Damaged,Dawn,20.5937,78.9629,Morning
Rajkot,31-50,Low Risk,No priority to pedestrian,Two-Wheeler,Clear,National Highway,Damaged,Daylight,20.5937,78.9629,Night