Million_Plus_Cities,Age_band_of_driver,Accident_severity,Cause_of_accident,Vehicle Type Involved,Weather Conditions,Road Type,Road Condition,Lighting Conditions,Latitude,Longitude,Time_Block
Aurangabad,18-30,Low Risk,Moving Backward,Two-Wheeler,Rainy,Urban Road,Under Construction,Dusk,20.5937,78.9629,Night
Aurangabad,31-50,Low Risk,No distancing,Car,Clear,State Highway,Normal,Daylight,20.5937,78.9629,Afternoon
Meerut,31-50,Low Risk,No distancing,Cycle,Clear,Highways,Normal,Dawn,20.5937,78.9629,Morning
Aurangabad,18-30,Low Risk,No distancing,Truck,Hazy,State Highway,Dry,Dark,20.5937,78.9629,Night
Aurangabad,50+,Low Risk,Changing lane to the left,Car,Stormy,National Highway,Dry,Daylight,20.5937,78.9629,Morning
Aurangabad,18-30,Low Risk,Changing lane to the left,Pedestrian,Clear,Highways,Normal,Daylight,20.5937,78.9629,Evening
Aurangabad,31-50,Low Risk,Moving Backward,Cycle,Clear,Highways,Normal,Daylight,20.5937,78.9629,Night
Aurangabad,18-30,Low Risk,Changing lane to the right,Cycle,Clear,Urban Road,Dry,Dark,20.5937,78.9629,Morning
Ghaziabad,31-50,Low Risk,No priority to vehicle,Auto-Rickshaw,Clear,Highways,Normal,Daylight,20.5937,78.9629,Night
Aurangabad,18-30,Low Risk,Moving Backward,Two-Wheeler,Clear,Village Road,Dry,Dusk,20.5937,78.9629,Evening
Aurangabad,18-30,Low Risk,Driving carelessly,Bus,Stormy,Village Road,Under Construction,Dusk,20.5937,78.9629,Evening
Aurangabad,18-30,Low Risk,Driving carelessly,Two-Wheeler,Foggy,Urban Road,Wet,Daylight,20.5937,78.9629,Evening
Aurangabad,31-50,Low Risk,Driving under the influence of drugs,Truck,Clear,Urban Road,Damaged,Daylight,20.5937,78.9629,Night
Aurangabad,18-30,Low Risk,No priority to pedestrian,Cycle,Clear,Highways,Normal,Dark,20.5937,78.9629,Afternoon
Aurangabad,18-30,Low Risk,No priority to vehicle,Truck,Clear,Urban Road,Dry,Daylight,20.5937,78.9629,Night
Aurangabad,18-30,Low Risk,Driving carelessly,Two-Wheeler,Clear,Urban Road,Damaged,Dawn,20.5937,78.9629,Evening
Aurangabad,18-30,Low Risk,Moving Backward,Two-Wheeler,Rainy,Village Road,Wet,Daylight,20.5937,78.9629,Night
Aurangabad,18-30,Medium Risk,Driving carelessly,Cycle,Hazy,State Highway,Wet,Dark,20.5937,78.9629,Morning
Aurangabad,18-30,Low Risk,No priority to vehicle,Truck,Foggy,Highways,Normal,Daylight,20.5937,78.9629,Night
Aurangabad,18-30,Low Risk,Changing lane to the right,Two-Wheeler,Rainy,Urban Road,Wet,Daylight,20.5937,78.9629,Afternoon
Aurangabad,18-30,Low Risk,Changing lane to the left,Car,Stormy,Urban Road,Under Construction,Dusk,20.5937,78.9629,Evening
Aurangabad,31-50,Low Risk,No priority to vehicle,Two-Wheeler,Clear,Urban Road,Damaged,Dusk,20.5937,78.9629,Evening
Aurangabad,31-50,Low Risk,Driving carelessly,Bus,Stormy,State Highway,Wet,Daylight,20.5937,78.9629,Morning
Bengaluru,31-50,Low Risk,Moving Backward,Cycle,Clear,Urban Road,Damaged,Dusk,12.9716,77.5946,Morning
Bengaluru,18-30,Low Risk,No distancing,Bus,Clear,Highways,Normal,Dawn,12.9716,77.5946,Evening
Bengaluru,18-30,Medium Risk,Changing lane to the left,Truck,Rainy,Highways,Normal,Daylight,12.9716,77.5946,Night
Agra,18-30,Low Risk,Changing lane to the left,Car,Rainy,Highways,Normal,Dawn,27.1767,78.0081,Evening
Bengaluru,31-50,Low Risk,No distancing,Two-Wheeler,Hazy,National Highway,Dry,Daylight,12.9716,77.5946,Evening
Bengaluru,18-30,Low Risk,Changing lane to the left,Car,Stormy,Village Road,Dry,Daylight,12.9716,77.5946,Afternoon
Bengaluru,18-30,Low Risk,Driving carelessly,Truck,Rainy,Village Road,Under Construction,Daylight,12.9716,77.5946,Night
Kota,18-30,Low Risk,Changing lane to the left,Pedestrian,Rainy,Highways,Normal,Daylight,20.5937,78.9629,Morning
Bengaluru,50+,Low Risk,No distancing,Cycle,Foggy,State Highway,Dry,Daylight,12.9716,77.5946,Night
Bengaluru,18-30,Low Risk,Changing lane to the right,Car,Clear,Urban Road,Normal,Daylight,12.9716,77.5946,Evening
Bengaluru,18-30,Low Risk,No distancing,Auto-Rickshaw,Clear,State Highway,Wet,Dark,12.9716,77.5946,Morning
Bengaluru,18-30,Low Risk,Driving to the left,Truck,Clear,Urban Road,Damaged,Daylight,12.9716,77.5946,Evening
Bengaluru,31-50,Low Risk,No distancing,Cycle,Hazy,Urban Road,Dry,Dark,12.9716,77.5946,Night
Chennai,18-30,Low Risk,Overtaking,Auto-Rickshaw,Foggy,Highways,Normal,Daylight,13.0827,80.2707,Night
Bengaluru,31-50,Low Risk,Driving under the influence of drugs,Two-Wheeler,Foggy,State Highway,Wet,Dark,12.9716,77.5946,Night
Bengaluru,50+,Low Risk,No priority to pedestrian,Cycle,Clear,Village Road,Damaged,Daylight,12.9716,77.5946,Night
Bengaluru,18-30,Low Risk,Moving Backward,Pedestrian,Stormy,National Highway,Under Construction,Dawn,12.9716,77.5946,Night
Thrissur,31-50,Low Risk,Changing lane to the right,Truck,Clear,Highways,Normal,Dawn,20.5937,78.9629,Night
Vijaywada city,31-50,Low Risk,Changing lane to the left,Auto-Rickshaw,Clear,Highways,Normal,Dawn,20.5937,78.9629,Afternoon
Raipur,18-30,Low Risk,Changing lane to the right,Car,Foggy,Highways,Normal,Dawn,20.5937,78.9629,Night
Bengaluru,31-50,Low Risk,Driving under the influence of drugs,Cycle,Rainy,National Highway,Dry,Dusk,12.9716,77.5946,Night
Bengaluru,18-30,Low Risk,No priority to vehicle,Cycle,Hazy,National Highway,Under Construction,Daylight,12.9716,77.5946,Evening
Bengaluru,31-50,Low Risk,No priority to vehicle,Auto-Rickshaw,Clear,State Highway,Under Construction,Daylight,12.9716,77.5946,Afternoon
Bengaluru,18-30,Low Risk,Changing lane to the left,Cycle,Clear,National Highway,Damaged,Daylight,12.9716,77.5946,Evening
Pune,31-50,Low Risk,Changing lane to the right,Auto-Rickshaw,Clear,Highways,Normal,Daylight,18.5204,73.8567,Night
Bengaluru,31-50,Low Risk,Changing lane to the right,Pedestrian,Rainy,State Highway,Wet,Daylight,12.9716,77.5946,Morning
Bengaluru,18-30,Low Risk,Changing lane to the left,Bus,Clear,Highways,Normal,Daylight,12.9716,77.5946,Morning
Bengaluru,18-30,Low Risk,Changing lane to the left,Two-Wheeler,Clear,Village Road,Damaged,Daylight,12.9716,77.5946,Evening
Bengaluru,18-30,Low Risk,Getting off the vehicle improperly,Pedestrian,Foggy,Village Road,Under Construction,Dark,12.9716,77.5946,Night
Bengaluru,18-30,Low Risk,Overtaking,Pedestrian,Clear,National Highway,Dry,Dawn,12.9716,77.5946,Night
Bhopal,18-30,Low Risk,Changing lane to the left,Car,Rainy,National Highway,Dry,Daylight,20.5937,78.9629,Afternoon
Bhopal,31-50,Low Risk,Driving under the influence of drugs,Car,Clear,Village Road,Damaged,Dawn,20.5937,78.9629,Afternoon
Bhopal,31-50,Low Risk,Driving carelessly,Bus,Clear,Village Road,Under Construction,Dawn,20.5937,78.9629,Afternoon
Bhopal,18-30,Low Risk,Moving Backward,Two-Wheeler,Clear,Village Road,Under Construction,Daylight,20.5937,78.9629,Afternoon
Bhopal,18-30,Low Risk,No distancing,Car,Clear,National Highway,Wet,Dusk,20.5937,78.9629,Night
Bhopal,18-30,Low Risk,No priority to vehicle,Auto-Rickshaw,Foggy,Village Road,Wet,Dusk,20.5937,78.9629,Evening
Bhopal,31-50,Low Risk,Overturning,Two-Wheeler,Clear,State Highway,Under Construction,Dawn,20.5937,78.9629,Afternoon
Bhopal,18-30,Low Risk,Changing lane to the left,Pedestrian,Hazy,National Highway,Under Construction,Dark,20.5937,78.9629,Afternoon
Bhopal,31-50,Low Risk,No distancing,Truck,Foggy,National Highway,Dry,Dusk,20.5937,78.9629,Night
Bhopal,18-30,Low Risk,Moving Backward,Car,Stormy,National Highway,Wet,Dark,20.5937,78.9629,Afternoon
Bhopal,31-50,Low Risk,No priority to vehicle,Car,Clear,Village Road,Under Construction,Daylight,20.5937,78.9629,Morning
Bhopal,18-30,Low Risk,No priority to vehicle,Auto-Rickshaw,Clear,State Highway,Dry,Daylight,20.5937,78.9629,Morning
Bhopal,18-30,Low Risk,No distancing,Car,Hazy,Village Road,Dry,Dusk,20.5937,78.9629,Morning
Khozikode,18-30,Medium Risk,No distancing,Truck,Stormy,Highways,Normal,Daylight,20.5937,78.9629,Morning
Bhopal,18-30,Low Risk,Overtaking,Auto-Rickshaw,Clear,Highways,Normal,Dark,20.5937,78.9629,Morning
Bhopal,31-50,Low Risk,Driving under the influence of drugs,Two-Wheeler,Clear,Village Road,Wet,Dawn,20.5937,78.9629,Morning
Bhopal,31-50,Low Risk,Changing lane to the right,Pedestrian,Clear,Village Road,Damaged,Dark,20.5937,78.9629,Afternoon
Bhopal,31-50,Low Risk,Changing lane to the left,Two-Wheeler,Clear,National Highway,Normal,Dawn,20.5937,78.9629,Night
Bhopal,31-50,Medium Risk,Driving carelessly,Car,Clear,Highways,Normal,Dark,20.5937,78.9629,Night
Bhopal,18-30,Low Risk,Moving Backward,Pedestrian,Rainy,State Highway,Dry,Daylight,20.5937,78.9629,Evening
Amritsar,50+,Low Risk,Moving Backward,Cycle,Hazy,Highways,Normal,Dusk,20.5937,78.9629,Morning
Bhopal,18-30,Low Risk,Changing lane to the right,Cycle,Clear,Highways,Normal,Daylight,20.5937,78.9629,Night
Rajkot,18-30,Medium Risk,No priority to vehicle,Cycle,Rainy,Highways,Normal,Daylight,20.5937,78.9629,Afternoon
Bhopal,18-30,Medium Risk,Driving at high speed,Pedestrian,Stormy,Urban Road,Dry,Dusk,20.5937,78.9629,Afternoon
Bhopal,18-30,Low Risk,Driving under the influence of drugs,Pedestrian,Rainy,Village Road,Damaged,Dawn,20.5937,78.9629,Evening
Bhopal,18-30,Low Risk,Changing lane to the right,Auto-Rickshaw,Rainy,State Highway,Wet,Dawn,20.5937,78.9629,Night
Bhopal,18-30,Low Risk,Driving carelessly,Car,Foggy,National Highway,Wet,Dusk,20.5937,78.9629,Afternoon
Thiruvanthapuram,18-30,Low Risk,No distancing,Car,Clear,Highways,Normal,Daylight,20.5937,78.9629,Morning
Bhopal,50+,Low Risk,Changing lane to the left,Pedestrian,Clear,National Highway,Normal,Dawn,20.5937,78.9629,Morning
Mallapuram,31-50,Low Risk,No distancing,Pedestrian,Clear,Highways,Normal,Daylight,20.5937,78.9629,Morning
Chandigarh,31-50,Medium Risk,No distancing,Cycle,Clear,National Highway,Normal,Daylight,20.5937,78.9629,Night
Chandigarh,18-30,Low Risk,Getting off the vehicle improperly,Pedestrian,Hazy,Highways,Normal,Daylight,20.5937,78.9629,Evening
Mallapuram,18-30,Medium Risk,Overtaking,Pedestrian,Clear,Highways,Normal,Daylight,20.5937,78.9629,Night
Varanasi,50+,Medium Risk,Driving carelessly,Car,Clear,Highways,Normal,Daylight,25.3176,82.9739,Evening
Chandigarh,31-50,Low Risk,Driving under the influence of drugs,Bus,Clear,Village Road,Wet,Dark,20.5937,78.9629,Night
Chandigarh,50+,Low Risk,Moving Backward,Two-Wheeler,Clear,Highways,Normal,Daylight,20.5937,78.9629,Night
Chandigarh,18-30,Low Risk,Overturning,Cycle,Clear,Urban Road,Wet,Daylight,20.5937,78.9629,Night
Chandigarh,18-30,Low Risk,Driving under the influence of drugs,Pedestrian,Foggy,Urban Road,Wet,Dark,20.5937,78.9629,Night
Mallapuram,18-30,Low Risk,Changing lane to the right,Auto-Rickshaw,Hazy,Highways,Normal,Dark,20.5937,78.9629,Afternoon
Chandigarh,31-50,Low Risk,Changing lane to the left,Car,Clear,National Highway,Under Construction,Dusk,20.5937,78.9629,Morning
Chandigarh,18-30,Low Risk,No distancing,Bus,Stormy,State Highway,Damaged,Dusk,20.5937,78.9629,Afternoon
Chandigarh,31-50,Low Risk,No distancing,Car,Rainy,Village Road,Damaged,Dusk,20.5937,78.9629,Evening
Chandigarh,31-50,Low Risk,No priority to vehicle,Bus,Clear,Urban Road,Dry,Dark,20.5937,78.9629,Afternoon
Chandigarh,18-30,Low Risk,Moving Backward,Cycle,Stormy,Village Road,Damaged,Daylight,20.5937,78.9629,Night
Chandigarh,18-30,Low Risk,Moving Backward,Car,Hazy,Village Road,Damaged,Daylight,20.5937,78.9629,Morning
Chandigarh,18-30,Low Risk,Getting off the vehicle improperly,Car,Clear,Urban Road,Dry,Daylight,20.5937,78.9629,Afternoon
Chandigarh,18-30,Low Risk,Changing lane to the left,Car,Rainy,Highways,Normal,Dusk,20.5937,78.9629,Afternoon
Chandigarh,31-50,Medium Risk,Changing lane to the left,Cycle,Clear,Highways,Normal,Daylight,20.5937,78.9629,Evening
Nashik,31-50,Low Risk,No priority to vehicle,Two-Wheeler,Clear,Highways,Normal,Daylight,20.5937,78.9629,Evening
Chandigarh,18-30,Medium Risk,Changing lane to the right,Bus,Clear,Village Road,Wet,Dark,20.5937,78.9629,Afternoon
Chandigarh,18-30,Medium Risk,Changing lane to the right,Two-Wheeler,Stormy,Village Road,Wet,Dawn,20.5937,78.9629,Night
Chandigarh,50+,Medium Risk,Driving carelessly,Two-Wheeler,Clear,National Highway,Under Construction,Dusk,20.5937,78.9629,Night
Chandigarh,31-50,Medium Risk,Changing lane to the left,Truck,Rainy,State Highway,Wet,Dawn,20.5937,78.9629,Night
Chandigarh,18-30,Low Risk,Changing lane to the right,Auto-Rickshaw,Stormy,National Highway,Normal,Dark,20.5937,78.9629,Night
Chandigarh,18-30,Low Risk,Driving under the influence of drugs,Pedestrian,Clear,State Highway,Under Construction,Dark,20.5937,78.9629,Afternoon
Chandigarh,18-30,Low Risk,Driving carelessly,Car,Clear,Village Road,Dry,Dark,20.5937,78.9629,Night
Nashik,18-30,Low Risk,No distancing,Car,Clear,Highways,Normal,Dawn,20.5937,78.9629,Afternoon
Chandigarh,31-50,Medium Risk,No priority to vehicle,Auto-Rickshaw,Foggy,Highways,Normal,Dusk,20.5937,78.9629,Night
Chandigarh,31-50,Medium Risk,No priority to vehicle,Truck,Clear,Highways,Normal,Dusk,20.5937,78.9629,Evening
Chandigarh,31-50,Low Risk,No priority to vehicle,Truck,Foggy,Highways,Normal,Dark,20.5937,78.9629,Morning
Chennai,31-50,Low Risk,Changing lane to the left,Car,Foggy,Urban Road,Damaged,Daylight,13.0827,80.2707,Night
Chennai,31-50,Low Risk,Moving Backward,Auto-Rickshaw,Clear,National Highway,Under Construction,Daylight,13.0827,80.2707,Afternoon
Chennai,18-30,Low Risk,Driving carelessly,Bus,Rainy,National Highway,Wet,Daylight,13.0827,80.2707,Morning
Nagpur,18-30,Medium Risk,Driving under the influence of drugs,Two-Wheeler,Clear,Highways,Normal,Dawn,20.5937,78.9629,Evening
Chennai,18-30,Medium Risk,Changing lane to the right,Cycle,Clear,Highways,Normal,Daylight,13.0827,80.2707,Morning
Chennai,50+,Low Risk,No priority to vehicle,Pedestrian,Foggy,Village Road,Wet,Daylight,13.0827,80.2707,Night
Chennai,50+,Low Risk,Changing lane to the right,Car,Stormy,National Highway,Under Construction,Daylight,13.0827,80.2707,Morning
Chennai,18-30,Low Risk,Driving to the left,Cycle,Rainy,State Highway,Under Construction,Daylight,13.0827,80.2707,Morning
Chennai,18-30,Low Risk,Moving Backward,Two-Wheeler,Clear,Village Road,Wet,Dusk,13.0827,80.2707,Morning
Chennai,18-30,Medium Risk,No priority to vehicle,Car,Clear,Village Road,Normal,Dawn,13.0827,80.2707,Morning
Chennai,31-50,Medium Risk,No distancing,Car,Foggy,Highways,Normal,Daylight,13.0827,80.2707,Morning
Chennai,50+,Low Risk,Driving carelessly,Pedestrian,Clear,Highways,Normal,Daylight,13.0827,80.2707,Morning
Chennai,50+,Low Risk,Changing lane to the left,Car,Clear,National Highway,Damaged,Dark,13.0827,80.2707,Morning
Chennai,18-30,Low Risk,No priority to vehicle,Truck,Rainy,National Highway,Damaged,Daylight,13.0827,80.2707,Night
Chennai,18-30,Low Risk,No priority to vehicle,Truck,Clear,State Highway,Dry,Daylight,13.0827,80.2707,Afternoon
Chennai,31-50,Low Risk,No distancing,Car,Clear,Highways,Normal,Daylight,13.0827,80.2707,Night
Chennai,18-30,Low Risk,Driving to the left,Car,Clear,Village Road,Damaged,Daylight,13.0827,80.2707,Night
Khozikode,31-50,Low Risk,Driving carelessly,Cycle,Clear,Highways,Normal,Daylight,20.5937,78.9629,Night
Chennai,31-50,Low Risk,Driving carelessly,Car,Hazy,Urban Road,Wet,Daylight,13.0827,80.2707,Evening
Chennai,31-50,Medium Risk,Changing lane to the right,Bus,Clear,Village Road,Wet,Daylight,13.0827,80.2707,Morning
Chennai,18-30,Low Risk,Driving carelessly,Bus,Hazy,Urban Road,Dry,Dusk,13.0827,80.2707,Morning
Chennai,18-30,Low Risk,Changing lane to the left,Truck,Clear,State Highway,Under Construction,Daylight,13.0827,80.2707,Evening
Chennai,18-30,Medium Risk,Driving carelessly,Pedestrian,Clear,Village Road,Damaged,Daylight,13.0827,80.2707,Evening
Chennai,18-30,Medium Risk,Driving carelessly,Truck,Rainy,State Highway,Dry,Daylight,13.0827,80.2707,Afternoon
Chennai,18-30,Medium Risk,Driving under the influence of drugs,Truck,Foggy,State Highway,Dry,Dusk,13.0827,80.2707,Evening
Kolkata,18-30,Low Risk,Driving carelessly,Pedestrian,Clear,Highways,Normal,Daylight,22.5726,88.3639,Night
Chennai,18-30,Low Risk,No distancing,Pedestrian,Clear,Urban Road,Damaged,Dark,13.0827,80.2707,Night
Chennai,18-30,Low Risk,Driving carelessly,Pedestrian,Clear,Highways,Normal,Dusk,13.0827,80.2707,Morning
Chennai,18-30,Low Risk,Driving to the left,Pedestrian,Clear,Highways,Normal,Daylight,13.0827,80.2707,Afternoon
Chennai,18-30,Low Risk,Overtaking,Cycle,Clear,Village Road,Wet,Daylight,13.0827,80.2707,Night
Coimbatore,18-30,Low Risk,No distancing,Bus,Foggy,Urban Road,Under Construction,Dark,20.5937,78.9629,Morning
Coimbatore,18-30,Low Risk,Driving carelessly,Bus,Hazy,Urban Road,Damaged,Dark,20.5937,78.9629,Night
Coimbatore,18-30,Low Risk,Moving Backward,Cycle,Rainy,Village Road,Dry,Dawn,20.5937,78.9629,Afternoon
Faridabad,18-30,Medium Risk,Overtaking,Bus,Clear,Highways,Normal,Dark,20.5937,78.9629,Night
Coimbatore,18-30,Low Risk,Changing lane to the left,Car,Rainy,Urban Road,Under Construction,Dusk,20.5937,78.9629,Morning
Coimbatore,18-30,Low Risk,Changing lane to the right,Auto-Rickshaw,Clear,Urban Road,Under Construction,Dusk,20.5937,78.9629,Morning
Coimbatore,18-30,Low Risk,Overtaking,Car,Clear,National Highway,Normal,Daylight,20.5937,78.9629,Night
Coimbatore,50+,Low Risk,Overloading,Car,Hazy,State Highway,Dry,Dawn,20.5937,78.9629,Morning
Coimbatore,31-50,Low Risk,Other,Bus,Clear,State Highway,Under Construction,Dusk,20.5937,78.9629,Night
Coimbatore,18-30,Low Risk,No priority to vehicle,Auto-Rickshaw,Clear,State Highway,Dry,Daylight,20.5937,78.9629,Night
Coimbatore,18-30,Low Risk,Changing lane to the right,Bus,Rainy,Village Road,Dry,Dark,20.5937,78.9629,Night
Coimbatore,50+,Low Risk,Moving Backward,Auto-Rickshaw,Rainy,Village Road,Under Construction,Dark,20.5937,78.9629,Evening
Coimbatore,18-30,Medium Risk,Changing lane to the left,Cycle,Foggy,Highways,Normal,Dusk,20.5937,78.9629,Evening
Coimbatore,31-50,Low Risk,No priority to pedestrian,Car,Rainy,Urban Road,Wet,Daylight,20.5937,78.9629,Morning
Coimbatore,18-30,Low Risk,No distancing,Cycle,Clear,Highways,Normal,Dark,20.5937,78.9629,Night
Pune,18-30,Low Risk,No priority to vehicle,Auto-Rickshaw,Hazy,Highways,Normal,Dark,18.5204,73.8567,Night
Coimbatore,18-30,Low Risk,No distancing,Bus,Hazy,National Highway,Wet,Daylight,20.5937,78.9629,Afternoon
Coimbatore,18-30,Low Risk,No distancing,Cycle,Clear,Village Road,Under Construction,Daylight,20.5937,78.9629,Night
Coimbatore,18-30,Low Risk,Moving Backward,Cycle,Clear,National Highway,Damaged,Dark,20.5937,78.9629,Evening
Coimbatore,18-30,Medium Risk,Changing lane to the right,Bus,Clear,Highways,Normal,Daylight,20.5937,78.9629,Evening
Coimbatore,50+,Low Risk,No priority to pedestrian,Truck,Foggy,Highways,Normal,Daylight,20.5937,78.9629,Morning
Surat,31-50,Low Risk,Moving Backward,Two-Wheeler,Clear,Highways,Normal,Dawn,21.1702,72.8311,Night
Coimbatore,31-50,Low Risk,Getting off the vehicle improperly,Two-Wheeler,Clear,Village Road,Damaged,Daylight,20.5937,78.9629,Afternoon
Coimbatore,18-30,Low Risk,Overtaking,Cycle,Clear,Village Road,Damaged,Dusk,20.5937,78.9629,Afternoon
Coimbatore,18-30,Low Risk,Overloading,Pedestrian,Rainy,Village Road,Under Construction,Dark,20.5937,78.9629,Night
Coimbatore,18-30,Low Risk,Changing lane to the right,Pedestrian,Hazy,State Highway,Damaged,Daylight,20.5937,78.9629,Evening
Coimbatore,18-30,Low Risk,Improper parking,Auto-Rickshaw,Clear,National Highway,Wet,Dark,20.5937,78.9629,Night
Coimbatore,18-30,Low Risk,Other,Cycle,Clear,Highways,Normal,Daylight,20.5937,78.9629,Afternoon
Coimbatore,18-30,Low Risk,Changing lane to the left,Two-Wheeler,Hazy,Highways,Normal,Dusk,20.5937,78.9629,Evening
Mallapuram,31-50,Low Risk,Changing lane to the right,Car,Clear,Highways,Normal,Daylight,20.5937,78.9629,Night
Delhi,18-30,Low Risk,No priority to pedestrian,Pedestrian,Clear,State Highway,Normal,Dark,28.6139,77.209,Afternoon
Dhanbad,18-30,Low Risk,Overspeed,Pedestrian,Clear,Highways,Normal,Daylight,20.5937,78.9629,Evening
Delhi,18-30,Low Risk,Changing lane to the left,Car,Clear,Urban Road,Under Construction,Daylight,28.6139,77.209,Afternoon
Delhi,31-50,Low Risk,No priority to vehicle,Two-Wheeler,Stormy,Urban Road,Under Construction,Dawn,28.6139,77.209,Afternoon
Delhi,31-50,Low Risk,Changing lane to the right,Pedestrian,Foggy,State Highway,Dry,Dusk,28.6139,77.209,Afternoon
Delhi,50+,Low Risk,No distancing,Car,Clear,Urban Road,Damaged,Daylight,28.6139,77.209,Night
Delhi,18-30,Low Risk,No priority to pedestrian,Two-Wheeler,Clear,Highways,Normal,Daylight,28.6139,77.209,Evening
Delhi,18-30,Low Risk,No distancing,Two-Wheeler,Stormy,Highways,Normal,Daylight,28.6139,77.209,Morning
Delhi,18-30,Low Risk,No priority to vehicle,Car,Clear,Village Road,Wet,Dark,28.6139,77.209,Morning
Delhi,18-30,Low Risk,Other,Car,Clear,Urban Road,Damaged,Daylight,28.6139,77.209,Afternoon
Delhi,18-30,Medium Risk,Driving carelessly,Auto-Rickshaw,Hazy,Village Road,Wet,Dark,28.6139,77.209,Evening
Delhi,50+,Medium Risk,Changing lane to the left,Two-Wheeler,Hazy,Urban Road,Wet,Dark,28.6139,77.209,Afternoon
Kolkata,31-50,Low Risk,Driving carelessly,Pedestrian,Hazy,Highways,Normal,Dawn,22.5726,88.3639,Night
Delhi,31-50,Low Risk,Changing lane to the left,Pedestrian,Clear,Urban Road,Normal,Daylight,28.6139,77.209,Night
Delhi,18-30,Low Risk,No priority to vehicle,Truck,Clear,Urban Road,Dry,Daylight,28.6139,77.209,Afternoon
Delhi,18-30,Low Risk,No distancing,Truck,Hazy,Highways,Normal,Daylight,28.6139,77.209,Afternoon
Delhi,18-30,Low Risk,Changing lane to the right,Two-Wheeler,Foggy,Highways,Normal,Daylight,28.6139,77.209,Evening
Delhi,50+,Low Risk,Changing lane to the right,Auto-Rickshaw,Clear,Village Road,Damaged,Daylight,28.6139,77.209,Afternoon
Delhi,18-30,Low Risk,Driving at high speed,Car,Rainy,Urban Road,Dry,Dusk,28.6139,77.209,Evening
Delhi,18-30,Low Risk,No distancing,Auto-Rickshaw,Clear,Highways,Normal,Dusk,28.6139,77.209,Morning
Delhi,50+,Low Risk,Changing lane to the right,Bus,Clear,Urban Road,Dry,Dark,28.6139,77.209,Night
Delhi,18-30,Low Risk,Changing lane to the left,Cycle,Foggy,National Highway,Under Construction,Daylight,28.6139,77.209,Night
Delhi,31-50,Low Risk,Getting off the vehicle improperly,Auto-Rickshaw,Stormy,Urban Road,Wet,Dusk,28.6139,77.209,Morning
Delhi,31-50,Low Risk,Other,Pedestrian,Clear,Village Road,Damaged,Daylight,28.6139,77.209,Morning
Delhi,31-50,Medium Risk,Other,Truck,Foggy,Village Road,Dry,Daylight,28.6139,77.209,Afternoon
Delhi,18-30,Medium Risk,No distancing,Bus,Clear,Village Road,Wet,Dark,28.6139,77.209,Night
Delhi,18-30,Medium Risk,No priority to vehicle,Pedestrian,Foggy,Urban Road,Damaged,Dark,28.6139,77.209,Afternoon
Delhi,18-30,Medium Risk,Overtaking,Car,Foggy,Highways,Normal,Daylight,28.6139,77.209,Night
Delhi,31-50,Medium Risk,No priority to pedestrian,Auto-Rickshaw,Foggy,Highways,Normal,Dusk,28.6139,77.209,Evening
Ahmedabad,18-30,Medium Risk,No distancing,Two-Wheeler,Foggy,Highways,Normal,Dark,23.0225,72.5714,Morning
Bengaluru,18-30,Medium Risk,Changing lane to the right,Car,Clear,Highways,Normal,Dawn,12.9716,77.5946,Morning
Dhanbad,18-30,Low Risk,Driving carelessly,Bus,Clear,Village Road,Under Construction,Dawn,20.5937,78.9629,Night
Dhanbad,18-30,Low Risk,Changing lane to the right,Auto-Rickshaw,Stormy,State Highway,Dry,Dawn,20.5937,78.9629,Afternoon
Vadodra,31-50,Low Risk,Overtaking,Two-Wheeler,Hazy,Highways,Normal,Dawn,20.5937,78.9629,Night
Dhanbad,18-30,Low Risk,Other,Car,Clear,Urban Road,Wet,Dusk,20.5937,78.9629,Morning
Dhanbad,18-30,Low Risk,Driving to the left,Cycle,Clear,Village Road,Under Construction,Dawn,20.5937,78.9629,Afternoon
Dhanbad,50+,Low Risk,Driving at high speed,Car,Clear,Highways,Normal,Dark,20.5937,78.9629,Evening
Dhanbad,31-50,Low Risk,Unknown,Car,Rainy,Highways,Normal,Dusk,20.5937,78.9629,Afternoon
Dhanbad,31-50,Low Risk,Changing lane to the right,Bus,Clear,Urban Road,Under Construction,Daylight,20.5937,78.9629,Morning
Varanasi,18-30,Medium Risk,No distancing,Auto-Rickshaw,Clear,Highways,Normal,Dawn,25.3176,82.9739,Morning
Chennai,18-30,Low Risk,Other,Two-Wheeler,Stormy,Highways,Normal,Daylight,13.0827,80.2707,Morning
Dhanbad,18-30,Low Risk,No priority to vehicle,Cycle,Stormy,Highways,Normal,Dusk,20.5937,78.9629,Morning
Dhanbad,31-50,Low Risk,Changing lane to the left,Car,Clear,Urban Road,Damaged,Daylight,20.5937,78.9629,Afternoon
Dhanbad,18-30,Low Risk,No priority to pedestrian,Pedestrian,Clear,Highways,Normal,Daylight,20.5937,78.9629,Afternoon
Bengaluru,18-30,Medium Risk,Overtaking,Cycle,Stormy,Highways,Normal,Daylight,12.9716,77.5946,Morning
Dhanbad,31-50,Low Risk,Driving carelessly,Auto-Rickshaw,Clear,State Highway,Damaged,Dawn,20.5937,78.9629,Morning
Dhanbad,18-30,Low Risk,No priority to vehicle,Pedestrian,Foggy,Village Road,Damaged,Dawn,20.5937,78.9629,Afternoon
Dhanbad,31-50,Low Risk,No priority to pedestrian,Cycle,Hazy,Highways,Normal,Daylight,20.5937,78.9629,Morning