Million_Plus_Cities,Age_band_of_driver,Accident_severity,Cause_of_accident,Vehicle Type Involved,Weather Conditions,Road Type,Road Condition,Lighting Conditions,Latitude,Longitude,Time_Block
Dhanbad,18-30,Medium Risk,Changing lane to the right,Bus,Hazy,Village Road,Damaged,Daylight,20.5937,78.9629,Afternoon
Dhanbad,18-30,Medium Risk,Driving carelessly,Car,Hazy,National Highway,Dry,Dusk,20.5937,78.9629,Night
Dhanbad,31-50,Low Risk,Changing lane to the right,Pedestrian,Stormy,Urban Road,Normal,Daylight,20.5937,78.9629,Afternoon
Dhanbad,31-50,Low Risk,Changing lane to the right,Pedestrian,Foggy,National Highway,Wet,Dawn,20.5937,78.9629,Evening
Dhanbad,18-30,Low Risk,Changing lane to the left,Two-Wheeler,Clear,State Highway,Damaged,Dark,20.5937,78.9629,Morning
Tiruchirapalli,18-30,Medium Risk,Overturning,Auto-Rickshaw,Hazy,Highways,Normal,Dawn,20.5937,78.9629,Evening
Dhanbad,50+,Low Risk,Driving carelessly,Two-Wheeler,Clear,Village Road,Damaged,Daylight,20.5937,78.9629,Afternoon
Dhanbad,18-30,Low Risk,No distancing,Car,Rainy,Highways,Normal,Daylight,20.5937,78.9629,Night
Dhanbad,31-50,Low Risk,Driving carelessly,Auto-Rickshaw,Clear,State Highway,Normal,Dusk,20.5937,78.9629,Evening
Dhanbad,31-50,Low Risk,Changing lane to the left,Bus,Clear,Highways,Normal,Daylight,20.5937,78.9629,Night
Dhanbad,18-30,Low Risk,No priority to vehicle,Pedestrian,Clear,State Highway,Dry,Daylight,20.5937,78.9629,Night
Dhanbad,31-50,Low Risk,Changing lane to the right,Two-Wheeler,Clear,Village Road,Under Construction,Daylight,20.5937,78.9629,Night
Dhanbad,18-30,Low Risk,No distancing,Bus,Foggy,Highways,Normal,Daylight,20.5937,78.9629,Night
Faridabad,18-30,Low Risk,Moving Backward,Auto-Rickshaw,Foggy,National Highway,Wet,Daylight,20.5937,78.9629,Night
Faridabad,18-30,Medium Risk,Moving Backward,Pedestrian,Rainy,Highways,Normal,Daylight,20.5937,78.9629,Afternoon
Faridabad,18-30,Low Risk,No distancing,Cycle,Hazy,Urban Road,Damaged,Daylight,20.5937,78.9629,Evening
Faridabad,18-30,Low Risk,No distancing,Bus,Rainy,National Highway,Under Construction,Daylight,20.5937,78.9629,Night
Faridabad,31-50,Low Risk,No distancing,Auto-Rickshaw,Clear,Urban Road,Dry,Dusk,20.5937,78.9629,Afternoon
Vadodra,18-30,Low Risk,No priority to pedestrian,Two-Wheeler,Clear,Highways,Normal,Daylight,20.5937,78.9629,Morning
Faridabad,18-30,Low Risk,Driving carelessly,Cycle,Clear,Urban Road,Dry,Dark,20.5937,78.9629,Night
Faridabad,18-30,Medium Risk,Changing lane to the right,Two-Wheeler,Clear,National Highway,Under Construction,Dark,20.5937,78.9629,Evening
Faridabad,18-30,Medium Risk,Changing lane to the left,Two-Wheeler,Stormy,Urban Road,Damaged,Daylight,20.5937,78.9629,Morning
Faridabad,18-30,Low Risk,Driving carelessly,Car,Rainy,Village Road,Damaged,Dark,20.5937,78.9629,Morning
Faridabad,18-30,Low Risk,Driving carelessly,Auto-Rickshaw,Stormy,National Highway,Dry,Dusk,20.5937,78.9629,Evening
Faridabad,18-30,Low Risk,No distancing,Bus,Clear,National Highway,Damaged,Dawn,20.5937,78.9629,Night
Faridabad,18-30,Low Risk,Other,Auto-Rickshaw,Clear,Village Road,Damaged,Dark,20.5937,78.9629,Night
Faridabad,50+,Low Risk,Changing lane to the right,Car,Clear,Highways,Normal,Dusk,20.5937,78.9629,Afternoon
Faridabad,18-30,Low Risk,Changing lane to the right,Car,Clear,Urban Road,Under Construction,Dark,20.5937,78.9629,Afternoon
Faridabad,31-50,Low Risk,No distancing,Auto-Rickshaw,Hazy,State Highway,Under Construction,Dawn,20.5937,78.9629,Evening
Chandigarh,31-50,Low Risk,No distancing,Car,Clear,Highways,Normal,Daylight,20.5937,78.9629,Evening
Faridabad,18-30,Low Risk,Overturning,Auto-Rickshaw,Clear,State Highway,Damaged,Dark,20.5937,78.9629,Night
Faridabad,18-30,Low Risk,Driving at high speed,Car,Hazy,State Highway,Dry,Daylight,20.5937,78.9629,Night
Faridabad,31-50,Low Risk,No priority to vehicle,Pedestrian,Clear,Urban Road,Dry,Dark,20.5937,78.9629,Night
Faridabad,18-30,Low Risk,No priority to pedestrian,Cycle,Rainy,Village Road,Normal,Dawn,20.5937,78.9629,Morning
Faridabad,31-50,Low Risk,No priority to vehicle,Auto-Rickshaw,Stormy,Urban Road,Under Construction,Dawn,20.5937,78.9629,Evening
Faridabad,18-30,Low Risk,Other,Two-Wheeler,Stormy,National Highway,Under Construction,Daylight,20.5937,78.9629,Afternoon
Faridabad,18-30,Low Risk,Other,Two-Wheeler,Clear,National Highway,Damaged,Dusk,20.5937,78.9629,Evening
Faridabad,31-50,Low Risk,Moving Backward,Two-Wheeler,Clear,Village Road,Damaged,Daylight,20.5937,78.9629,Morning
Faridabad,31-50,Medium Risk,No distancing,Bus,Clear,Highways,Normal,Daylight,20.5937,78.9629,Afternoon
Meerut,18-30,Low Risk,Moving Backward,Bus,Rainy,Highways,Normal,Daylight,20.5937,78.9629,Afternoon
Indore,18-30,Low Risk,No priority to vehicle,Cycle,Foggy,Highways,Normal,Dark,20.5937,78.9629,Evening
Faridabad,18-30,Medium Risk,Driving carelessly,Cycle,Clear,Urban Road,Damaged,Dusk,20.5937,78.9629,Afternoon
Ghaziabad,31-50,Medium Risk,No distancing,Bus,Stormy,Urban Road,Normal,Dark,20.5937,78.9629,Evening
Ghaziabad,31-50,Low Risk,Other,Truck,Foggy,Highways,Normal,Daylight,20.5937,78.9629,Morning
Ghaziabad,18-30,Low Risk,Changing lane to the right,Truck,Stormy,Highways,Normal,Dark,20.5937,78.9629,Morning
Ghaziabad,31-50,Low Risk,No distancing,Car,Hazy,Urban Road,Damaged,Dark,20.5937,78.9629,Afternoon
Jabalpur,18-30,Low Risk,Driving carelessly,Auto-Rickshaw,Clear,Highways,Normal,Dusk,20.5937,78.9629,Morning
Ghaziabad,18-30,Low Risk,No distancing,Two-Wheeler,Clear,Highways,Normal,Daylight,20.5937,78.9629,Afternoon
Ghaziabad,50+,Low Risk,No priority to vehicle,Car,Rainy,Village Road,Under Construction,Dawn,20.5937,78.9629,Night
Kochi,31-50,Medium Risk,Changing lane to the right,Car,Stormy,Highways,Normal,Dusk,20.5937,78.9629,Afternoon
Ghaziabad,18-30,Low Risk,No priority to pedestrian,Bus,Hazy,Village Road,Damaged,Daylight,20.5937,78.9629,Night
Ghaziabad,18-30,Low Risk,No priority to vehicle,Two-Wheeler,Foggy,National Highway,Wet,Dusk,20.5937,78.9629,Evening
Ghaziabad,18-30,Low Risk,Changing lane to the left,Bus,Clear,Urban Road,Under Construction,Dawn,20.5937,78.9629,Afternoon
Ghaziabad,31-50,Low Risk,Turnover,Bus,Clear,Village Road,Under Construction,Dark,20.5937,78.9629,Afternoon
Ghaziabad,31-50,Low Risk,Driving to the left,Car,Stormy,State Highway,Under Construction,Dusk,20.5937,78.9629,Morning
Ghaziabad,31-50,Low Risk,Driving carelessly,Bus,Clear,Village Road,Wet,Dusk,20.5937,78.9629,Morning
Ghaziabad,18-30,Low Risk,Driving to the left,Car,Hazy,State Highway,Under Construction,Daylight,20.5937,78.9629,Night
Ghaziabad,18-30,Low Risk,Driving carelessly,Cycle,Stormy,State Highway,Damaged,Daylight,20.5937,78.9629,Afternoon
Ghaziabad,50+,Low Risk,No priority to pedestrian,Cycle,Clear,National Highway,Damaged,Daylight,20.5937,78.9629,Afternoon
Ghaziabad,50+,Low Risk,Driving carelessly,Truck,Stormy,Urban Road,Dry,Dusk,20.5937,78.9629,Night
Ghaziabad,18-30,Low Risk,Changing lane to the right,Auto-Rickshaw,Stormy,State Highway,Dry,Dark,20.5937,78.9629,Morning
Ghaziabad,31-50,Medium Risk,Moving Backward,Cycle,Clear,Highways,Normal,Daylight,20.5937,78.9629,Evening
Ghaziabad,31-50,Low Risk,Driving carelessly,Pedestrian,Hazy,State Highway,Under Construction,Dusk,20.5937,78.9629,Night
Ghaziabad,31-50,Low Risk,Changing lane to the right,Pedestrian,Clear,State Highway,Under Construction,Daylight,20.5937,78.9629,Night
Ghaziabad,31-50,Low Risk,Driving carelessly,Pedestrian,Stormy,State Highway,Under Construction,Dark,20.5937,78.9629,Evening
Ghaziabad,50+,Low Risk,Driving carelessly,Auto-Rickshaw,Foggy,Urban Road,Dry,Dawn,20.5937,78.9629,Night
Ghaziabad,31-50,Low Risk,Driving carelessly,Bus,Clear,Village Road,Damaged,Daylight,20.5937,78.9629,Morning
Ghaziabad,31-50,Low Risk,Changing lane to the right,Pedestrian,Foggy,Urban Road,Damaged,Dusk,20.5937,78.9629,Night
Ghaziabad,31-50,Low Risk,Changing lane to the right,Auto-Rickshaw,Clear,Village Road,Damaged,Dawn,20.5937,78.9629,Evening
Ghaziabad,31-50,Low Risk,Driving carelessly,Pedestrian,Foggy,State Highway,Under Construction,Daylight,20.5937,78.9629,Morning
Ghaziabad,18-30,Low Risk,Overtaking,Car,Clear,National Highway,Normal,Dark,20.5937,78.9629,Evening
Ghaziabad,18-30,Low Risk,Changing lane to the right,Auto-Rickshaw,Clear,State Highway,Normal,Daylight,20.5937,78.9629,Evening
Gwalior,50+,Low Risk,No distancing,Bus,Clear,National Highway,Under Construction,Daylight,20.5937,78.9629,Night
Gwalior,31-50,Low Risk,Other,Two-Wheeler,Clear,Village Road,Wet,Daylight,20.5937,78.9629,Afternoon
Gwalior,18-30,Low Risk,Changing lane to the right,Cycle,Foggy,Urban Road,Normal,Daylight,20.5937,78.9629,Morning
Gwalior,31-50,Low Risk,Changing lane to the right,Pedestrian,Clear,Village Road,Under Construction,Dark,20.5937,78.9629,Night
Gwalior,50+,Low Risk,Overtaking,Car,Clear,Highways,Normal,Daylight,20.5937,78.9629,Evening
Gwalior,18-30,Low Risk,Other,Auto-Rickshaw,Rainy,National Highway,Normal,Dusk,20.5937,78.9629,Morning
Gwalior,18-30,Low Risk,Driving to the left,Pedestrian,Clear,State Highway,Wet,Daylight,20.5937,78.9629,Afternoon
Gwalior,50+,Low Risk,Overtaking,Auto-Rickshaw,Clear,Village Road,Dry,Dawn,20.5937,78.9629,Afternoon
Gwalior,18-30,Low Risk,No priority to vehicle,Auto-Rickshaw,Foggy,Highways,Normal,Daylight,20.5937,78.9629,Morning
Gwalior,18-30,Low Risk,Moving Backward,Pedestrian,Foggy,Highways,Normal,Daylight,20.5937,78.9629,Morning
Gwalior,18-30,Low Risk,Other,Bus,Clear,National Highway,Dry,Daylight,20.5937,78.9629,Morning
Gwalior,18-30,Low Risk,No priority to vehicle,Car,Stormy,Highways,Normal,Dusk,20.5937,78.9629,Morning
Gwalior,31-50,Low Risk,No priority to pedestrian,Pedestrian,Foggy,State Highway,Under Construction,Dusk,20.5937,78.9629,Night
Gwalior,18-30,Low Risk,Changing lane to the right,Auto-Rickshaw,Stormy,National Highway,Dry,Daylight,20.5937,78.9629,Night
Gwalior,18-30,Low Risk,Changing lane to the right,Truck,Foggy,National Highway,Damaged,Dark,20.5937,78.9629,Afternoon
Gwalior,18-30,Low Risk,Changing lane to the right,Car,Foggy,Highways,Normal,Dark,20.5937,78.9629,Morning
Gwalior,50+,Low Risk,Driving to the left,Two-Wheeler,Clear,Village Road,Wet,Dawn,20.5937,78.9629,Evening
Gwalior,18-30,Low Risk,Changing lane to the left,Auto-Rickshaw,Clear,Village Road,Dry,Daylight,20.5937,78.9629,Evening
Gwalior,31-50,Low Risk,Moving Backward,Two-Wheeler,Hazy,Highways,Normal,Daylight,20.5937,78.9629,Evening
Madurai,18-30,Low Risk,Driving at high speed,Cycle,Clear,Highways,Normal,Daylight,20.5937,78.9629,Morning
Gwalior,31-50,Medium Risk,Moving Backward,Pedestrian,Rainy,Highways,Normal,Dawn,20.5937,78.9629,Afternoon
Jamshedpur,18-30,Low Risk,No distancing,Bus,Clear,Highways,Normal,Dark,20.5937,78.9629,Evening
Gwalior,18-30,Medium Risk,Other,Two-Wheeler,Clear,Highways,Normal,Dark,20.5937,78.9629,Morning
Khozikode,18-30,Low Risk,No priority to vehicle,Cycle,Clear,Highways,Normal,Dusk,20.5937,78.9629,Night
Gwalior,18-30,Low Risk,Changing lane to the right,Auto-Rickshaw,Clear,National Highway,Under Construction,Dusk,20.5937,78.9629,Evening
Gwalior,31-50,Low Risk,Other,Truck,Foggy,Urban Road,Wet,Dusk,20.5937,78.9629,Morning
Gwalior,31-50,Low Risk,No distancing,Truck,Rainy,Village Road,Damaged,Daylight,20.5937,78.9629,Night
Gwalior,18-30,Low Risk,Driving carelessly,Car,Clear,Village Road,Under Construction,Dawn,20.5937,78.9629,Morning
Gwalior,31-50,Low Risk,No distancing,Auto-Rickshaw,Clear,Village Road,Normal,Daylight,20.5937,78.9629,Night
Gwalior,18-30,Low Risk,Moving Backward,Two-Wheeler,Clear,National Highway,Under Construction,Daylight,20.5937,78.9629,Morning
Hyderabad,18-30,Low Risk,No distancing,Cycle,Clear,State Highway,Under Construction,Dusk,17.385,78.4867,Night
Surat,18-30,Low Risk,Moving Backward,Bus,Foggy,Highways,Normal,Dusk,21.1702,72.8311,Afternoon
Jabalpur,31-50,Low Risk,No priority to pedestrian,Truck,Clear,Highways,Normal,Dark,20.5937,78.9629,Evening
Hyderabad,50+,Low Risk,Changing lane to the left,Two-Wheeler,Rainy,State Highway,Damaged,Dark,17.385,78.4867,Night
Hyderabad,31-50,Low Risk,No distancing,Car,Clear,State Highway,Dry,Daylight,17.385,78.4867,Morning
Hyderabad,31-50,Low Risk,Other,Bus,Foggy,Urban Road,Damaged,Daylight,17.385,78.4867,Morning
Nagpur,31-50,Medium Risk,No distancing,Car,Rainy,Highways,Normal,Daylight,20.5937,78.9629,Morning
Hyderabad,18-30,Low Risk,No priority to pedestrian,Car,Clear,State Highway,Dry,Daylight,17.385,78.4867,Evening
Hyderabad,18-30,Medium Risk,Moving Backward,Car,Rainy,Village Road,Wet,Daylight,17.385,78.4867,Evening
Hyderabad,18-30,Medium Risk,No priority to pedestrian,Two-Wheeler,Clear,National Highway,Wet,Dusk,17.385,78.4867,Night
Hyderabad,31-50,Low Risk,No distancing,Pedestrian,Clear,Urban Road,Wet,Dusk,17.385,78.4867,Morning
Hyderabad,18-30,Low Risk,No priority to pedestrian,Cycle,Clear,National Highway,Wet,Daylight,17.385,78.4867,Evening
Hyderabad,31-50,Low Risk,Driving carelessly,Bus,Clear,Urban Road,Wet,Daylight,17.385,78.4867,Morning
Lucknow,18-30,Low Risk,Getting off the vehicle improperly,Two-Wheeler,Hazy,Highways,Normal,Dusk,26.8467,80.9462,Morning
Amritsar,31-50,Low Risk,Driving carelessly,Car,Stormy,Highways,Normal,Dawn,20.5937,78.9629,Morning
Hyderabad,18-30,Low Risk,Changing lane to the left,Cycle,Clear,State Highway,Under Construction,Dawn,17.385,78.4867,Morning
Hyderabad,18-30,Low Risk,No priority to vehicle,Auto-Rickshaw,Clear,Village Road,Under Construction,Daylight,17.385,78.4867,Morning
Hyderabad,18-30,Low Risk,Changing lane to the right,Car,Clear,National Highway,Wet,Daylight,17.385,78.4867,Night
Hyderabad,18-30,Low Risk,Changing lane to the right,Auto-Rickshaw,Clear,Urban Road,Dry,Daylight,17.385,78.4867,Morning
Meerut,18-30,Low Risk,No distancing,Car,Clear,Highways,Normal,Dawn,20.5937,78.9629,Afternoon
Hyderabad,18-30,Low Risk,No distancing,Truck,Stormy,Village Road,Under Construction,Dark,17.385,78.4867,Morning
Hyderabad,31-50,Low Risk,Changing lane to the left,Cycle,Clear,Highways,Normal,Dark,17.385,78.4867,Morning
Jodhpur,31-50,Low Risk,Changing lane to the right,Bus,Stormy,Highways,Normal,Daylight,20.5937,78.9629,Night
Hyderabad,31-50,Low Risk,No priority to vehicle,Pedestrian,Foggy,Urban Road,Wet,Dawn,17.385,78.4867,Night
Hyderabad,31-50,Low Risk,Changing lane to the left,Pedestrian,Rainy,Village Road,Under Construction,Dark,17.385,78.4867,Afternoon
Hyderabad,18-30,Low Risk,No priority to vehicle,Pedestrian,Clear,Village Road,Dry,Dark,17.385,78.4867,Night
Hyderabad,18-30,Low Risk,Moving Backward,Car,Clear,National Highway,Wet,Daylight,17.385,78.4867,Morning
Hyderabad,18-30,Low Risk,Turnover,Pedestrian,Clear,National Highway,Damaged,Dark,17.385,78.4867,Evening
Hyderabad,50+,Low Risk,No distancing,Bus,Clear,Urban Road,Dry,Daylight,17.385,78.4867,Evening
Chennai,18-30,Medium Risk,No distancing,Car,Clear,Highways,Normal,Dawn,13.0827,80.2707,Morning
Indore,18-30,Low Risk,No distancing,Bus,Rainy,Urban Road,Normal,Dusk,20.5937,78.9629,Morning
Indore,31-50,Medium Risk,Changing lane to the left,Bus,Foggy,State Highway,Wet,Daylight,20.5937,78.9629,Night
Indore,18-30,Low Risk,No priority to vehicle,Cycle,Rainy,Village Road,Normal,Dark,20.5937,78.9629,Evening
Indore,18-30,Low Risk,Driving at high speed,Bus,Clear,National Highway,Damaged,Dawn,20.5937,78.9629,Evening
Indore,31-50,Low Risk,Overtaking,Truck,Clear,State Highway,Damaged,Dawn,20.5937,78.9629,Night
Indore,31-50,Low Risk,Other,Car,Hazy,National Highway,Under Construction,Daylight,20.5937,78.9629,Evening
Indore,18-30,Medium Risk,Changing lane to the left,Two-Wheeler,Foggy,Highways,Normal,Dark,20.5937,78.9629,Morning
Indore,18-30,Low Risk,No priority to pedestrian,Cycle,Rainy,Highways,Normal,Daylight,20.5937,78.9629,Evening
Indore,18-30,Low Risk,Changing lane to the left,Two-Wheeler,Clear,National Highway,Damaged,Dusk,20.5937,78.9629,Night
Indore,18-30,Low Risk,No distancing,Car,Rainy,National Highway,Damaged,Daylight,20.5937,78.9629,Afternoon
Indore,31-50,Low Risk,Moving Backward,Auto-Rickshaw,Clear,State Highway,Dry,Dawn,20.5937,78.9629,Afternoon
Indore,31-50,Medium Risk,Changing lane to the left,Car,Foggy,Urban Road,Damaged,Daylight,20.5937,78.9629,Morning
Asansol Durgapur,31-50,Low Risk,Other,Pedestrian,Rainy,Highways,Normal,Dark,20.5937,78.9629,Morning
Indore,18-30,Medium Risk,No distancing,Two-Wheeler,Clear,Highways,Normal,Dark,20.5937,78.9629,Afternoon
Indore,18-30,Medium Risk,Moving Backward,Car,Foggy,Highways,Normal,Daylight,20.5937,78.9629,Night
Indore,18-30,Low Risk,No distancing,Car,Foggy,Highways,Normal,Dusk,20.5937,78.9629,Morning
Indore,18-30,Medium Risk,Changing lane to the left,Car,Hazy,Highways,Normal,Daylight,20.5937,78.9629,Afternoon
Indore,18-30,Low Risk,Changing lane to the left,Car,Hazy,Village Road,Wet,Daylight,20.5937,78.9629,Morning
Indore,50+,Low Risk,No priority to pedestrian,Car,Clear,Highways,Normal,Daylight,20.5937,78.9629,Morning
Tiruchirapalli,18-30,Low Risk,Changing lane to the left,Cycle,Clear,Highways,Normal,Dawn,20.5937,78.9629,Morning
Indore,31-50,Low Risk,Driving carelessly,Two-Wheeler,Clear,Urban Road,Wet,Dark,20.5937,78.9629,Evening
Indore,18-30,Low Risk,Driving carelessly,Truck,Clear,Urban Road,Damaged,Daylight,20.5937,78.9629,Evening
Indore,31-50,Low Risk,No priority to pedestrian,Cycle,Clear,National Highway,Dry,Dawn,20.5937,78.9629,Morning
Dhanbad,18-30,Low Risk,Getting off the vehicle improperly,Truck,Clear,Highways,Normal,Dark,20.5937,78.9629,Night
Indore,18-30,Low Risk,No distancing,Cycle,Clear,Highways,Normal,Dark,20.5937,78.9629,Night
Indore,18-30,Low Risk,Changing lane to the left,Pedestrian,Rainy,State Highway,Wet,Daylight,20.5937,78.9629,Afternoon
Indore,18-30,Low Risk,No priority to vehicle,Truck,Rainy,National Highway,Wet,Dark,20.5937,78.9629,Morning
Indore,18-30,Medium Risk,No distancing,Cycle,Clear,National Highway,Wet,Daylight,20.5937,78.9629,Morning
Indore,18-30,Medium Risk,No priority to pedestrian,Auto-Rickshaw,Clear,National Highway,Normal,Daylight,20.5937,78.9629,Night
Indore,18-30,Low Risk,No priority to pedestrian,Two-Wheeler,Foggy,Urban Road,Damaged,Daylight,20.5937,78.9629,Night
Jabalpur,18-30,Low Risk,No priority to vehicle,Truck,Stormy,State Highway,Under Construction,Daylight,20.5937,78.9629,Morning
Jabalpur,18-30,Low Risk,Driving carelessly,Car,Clear,Village Road,Wet,Dawn,20.5937,78.9629,Afternoon
Jabalpur,18-30,Low Risk,Changing lane to the right,Truck,Clear,Urban Road,Dry,Daylight,20.5937,78.9629,Night
Jabalpur,50+,Medium Risk,Changing lane to the left,Pedestrian,Clear,Highways,Normal,Daylight,20.5937,78.9629,Evening
Patna,18-30,Medium Risk,Moving Backward,Cycle,Stormy,Highways,Normal,Dusk,25.5941,85.1376,Afternoon
Jabalpur,18-30,Low Risk,Driving carelessly,Cycle,Hazy,Highways,Normal,Dusk,20.5937,78.9629,Night
Jabalpur,31-50,Low Risk,Driving to the left,Cycle,Clear,Highways,Normal,Daylight,20.5937,78.9629,Morning
Jabalpur,18-30,Low Risk,Driving to the left,Bus,Foggy,Highways,Normal,Daylight,20.5937,78.9629,Night
Jabalpur,18-30,Low Risk,No priority to pedestrian,Pedestrian,Clear,State Highway,Under Construction,Dawn,20.5937,78.9629,Morning
Jabalpur,18-30,Low Risk,Changing lane to the left,Auto-Rickshaw,Clear,Highways,Normal,Daylight,20.5937,78.9629,Morning
Jabalpur,50+,Low Risk,Changing lane to the right,Pedestrian,Clear,Urban Road,Dry,Dark,20.5937,78.9629,Morning
Jabalpur,31-50,Low Risk,Driving carelessly,Car,Rainy,Village Road,Dry,Dark,20.5937,78.9629,Afternoon
Jabalpur,50+,Low Risk,No distancing,Pedestrian,Clear,Village Road,Dry,Daylight,20.5937,78.9629,Morning
Jabalpur,18-30,Low Risk,Getting off the vehicle improperly,Two-Wheeler,Clear,Village Road,Under Construction,Daylight,20.5937,78.9629,Afternoon
Thiruvanthapuram,18-30,Low Risk,Driving under the influence of drugs,Pedestrian,Clear,Highways,Normal,Dark,20.5937,78.9629,Afternoon
Raipur,18-30,Low Risk,Changing lane to the right,Cycle,Stormy,Highways,Normal,Daylight,20.5937,78.9629,Afternoon
Jabalpur,18-30,Low Risk,Driving carelessly,Cycle,Clear,Village Road,Under Construction,Daylight,20.5937,78.9629,Morning
Jabalpur,18-30,Low Risk,Moving Backward,Bus,Stormy,State Highway,Normal,Dark,20.5937,78.9629,Morning
Jabalpur,31-50,Low Risk,Turnover,Pedestrian,Clear,Urban Road,Normal,Dusk,20.5937,78.9629,Night
Jabalpur,18-30,Low Risk,Changing lane to the right,Bus,Hazy,Highways,Normal,Dawn,20.5937,78.9629,Afternoon
Jabalpur,18-30,Low Risk,Driving carelessly,Auto-Rickshaw,Clear,National Highway,Damaged,Daylight,20.5937,78.9629,Night
Jabalpur,31-50,Low Risk,No priority to vehicle,Bus,Foggy,State Highway,Damaged,Dusk,20.5937,78.9629,Night
Jabalpur,18-30,Low Risk,Moving Backward,Cycle,Clear,Urban Road,Dry,Dawn,20.5937,78.9629,Night
Jabalpur,18-30,Low Risk,Changing lane to the left,Cycle,Rainy,State Highway,Under Construction,Daylight,20.5937,78.9629,Morning
Jabalpur,31-50,Low Risk,Overturning,Bus,Rainy,Urban Road,Wet,Daylight,20.5937,78.9629,Afternoon
Jabalpur,18-30,Low Risk,No distancing,Auto-Rickshaw,Clear,Highways,Normal,Daylight,20.5937,78.9629,Morning
Jabalpur,31-50,Low Risk,Driving carelessly,Two-Wheeler,Foggy,National Highway,Dry,Dusk,20.5937,78.9629,Night
Jabalpur,50+,Low Risk,No distancing,Two-Wheeler,Hazy,Highways,Normal,Daylight,20.5937,78.9629,Afternoon
Jabalpur,18-30,Low Risk,Changing lane to the left,Cycle,Clear,Village Road,Dry,Daylight,20.5937,78.9629,Night
Jabalpur,18-30,Low Risk,No priority to pedestrian,Car,Stormy,National Highway,Dry,Dusk,20.5937,78.9629,Morning
Jaipur,50+,Low Risk,No distancing,Cycle,Clear,Village Road,Wet,Dawn,26.9124,75.7873,Afternoon
Jaipur,18-30,Low Risk,No distancing,Auto-Rickshaw,Clear,Village Road,Dry,Daylight,26.9124,75.7873,Morning
Jaipur,50+,Low Risk,Changing lane to the left,Two-Wheeler,Stormy,State Highway,Damaged,Dusk,26.9124,75.7873,Evening
Jaipur,18-30,Low Risk,No distancing,Pedestrian,Clear,State Highway,Dry,Daylight,26.9124,75.7873,Night
Khozikode,18-30,Low Risk,Changing lane to the left,Car,Rainy,Highways,Normal,Dusk,20.5937,78.9629,Night
Jaipur,18-30,Low Risk,No distancing,Cycle,Clear,Highways,Normal,Daylight,26.9124,75.7873,Morning
Jaipur,18-30,Low Risk,No distancing,Cycle,Stormy,National Highway,Dry,Daylight,26.9124,75.7873,Morning
Jaipur,18-30,Medium Risk,No distancing,Cycle,Clear,Urban Road,Wet,Dawn,26.9124,75.7873,Evening
Pune,18-30,Medium Risk,Changing lane to the left,Car,Rainy,Highways,Normal,Dusk,18.5204,73.8567,Morning
Jaipur,31-50,Low Risk,Changing lane to the right,Car,Rainy,National Highway,Under Construction,Daylight,26.9124,75.7873,Night
Delhi,31-50,Medium Risk,Moving Backward,Pedestrian,Hazy,Highways,Normal,Dawn,28.6139,77.209,Night
Jaipur,31-50,Low Risk,Changing lane to the right,Pedestrian,Hazy,National Highway,Damaged,Daylight,26.9124,75.7873,Night
Indore,18-30,Low Risk,No distancing,Cycle,Foggy,Highways,Normal,Dark,20.5937,78.9629,Night
Jaipur,31-50,Low Risk,Overtaking,Cycle,Clear,State Highway,Damaged,Dark,26.9124,75.7873,Afternoon
Ahmedabad,31-50,Low Risk,Other,Pedestrian,Hazy,Highways,Normal,Dusk,23.0225,72.5714,Evening
Jaipur,31-50,Low Risk,Other,Cycle,Clear,Village Road,Normal,Dusk,26.9124,75.7873,Afternoon
Jaipur,31-50,Low Risk,Changing lane to the right,Two-Wheeler,Clear,National Highway,Damaged,Dark,26.9124,75.7873,Night
Jaipur,31-50,Low Risk,No priority to pedestrian,Pedestrian,Hazy,National Highway,Under Construction,Daylight,26.9124,75.7873,Afternoon
Jaipur,18-30,Low Risk,No priority to vehicle,Auto-Rickshaw,Rainy,Highways,Normal,Daylight,26.9124,75.7873,Morning
Thiruvanthapuram,18-30,Medium Risk,Changing lane to the left,Car,Rainy,Highways,Normal,Dusk,20.5937,78.9629,Night
Jaipur,18-30,Medium Risk,Changing lane to the left,Auto-Rickshaw,Clear,Village Road,Damaged,Dawn,26.9124,75.7873,Night
Jaipur,18-30,Medium Risk,Overtaking,Car,Hazy,Village Road,Wet,Dawn,26.9124,75.7873,Afternoon
Jaipur,50+,Medium Risk,No distancing,Two-Wheeler,Clear,National Highway,Dry,Dusk,26.9124,75.7873,Night
Jaipur,31-50,Medium Risk,No priority to vehicle,Pedestrian,Stormy,Village Road,Under Construction,Daylight,26.9124,75.7873,Morning
Jaipur,31-50,Medium Risk,Changing lane to the right,Pedestrian,Rainy,State Highway,Wet,Dawn,26.9124,75.7873,Morning
Jaipur,18-30,Medium Risk,Changing lane to the left,Car,Hazy,State Highway,Wet,Dusk,26.9124,75.7873,Evening
Jaipur,31-50,Low Risk,No distancing,Cycle,Foggy,Urban Road,Damaged,Dawn,26.9124,75.7873,Afternoon
Jaipur,18-30,Low Risk,Driving carelessly,Car,Foggy,National Highway,Dry,Dark,26.9124,75.7873,Night
Kota,31-50,Medium Risk,No priority to pedestrian,Car,Clear,Highways,Normal,Daylight,20.5937,78.9629,Afternoon