Million_Plus_Cities,Age_band_of_driver,Accident_severity,Cause_of_accident,Vehicle Type Involved,Weather Conditions,Road Type,Road Condition,Lighting Conditions,Latitude,Longitude,Time_Block
Jaipur,31-50,Medium Risk,Driving carelessly,Cycle,Clear,Urban Road,Dry,Daylight,26.9124,75.7873,Morning
Jamshedpur,18-30,Medium Risk,Moving Backward,Two-Wheeler,Clear,Highways,Normal,Daylight,20.5937,78.9629,Afternoon
Jamshedpur,18-30,Medium Risk,No distancing,Cycle,Clear,Highways,Normal,Daylight,20.5937,78.9629,Afternoon
Jamshedpur,18-30,Medium Risk,No distancing,Two-Wheeler,Rainy,State Highway,Wet,Dawn,20.5937,78.9629,Afternoon
Jamshedpur,18-30,Medium Risk,No distancing,Pedestrian,Foggy,Urban Road,Under Construction,Dark,20.5937,78.9629,Morning
Jamshedpur,31-50,Low Risk,Changing lane to the left,Pedestrian,Stormy,Urban Road,Under Construction,Dusk,20.5937,78.9629,Morning
Jamshedpur,31-50,Low Risk,Changing lane to the left,Pedestrian,Hazy,State Highway,Wet,Daylight,20.5937,78.9629,Morning
Jamshedpur,18-30,Medium Risk,Moving Backward,Two-Wheeler,Clear,Village Road,Damaged,Dark,20.5937,78.9629,Morning
Jamshedpur,31-50,Low Risk,Changing lane to the right,Car,Clear,State Highway,Under Construction,Daylight,20.5937,78.9629,Morning
Jamshedpur,18-30,Low Risk,No priority to vehicle,Two-Wheeler,Clear,National Highway,Dry,Daylight,20.5937,78.9629,Afternoon
Jamshedpur,18-30,Low Risk,Moving Backward,Car,Hazy,Highways,Normal,Dark,20.5937,78.9629,Morning
Jamshedpur,18-30,Low Risk,Driving carelessly,Pedestrian,Clear,Village Road,Wet,Dark,20.5937,78.9629,Morning
Jamshedpur,18-30,Low Risk,Driving carelessly,Auto-Rickshaw,Stormy,Highways,Normal,Dusk,20.5937,78.9629,Evening
Lucknow,18-30,Medium Risk,Driving under the influence of drugs,Bus,Foggy,Highways,Normal,Dark,26.8467,80.9462,Morning
Jamshedpur,18-30,Low Risk,No priority to pedestrian,Car,Clear,Village Road,Wet,Dawn,20.5937,78.9629,Morning
Jamshedpur,31-50,Low Risk,No priority to vehicle,Car,Foggy,National Highway,Under Construction,Dusk,20.5937,78.9629,Afternoon
Jamshedpur,31-50,Low Risk,Driving carelessly,Car,Rainy,National Highway,Damaged,Dark,20.5937,78.9629,Night
Jamshedpur,18-30,Low Risk,Moving Backward,Truck,Clear,Village Road,Wet,Daylight,20.5937,78.9629,Afternoon
Jamshedpur,18-30,Low Risk,Driving carelessly,Two-Wheeler,Clear,State Highway,Wet,Dusk,20.5937,78.9629,Evening
Jamshedpur,18-30,Low Risk,No priority to vehicle,Car,Hazy,National Highway,Dry,Dark,20.5937,78.9629,Night
Jamshedpur,18-30,Low Risk,Changing lane to the right,Car,Clear,State Highway,Wet,Dark,20.5937,78.9629,Evening
Jamshedpur,31-50,Low Risk,Changing lane to the left,Car,Clear,Village Road,Under Construction,Daylight,20.5937,78.9629,Evening
Jamshedpur,18-30,Low Risk,No priority to vehicle,Pedestrian,Foggy,Village Road,Damaged,Dark,20.5937,78.9629,Evening
Jamshedpur,18-30,Low Risk,Driving carelessly,Car,Hazy,National Highway,Wet,Dusk,20.5937,78.9629,Morning
Jamshedpur,50+,Low Risk,Moving Backward,Auto-Rickshaw,Clear,Village Road,Damaged,Daylight,20.5937,78.9629,Evening
Jamshedpur,18-30,Low Risk,No distancing,Auto-Rickshaw,Stormy,Village Road,Under Construction,Daylight,20.5937,78.9629,Morning
Jamshedpur,18-30,Medium Risk,Changing lane to the left,Auto-Rickshaw,Clear,Urban Road,Wet,Dawn,20.5937,78.9629,Morning
Jamshedpur,31-50,Low Risk,Changing lane to the left,Car,Hazy,Highways,Normal,Daylight,20.5937,78.9629,Night
Jamshedpur,31-50,Low Risk,No distancing,Car,Foggy,Urban Road,Under Construction,Daylight,20.5937,78.9629,Night
Jamshedpur,31-50,Low Risk,Changing lane to the left,Pedestrian,Stormy,State Highway,Damaged,Dark,20.5937,78.9629,Night
Jamshedpur,50+,Low Risk,Driving carelessly,Auto-Rickshaw,Stormy,State Highway,Damaged,Daylight,20.5937,78.9629,Night
Bhopal,18-30,Medium Risk,Changing lane to the left,Truck,Foggy,Highways,Normal,Dusk,20.5937,78.9629,Morning
Jodhpur,18-30,Low Risk,No distancing,Auto-Rickshaw,Stormy,State Highway,Under Construction,Dark,20.5937,78.9629,Night
Jodhpur,18-30,Low Risk,Changing lane to the right,Pedestrian,Foggy,Village Road,Under Construction,Dusk,20.5937,78.9629,Afternoon
Jodhpur,18-30,Low Risk,No distancing,Auto-Rickshaw,Clear,Village Road,Dry,Daylight,20.5937,78.9629,Afternoon
Thiruvanthapuram,18-30,Low Risk,Driving to the left,Two-Wheeler,Foggy,Highways,Normal,Dawn,20.5937,78.9629,Morning
Vizaq,18-30,Low Risk,No distancing,Auto-Rickshaw,Clear,Highways,Normal,Daylight,20.5937,78.9629,Night
Jodhpur,18-30,Low Risk,Overtaking,Cycle,Clear,National Highway,Under Construction,Dawn,20.5937,78.9629,Morning
Jodhpur,18-30,Low Risk,Driving under the influence of drugs,Cycle,Clear,National Highway,Under Construction,Daylight,20.5937,78.9629,Night
Jodhpur,18-30,Low Risk,No priority to pedestrian,Truck,Clear,Village Road,Damaged,Daylight,20.5937,78.9629,Night
Jodhpur,18-30,Low Risk,Moving Backward,Pedestrian,Clear,Urban Road,Dry,Daylight,20.5937,78.9629,Morning
Jodhpur,18-30,Low Risk,Changing lane to the right,Two-Wheeler,Stormy,National Highway,Wet,Dawn,20.5937,78.9629,Morning
Vijaywada city,50+,Low Risk,Changing lane to the left,Car,Hazy,Highways,Normal,Dark,20.5937,78.9629,Night
Jodhpur,18-30,Medium Risk,Changing lane to the right,Two-Wheeler,Hazy,Village Road,Normal,Dark,20.5937,78.9629,Night
Jodhpur,31-50,Low Risk,Driving under the influence of drugs,Bus,Clear,Highways,Normal,Daylight,20.5937,78.9629,Night
Jodhpur,31-50,Low Risk,No priority to vehicle,Cycle,Clear,National Highway,Dry,Daylight,20.5937,78.9629,Afternoon
Jodhpur,31-50,Low Risk,No priority to vehicle,Bus,Rainy,Highways,Normal,Daylight,20.5937,78.9629,Morning
Jodhpur,31-50,Low Risk,Changing lane to the left,Truck,Clear,Urban Road,Normal,Dawn,20.5937,78.9629,Night
Jodhpur,18-30,Low Risk,Changing lane to the right,Cycle,Clear,Highways,Normal,Daylight,20.5937,78.9629,Morning
Jodhpur,50+,Low Risk,Changing lane to the right,Auto-Rickshaw,Clear,Urban Road,Wet,Daylight,20.5937,78.9629,Morning
Jodhpur,31-50,Low Risk,Changing lane to the left,Car,Stormy,National Highway,Damaged,Dark,20.5937,78.9629,Evening
Jodhpur,50+,Low Risk,Changing lane to the left,Pedestrian,Hazy,Urban Road,Wet,Daylight,20.5937,78.9629,Evening
Jodhpur,18-30,Low Risk,Getting off the vehicle improperly,Auto-Rickshaw,Foggy,State Highway,Wet,Dawn,20.5937,78.9629,Night
Jodhpur,18-30,Low Risk,Overtaking,Two-Wheeler,Stormy,Highways,Normal,Dusk,20.5937,78.9629,Night
Jodhpur,31-50,Low Risk,Changing lane to the left,Auto-Rickshaw,Clear,Urban Road,Under Construction,Dark,20.5937,78.9629,Evening
Jodhpur,18-30,Low Risk,Driving under the influence of drugs,Car,Clear,Highways,Normal,Dusk,20.5937,78.9629,Night
Jodhpur,18-30,Low Risk,Driving carelessly,Car,Clear,State Highway,Wet,Dark,20.5937,78.9629,Night
Jodhpur,31-50,Low Risk,Moving Backward,Car,Clear,Highways,Normal,Daylight,20.5937,78.9629,Night
Jodhpur,18-30,Low Risk,No distancing,Cycle,Clear,Urban Road,Damaged,Dawn,20.5937,78.9629,Afternoon
Jodhpur,31-50,High Risk,No priority to vehicle,Car,Clear,Highways,Normal,Dark,20.5937,78.9629,Morning
Jodhpur,18-30,High Risk,Overturning,Car,Foggy,National Highway,Normal,Dark,20.5937,78.9629,Morning
Kannur,31-50,Low Risk,Changing lane to the left,Two-Wheeler,Foggy,National Highway,Under Construction,Daylight,20.5937,78.9629,Afternoon
Kannur,31-50,Low Risk,No distancing,Pedestrian,Clear,Village Road,Damaged,Dawn,20.5937,78.9629,Morning
Kolkata,31-50,Low Risk,Moving Backward,Truck,Clear,Highways,Normal,Daylight,22.5726,88.3639,Afternoon
Kannur,31-50,Medium Risk,No priority to vehicle,Auto-Rickshaw,Clear,Highways,Normal,Daylight,20.5937,78.9629,Morning
Kannur,31-50,Low Risk,No priority to vehicle,Car,Hazy,Urban Road,Under Construction,Dusk,20.5937,78.9629,Afternoon
Meerut,18-30,Low Risk,No distancing,Cycle,Clear,Highways,Normal,Dark,20.5937,78.9629,Afternoon
Kannur,18-30,Low Risk,No distancing,Pedestrian,Clear,Urban Road,Normal,Dawn,20.5937,78.9629,Night
Kannur,18-30,Low Risk,Overtaking,Truck,Clear,Highways,Normal,Daylight,20.5937,78.9629,Night
Kannur,18-30,Medium Risk,Driving under the influence of drugs,Auto-Rickshaw,Hazy,Village Road,Dry,Daylight,20.5937,78.9629,Evening
Kannur,18-30,Medium Risk,Changing lane to the right,Car,Rainy,State Highway,Normal,Dawn,20.5937,78.9629,Morning
Kannur,18-30,Medium Risk,Changing lane to the left,Auto-Rickshaw,Clear,State Highway,Under Construction,Dark,20.5937,78.9629,Morning
Kannur,31-50,Low Risk,Driving carelessly,Auto-Rickshaw,Clear,Village Road,Wet,Daylight,20.5937,78.9629,Night
Kannur,18-30,Low Risk,Moving Backward,Two-Wheeler,Clear,Village Road,Damaged,Dawn,20.5937,78.9629,Morning
Kannur,18-30,Medium Risk,Moving Backward,Pedestrian,Foggy,State Highway,Damaged,Dawn,20.5937,78.9629,Night
Kannur,18-30,Medium Risk,Changing lane to the right,Auto-Rickshaw,Foggy,Village Road,Dry,Dawn,20.5937,78.9629,Night
Kannur,50+,Medium Risk,No priority to vehicle,Truck,Clear,National Highway,Dry,Daylight,20.5937,78.9629,Night
Kannur,18-30,Medium Risk,Driving at high speed,Pedestrian,Clear,Urban Road,Under Construction,Daylight,20.5937,78.9629,Morning
Kannur,18-30,Medium Risk,Driving under the influence of drugs,Auto-Rickshaw,Rainy,State Highway,Under Construction,Dusk,20.5937,78.9629,Night
Kolkata,18-30,Low Risk,Changing lane to the right,Truck,Hazy,Highways,Normal,Dawn,22.5726,88.3639,Morning
Kannur,18-30,High Risk,Driving carelessly,Car,Stormy,State Highway,Damaged,Dark,20.5937,78.9629,Afternoon
Kannur,18-30,Low Risk,No distancing,Pedestrian,Clear,National Highway,Damaged,Dusk,20.5937,78.9629,Morning
Kannur,18-30,Low Risk,Changing lane to the left,Auto-Rickshaw,Foggy,National Highway,Damaged,Daylight,20.5937,78.9629,Morning
Kannur,18-30,Low Risk,No distancing,Pedestrian,Foggy,Highways,Normal,Daylight,20.5937,78.9629,Night
Kannur,18-30,Medium Risk,No distancing,Car,Rainy,Highways,Normal,Dawn,20.5937,78.9629,Morning
Kannur,31-50,Low Risk,Getting off the vehicle improperly,Cycle,Rainy,Highways,Normal,Dark,20.5937,78.9629,Evening
Kannur,18-30,Medium Risk,Overtaking,Car,Clear,Highways,Normal,Dark,20.5937,78.9629,Evening
Kannur,18-30,Low Risk,Driving carelessly,Pedestrian,Clear,Village Road,Normal,Daylight,20.5937,78.9629,Night
Kannur,18-30,Low Risk,Driving under the influence of drugs,Two-Wheeler,Clear,Village Road,Damaged,Dusk,20.5937,78.9629,Night
Kannur,31-50,Low Risk,Moving Backward,Car,Clear,Urban Road,Wet,Daylight,20.5937,78.9629,Evening
Kochi,31-50,Low Risk,Overturning,Car,Rainy,Highways,Normal,Daylight,20.5937,78.9629,Afternoon
Kanpur,18-30,Low Risk,Driving under the influence of drugs,Pedestrian,Clear,National Highway,Damaged,Daylight,26.4499,80.3319,Night
Kanpur,31-50,Low Risk,Changing lane to the right,Car,Clear,Urban Road,Damaged,Dusk,26.4499,80.3319,Afternoon
Kanpur,31-50,Low Risk,Changing lane to the left,Pedestrian,Clear,National Highway,Normal,Daylight,26.4499,80.3319,Night
Kanpur,18-30,Low Risk,No distancing,Two-Wheeler,Stormy,Village Road,Damaged,Dark,26.4499,80.3319,Night
Amritsar,31-50,Low Risk,No distancing,Car,Clear,Highways,Normal,Daylight,20.5937,78.9629,Afternoon
Kanpur,18-30,Low Risk,No priority to vehicle,Pedestrian,Foggy,National Highway,Under Construction,Daylight,26.4499,80.3319,Night
Kanpur,31-50,Low Risk,Moving Backward,Bus,Hazy,National Highway,Damaged,Dark,26.4499,80.3319,Afternoon
Kanpur,31-50,Low Risk,Moving Backward,Pedestrian,Clear,Urban Road,Wet,Daylight,26.4499,80.3319,Night
Kanpur,18-30,Low Risk,Getting off the vehicle improperly,Auto-Rickshaw,Hazy,Highways,Normal,Dusk,26.4499,80.3319,Afternoon
Asansol Durgapur,50+,Low Risk,Changing lane to the left,Car,Foggy,Highways,Normal,Dark,20.5937,78.9629,Afternoon
Kanpur,18-30,Low Risk,Changing lane to the left,Bus,Clear,Highways,Normal,Daylight,26.4499,80.3319,Night
Kanpur,18-30,Low Risk,No priority to vehicle,Car,Clear,Village Road,Wet,Daylight,26.4499,80.3319,Morning
Kanpur,18-30,Low Risk,Changing lane to the right,Two-Wheeler,Hazy,Village Road,Dry,Dusk,26.4499,80.3319,Night
Kanpur,18-30,Low Risk,Changing lane to the right,Two-Wheeler,Hazy,Urban Road,Damaged,Daylight,26.4499,80.3319,Evening
Kanpur,31-50,Low Risk,Driving carelessly,Car,Clear,National Highway,Dry,Dark,26.4499,80.3319,Night
Kanpur,31-50,Low Risk,Changing lane to the left,Bus,Hazy,Urban Road,Under Construction,Daylight,26.4499,80.3319,Night
Kanpur,18-30,Low Risk,Changing lane to the right,Truck,Hazy,Urban Road,Dry,Dark,26.4499,80.3319,Evening
Kanpur,50+,Low Risk,Driving under the influence of drugs,Car,Rainy,Highways,Normal,Dusk,26.4499,80.3319,Night
Kanpur,18-30,Low Risk,Driving carelessly,Auto-Rickshaw,Clear,Highways,Normal,Daylight,26.4499,80.3319,Night
Kanpur,31-50,Medium Risk,No distancing,Truck,Clear,Highways,Normal,Dusk,26.4499,80.3319,Morning
Kanpur,18-30,Low Risk,No priority to vehicle,Car,Stormy,Urban Road,Wet,Daylight,26.4499,80.3319,Evening
Kanpur,31-50,Low Risk,No priority to vehicle,Two-Wheeler,Clear,Village Road,Dry,Dark,26.4499,80.3319,Evening
Kanpur,31-50,Low Risk,No priority to vehicle,Pedestrian,Foggy,Village Road,Damaged,Daylight,26.4499,80.3319,Morning
Kanpur,18-30,Low Risk,Changing lane to the left,Auto-Rickshaw,Clear,Urban Road,Damaged,Daylight,26.4499,80.3319,Evening
Kanpur,31-50,Low Risk,Moving Backward,Car,Foggy,National Highway,Dry,Dusk,26.4499,80.3319,Night
Kanpur,18-30,Low Risk,Driving carelessly,Truck,Clear,National Highway,Damaged,Dusk,26.4499,80.3319,Night
Kanpur,18-30,Low Risk,Driving under the influence of drugs,Two-Wheeler,Clear,Village Road,Normal,Dusk,26.4499,80.3319,Morning
Kanpur,50+,Low Risk,Changing lane to the right,Cycle,Stormy,Urban Road,Wet,Daylight,26.4499,80.3319,Night
Kanpur,18-30,Low Risk,No priority to vehicle,Two-Wheeler,Clear,Highways,Normal,Dark,26.4499,80.3319,Night
Kanpur,31-50,Medium Risk,Changing lane to the right,Bus,Rainy,Highways,Normal,Daylight,26.4499,80.3319,Evening
Khozikode,18-30,Low Risk,Driving to the left,Car,Rainy,Village Road,Under Construction,Dark,20.5937,78.9629,Afternoon
Khozikode,18-30,Low Risk,Moving Backward,Car,Clear,Highways,Normal,Dark,20.5937,78.9629,Night
Khozikode,18-30,Low Risk,No priority to vehicle,Truck,Clear,National Highway,Damaged,Daylight,20.5937,78.9629,Evening
Khozikode,18-30,Low Risk,No distancing,Cycle,Hazy,National Highway,Dry,Dawn,20.5937,78.9629,Evening
Khozikode,18-30,Low Risk,Driving carelessly,Two-Wheeler,Hazy,State Highway,Wet,Dawn,20.5937,78.9629,Morning
Khozikode,18-30,Low Risk,Changing lane to the left,Car,Clear,National Highway,Dry,Dusk,20.5937,78.9629,Morning
Khozikode,18-30,Low Risk,No priority to vehicle,Truck,Hazy,National Highway,Wet,Daylight,20.5937,78.9629,Night
Bengaluru,31-50,Low Risk,No priority to vehicle,Bus,Foggy,Highways,Normal,Dawn,12.9716,77.5946,Morning
Hyderabad,18-30,Low Risk,No distancing,Bus,Clear,Highways,Normal,Dark,17.385,78.4867,Evening
Khozikode,18-30,Low Risk,Driving to the left,Pedestrian,Foggy,Urban Road,Dry,Dark,20.5937,78.9629,Morning
Khozikode,50+,Medium Risk,Driving carelessly,Truck,Clear,Highways,Normal,Daylight,20.5937,78.9629,Evening
Khozikode,31-50,Low Risk,Driving carelessly,Cycle,Stormy,State Highway,Under Construction,Daylight,20.5937,78.9629,Evening
Khozikode,18-30,Low Risk,Changing lane to the right,Pedestrian,Hazy,National Highway,Normal,Dark,20.5937,78.9629,Morning
Khozikode,18-30,Low Risk,Driving carelessly,Auto-Rickshaw,Clear,Village Road,Wet,Daylight,20.5937,78.9629,Night
Khozikode,18-30,Low Risk,Changing lane to the left,Bus,Clear,National Highway,Damaged,Dusk,20.5937,78.9629,Evening
Khozikode,31-50,Low Risk,Driving carelessly,Truck,Clear,Village Road,Dry,Dawn,20.5937,78.9629,Morning
Khozikode,18-30,Low Risk,Driving carelessly,Car,Rainy,State Highway,Wet,Dark,20.5937,78.9629,Evening
Khozikode,18-30,Low Risk,Driving under the influence of drugs,Two-Wheeler,Clear,Urban Road,Under Construction,Daylight,20.5937,78.9629,Night
Khozikode,18-30,Low Risk,Driving carelessly,Pedestrian,Clear,Village Road,Normal,Daylight,20.5937,78.9629,Evening
Indore,18-30,Low Risk,No distancing,Car,Clear,Highways,Normal,Daylight,20.5937,78.9629,Afternoon
Khozikode,31-50,Low Risk,Driving carelessly,Two-Wheeler,Clear,State Highway,Dry,Dark,20.5937,78.9629,Night
Khozikode,31-50,Low Risk,Driving to the left,Truck,Stormy,Highways,Normal,Daylight,20.5937,78.9629,Afternoon
Khozikode,18-30,Low Risk,Overtaking,Auto-Rickshaw,Foggy,Highways,Normal,Daylight,20.5937,78.9629,Night
Khozikode,31-50,Low Risk,No distancing,Two-Wheeler,Hazy,Village Road,Damaged,Dark,20.5937,78.9629,Night
Khozikode,31-50,Low Risk,Driving carelessly,Bus,Clear,State Highway,Dry,Dusk,20.5937,78.9629,Afternoon
Khozikode,18-30,Low Risk,No priority to vehicle,Two-Wheeler,Foggy,National Highway,Wet,Daylight,20.5937,78.9629,Afternoon
Khozikode,31-50,Low Risk,No priority to vehicle,Car,Clear,Urban Road,Wet,Daylight,20.5937,78.9629,Morning
Khozikode,18-30,Low Risk,No priority to vehicle,Two-Wheeler,Clear,Urban Road,Damaged,Dusk,20.5937,78.9629,Morning
Khozikode,18-30,Low Risk,No priority to vehicle,Two-Wheeler,Clear,State Highway,Dry,Daylight,20.5937,78.9629,Afternoon
Khozikode,18-30,Low Risk,No distancing,Car,Rainy,State Highway,Wet,Dusk,20.5937,78.9629,Afternoon
Kochi,31-50,Low Risk,Moving Backward,Pedestrian,Clear,Highways,Normal,Dusk,20.5937,78.9629,Night
Kochi,18-30,Medium Risk,No distancing,Pedestrian,Hazy,Village Road,Dry,Daylight,20.5937,78.9629,Night
Kochi,18-30,Medium Risk,Changing lane to the left,Auto-Rickshaw,Clear,Urban Road,Damaged,Daylight,20.5937,78.9629,Night
Aurangabad,31-50,Medium Risk,Changing lane to the left,Cycle,Clear,Highways,Normal,Dusk,20.5937,78.9629,Night
Kochi,18-30,Low Risk,No priority to pedestrian,Truck,Foggy,Highways,Normal,Daylight,20.5937,78.9629,Night
Kochi,18-30,Low Risk,Moving Backward,Cycle,Foggy,Urban Road,Under Construction,Dusk,20.5937,78.9629,Evening
Kochi,18-30,Low Risk,Changing lane to the left,Car,Foggy,National Highway,Under Construction,Daylight,20.5937,78.9629,Evening
Kochi,18-30,Low Risk,No distancing,Cycle,Clear,State Highway,Dry,Daylight,20.5937,78.9629,Morning
Kochi,50+,Low Risk,No priority to vehicle,Car,Clear,State Highway,Damaged,Daylight,20.5937,78.9629,Afternoon
Kochi,18-30,Low Risk,Changing lane to the right,Car,Clear,Village Road,Normal,Dark,20.5937,78.9629,Evening
Kochi,18-30,Low Risk,No distancing,Car,Foggy,Highways,Normal,Dawn,20.5937,78.9629,Night
Kochi,18-30,Medium Risk,No distancing,Bus,Clear,Highways,Normal,Dark,20.5937,78.9629,Afternoon
Kochi,18-30,Medium Risk,Getting off the vehicle improperly,Truck,Rainy,State Highway,Damaged,Dawn,20.5937,78.9629,Evening
Kochi,50+,Low Risk,No priority to pedestrian,Cycle,Clear,State Highway,Damaged,Daylight,20.5937,78.9629,Morning
Amritsar,31-50,Low Risk,Changing lane to the left,Bus,Stormy,Highways,Normal,Daylight,20.5937,78.9629,Morning
Kochi,18-30,Low Risk,No distancing,Pedestrian,Clear,National Highway,Under Construction,Dark,20.5937,78.9629,Night
Kochi,18-30,Low Risk,Driving carelessly,Cycle,Foggy,Village Road,Damaged,Dawn,20.5937,78.9629,Afternoon
Kochi,31-50,Medium Risk,No distancing,Bus,Stormy,Highways,Normal,Daylight,20.5937,78.9629,Afternoon
Kochi,18-30,High Risk,Changing lane to the right,Car,Clear,Village Road,Wet,Daylight,20.5937,78.9629,Evening
Kochi,18-30,Low Risk,Overtaking,Car,Clear,Highways,Normal,Daylight,20.5937,78.9629,Afternoon
Kochi,18-30,Low Risk,Driving carelessly,Two-Wheeler,Foggy,Highways,Normal,Daylight,20.5937,78.9629,Afternoon
Kochi,18-30,High Risk,Moving Backward,Truck,Hazy,Village Road,Wet,Daylight,20.5937,78.9629,Night
Kochi,18-30,Low Risk,No distancing,Auto-Rickshaw,Clear,National Highway,Damaged,Daylight,20.5937,78.9629,Evening
Kochi,31-50,Low Risk,Overtaking,Truck,Clear,Urban Road,Damaged,Dark,20.5937,78.9629,Morning
Kochi,18-30,Low Risk,Driving carelessly,Two-Wheeler,Clear,Highways,Normal,Dusk,20.5937,78.9629,Evening
Kochi,18-30,Low Risk,Driving carelessly,Bus,Clear,Village Road,Wet,Daylight,20.5937,78.9629,Night
Kochi,31-50,Low Risk,Moving Backward,Auto-Rickshaw,Clear,National Highway,Wet,Dusk,20.5937,78.9629,Night
Kochi,18-30,High Risk,Driving carelessly,Pedestrian,Clear,National Highway,Dry,Daylight,20.5937,78.9629,Morning
Kochi,18-30,Low Risk,Driving to the left,Bus,Foggy,Village Road,Under Construction,Dawn,20.5937,78.9629,Night
Kochi,18-30,Low Risk,Changing lane to the left,Cycle,Clear,National Highway,Normal,Dark,20.5937,78.9629,Morning
Kolkata,50+,Low Risk,No distancing,Cycle,Clear,National Highway,Under Construction,Dusk,22.5726,88.3639,Evening
Kolkata,31-50,Low Risk,No distancing,Pedestrian,Foggy,National Highway,Damaged,Daylight,22.5726,88.3639,Evening
Nagpur,18-30,Low Risk,Changing lane to the right,Auto-Rickshaw,Rainy,Highways,Normal,Daylight,20.5937,78.9629,Afternoon
Kolkata,31-50,Low Risk,Moving Backward,Two-Wheeler,Clear,Highways,Normal,Dusk,22.5726,88.3639,Night
Kolkata,18-30,Medium Risk,Overtaking,Truck,Clear,Highways,Normal,Daylight,22.5726,88.3639,Night
Kolkata,31-50,Low Risk,Changing lane to the left,Car,Clear,Urban Road,Under Construction,Dark,22.5726,88.3639,Night
Kolkata,31-50,Low Risk,Changing lane to the right,Pedestrian,Clear,Village Road,Dry,Daylight,22.5726,88.3639,Morning
Kolkata,50+,High Risk,Overtaking,Pedestrian,Clear,Urban Road,Under Construction,Daylight,22.5726,88.3639,Night
Kolkata,31-50,Low Risk,Overloading,Auto-Rickshaw,Clear,Highways,Normal,Dark,22.5726,88.3639,Night
Ludhiana,50+,Low Risk,Other,Pedestrian,Clear,Highways,Normal,Dark,20.5937,78.9629,Morning
Kolkata,18-30,Low Risk,No priority to vehicle,Auto-Rickshaw,Rainy,Highways,Normal,Daylight,22.5726,88.3639,Evening
Kolkata,18-30,Medium Risk,Changing lane to the right,Two-Wheeler,Clear,State Highway,Damaged,Dark,22.5726,88.3639,Afternoon
Kolkata,18-30,Low Risk,Moving Backward,Two-Wheeler,Hazy,Village Road,Normal,Daylight,22.5726,88.3639,Morning
Kolkata,18-30,Low Risk,Changing lane to the left,Auto-Rickshaw,Clear,National Highway,Normal,Dusk,22.5726,88.3639,Afternoon
Kollam,18-30,Low Risk,No priority to pedestrian,Two-Wheeler,Foggy,Highways,Normal,Dawn,20.5937,78.9629,Afternoon
Raipur,18-30,Low Risk,No distancing,Bus,Clear,Highways,Normal,Daylight,20.5937,78.9629,Evening
Thrissur,18-30,Low Risk,No priority to vehicle,Cycle,Clear,Highways,Normal,Daylight,20.5937,78.9629,Afternoon
Kolkata,18-30,Low Risk,No distancing,Car,Clear,Highways,Normal,Dark,22.5726,88.3639,Night
Kolkata,31-50,Low Risk,No distancing,Two-Wheeler,Rainy,Urban Road,Wet,Daylight,22.5726,88.3639,Afternoon
Kolkata,18-30,Low Risk,Moving Backward,Car,Clear,Highways,Normal,Daylight,22.5726,88.3639,Afternoon
Nashik,50+,Medium Risk,Changing lane to the right,Two-Wheeler,Stormy,Highways,Normal,Daylight,20.5937,78.9629,Night
Allahabad(Prayagraj),18-30,Medium Risk,No priority to pedestrian,Auto-Rickshaw,Clear,Highways,Normal,Daylight,20.5937,78.9629,Night
Kolkata,18-30,Medium Risk,Moving Backward,Car,Clear,Village Road,Normal,Dark,22.5726,88.3639,Morning
Kolkata,18-30,Medium Risk,Getting off the vehicle improperly,Truck,Clear,National Highway,Wet,Daylight,22.5726,88.3639,Morning
Kolkata,50+,Low Risk,Overtaking,Two-Wheeler,Rainy,Urban Road,Wet,Dusk,22.5726,88.3639,Evening
Kolkata,18-30,Low Risk,Overloading,Cycle,Clear,Urban Road,Under Construction,Dark,22.5726,88.3639,Evening
Kolkata,31-50,Low Risk,Changing lane to the right,Cycle,Rainy,Village Road,Dry,Dark,22.5726,88.3639,Night
Kolkata,31-50,Low Risk,Improper parking,Auto-Rickshaw,Clear,Urban Road,Normal,Daylight,22.5726,88.3639,Afternoon
Kolkata,31-50,Low Risk,Other,Two-Wheeler,Hazy,Highways,Normal,Daylight,22.5726,88.3639,Night
Kolkata,18-30,Low Risk,Changing lane to the left,Pedestrian,Foggy,Village Road,Under Construction,Daylight,22.5726,88.3639,Morning
Kollam,31-50,Low Risk,Changing lane to the right,Car,Clear,Highways,Normal,Daylight,20.5937,78.9629,Morning
Kollam,18-30,Medium Risk,No priority to pedestrian,Bus,Rainy,Highways,Normal,Daylight,20.5937,78.9629,Night
Kollam,18-30,Low Risk,Overspeed,Two-Wheeler,Clear,National Highway,Under Construction,Daylight,20.5937,78.9629,Evening
Kollam,18-30,Low Risk,Changing lane to the left,Truck,Clear,Urban Road,Damaged,Dawn,20.5937,78.9629,Afternoon
Kollam,50+,Low Risk,No priority to vehicle,Truck,Clear,Highways,Normal,Dusk,20.5937,78.9629,Night
Kollam,31-50,Low Risk,Changing lane to the right,Cycle,Clear,National Highway,Dry,Daylight,20.5937,78.9629,Night
Kollam,31-50,Low Risk,No distancing,Two-Wheeler,Foggy,State Highway,Under Construction,Dawn,20.5937,78.9629,Night
Bengaluru,18-30,Medium Risk,No priority to pedestrian,Car,Clear,Highways,Normal,Dusk,12.9716,77.5946,Night
Gwalior,18-30,Low Risk,No distancing,Pedestrian,Hazy,Highways,Normal,Daylight,20.5937,78.9629,Night