Million_Plus_Cities,Age_band_of_driver,Accident_severity,Cause_of_accident,Vehicle Type Involved,Weather Conditions,Road Type,Road Condition,Lighting Conditions,Latitude,Longitude,Time_Block
Kollam,18-30,Low Risk,No priority to vehicle,Truck,Foggy,Urban Road,Under Construction,Daylight,20.5937,78.9629,Night
Kollam,18-30,Low Risk,Other,Car,Clear,Highways,Normal,Dark,20.5937,78.9629,Morning
Kollam,18-30,Low Risk,Driving carelessly,Pedestrian,Stormy,Highways,Normal,Dusk,20.5937,78.9629,Night
Kollam,18-30,Medium Risk,Changing lane to the left,Car,Clear,Village Road,Damaged,Dusk,20.5937,78.9629,Afternoon
Kollam,18-30,Medium Risk,Driving carelessly,Two-Wheeler,Stormy,Village Road,Dry,Dark,20.5937,78.9629,Evening
Delhi,18-30,Low Risk,Changing lane to the left,Truck,Clear,Highways,Normal,Dark,28.6139,77.209,Evening
Kollam,31-50,Low Risk,No priority to vehicle,Two-Wheeler,Foggy,Village Road,Damaged,Daylight,20.5937,78.9629,Morning
Kollam,18-30,Low Risk,No distancing,Truck,Stormy,State Highway,Dry,Dusk,20.5937,78.9629,Evening
Kollam,18-30,Low Risk,Changing lane to the right,Cycle,Foggy,Highways,Normal,Daylight,20.5937,78.9629,Night
Kollam,31-50,Medium Risk,Changing lane to the right,Auto-Rickshaw,Clear,Urban Road,Wet,Daylight,20.5937,78.9629,Night
Kollam,18-30,Low Risk,Driving at high speed,Car,Clear,Urban Road,Under Construction,Daylight,20.5937,78.9629,Morning
Kollam,18-30,Low Risk,No distancing,Two-Wheeler,Hazy,Highways,Normal,Daylight,20.5937,78.9629,Afternoon
Kollam,31-50,Low Risk,Changing lane to the right,Car,Clear,National Highway,Damaged,Daylight,20.5937,78.9629,Morning
Kollam,18-30,Low Risk,Changing lane to the left,Truck,Clear,Highways,Normal,Dawn,20.5937,78.9629,Night
Kollam,18-30,Low Risk,Getting off the vehicle improperly,Cycle,Hazy,State Highway,Damaged,Dark,20.5937,78.9629,Night
Kollam,31-50,Low Risk,Other,Car,Clear,Highways,Normal,Daylight,20.5937,78.9629,Evening
Kollam,18-30,Low Risk,Other,Two-Wheeler,Clear,Highways,Normal,Dark,20.5937,78.9629,Evening
Kollam,18-30,Low Risk,No distancing,Truck,Clear,Village Road,Damaged,Dawn,20.5937,78.9629,Evening
Kollam,18-30,Low Risk,No priority to vehicle,Two-Wheeler,Rainy,Highways,Normal,Dark,20.5937,78.9629,Morning
Kollam,31-50,Low Risk,Overtaking,Car,Hazy,State Highway,Damaged,Dusk,20.5937,78.9629,Evening
Kollam,18-30,Low Risk,No priority to pedestrian,Auto-Rickshaw,Hazy,National Highway,Wet,Dark,20.5937,78.9629,Night
Kota,18-30,Low Risk,No distancing,Truck,Rainy,State Highway,Damaged,Dawn,20.5937,78.9629,Morning
Kota,18-30,Low Risk,Changing lane to the right,Bus,Foggy,Urban Road,Wet,Dusk,20.5937,78.9629,Afternoon
Kota,18-30,Medium Risk,Driving carelessly,Cycle,Rainy,Village Road,Normal,Dawn,20.5937,78.9629,Morning
Kota,18-30,Medium Risk,Changing lane to the right,Cycle,Clear,National Highway,Damaged,Daylight,20.5937,78.9629,Evening
Kota,31-50,Low Risk,Overtaking,Car,Stormy,Highways,Normal,Dawn,20.5937,78.9629,Morning
Kota,31-50,Low Risk,Other,Pedestrian,Foggy,National Highway,Normal,Dusk,20.5937,78.9629,Afternoon
Delhi,31-50,Medium Risk,Driving to the left,Truck,Clear,Highways,Normal,Daylight,28.6139,77.209,Morning
Kota,18-30,Low Risk,Driving at high speed,Car,Hazy,State Highway,Dry,Dusk,20.5937,78.9629,Morning
Varanasi,18-30,Medium Risk,Unknown,Cycle,Rainy,Highways,Normal,Dark,25.3176,82.9739,Afternoon
Kota,31-50,Low Risk,Changing lane to the right,Auto-Rickshaw,Clear,Village Road,Dry,Daylight,20.5937,78.9629,Evening
Kota,50+,Low Risk,No distancing,Truck,Rainy,Highways,Normal,Dusk,20.5937,78.9629,Morning
Kota,18-30,Low Risk,Other,Car,Hazy,State Highway,Under Construction,Dawn,20.5937,78.9629,Morning
Kota,18-30,Low Risk,No priority to vehicle,Bus,Rainy,National Highway,Dry,Daylight,20.5937,78.9629,Night
Jaipur,31-50,Low Risk,Changing lane to the left,Bus,Stormy,Highways,Normal,Dawn,26.9124,75.7873,Night
Kota,18-30,Low Risk,No priority to pedestrian,Auto-Rickshaw,Clear,Village Road,Dry,Daylight,20.5937,78.9629,Morning
Kota,18-30,Low Risk,Overtaking,Car,Stormy,Highways,Normal,Daylight,20.5937,78.9629,Afternoon
Kota,18-30,Low Risk,Driving carelessly,Car,Stormy,State Highway,Under Construction,Daylight,20.5937,78.9629,Night
Kota,18-30,Low Risk,No priority to vehicle,Two-Wheeler,Clear,Urban Road,Under Construction,Dawn,20.5937,78.9629,Night
Kota,50+,Low Risk,No priority to pedestrian,Truck,Clear,Urban Road,Under Construction,Dawn,20.5937,78.9629,Morning
Kota,18-30,Low Risk,Changing lane to the right,Cycle,Clear,State Highway,Wet,Dawn,20.5937,78.9629,Evening
Kota,18-30,Low Risk,Driving carelessly,Cycle,Hazy,Village Road,Dry,Daylight,20.5937,78.9629,Night
Kota,18-30,Low Risk,Changing lane to the right,Cycle,Rainy,Highways,Normal,Dark,20.5937,78.9629,Evening
Kota,18-30,Low Risk,Changing lane to the right,Cycle,Clear,Urban Road,Under Construction,Dawn,20.5937,78.9629,Morning
Kota,31-50,Low Risk,Changing lane to the left,Auto-Rickshaw,Stormy,National Highway,Damaged,Dark,20.5937,78.9629,Night
Kota,18-30,Low Risk,Overturning,Pedestrian,Clear,State Highway,Dry,Daylight,20.5937,78.9629,Night
Kota,18-30,Low Risk,Driving carelessly,Car,Clear,Village Road,Under Construction,Dusk,20.5937,78.9629,Morning
Kota,31-50,Low Risk,No distancing,Auto-Rickshaw,Clear,Highways,Normal,Daylight,20.5937,78.9629,Morning
Thrissur,31-50,Medium Risk,Driving carelessly,Car,Clear,Highways,Normal,Daylight,20.5937,78.9629,Afternoon
Varanasi,18-30,Low Risk,Changing lane to the left,Cycle,Hazy,Highways,Normal,Dark,25.3176,82.9739,Morning
Kota,50+,Low Risk,No priority to vehicle,Two-Wheeler,Foggy,Urban Road,Under Construction,Daylight,20.5937,78.9629,Morning
Lucknow,18-30,Low Risk,Changing lane to the right,Car,Clear,State Highway,Damaged,Dawn,26.8467,80.9462,Morning
Lucknow,50+,Low Risk,No distancing,Car,Stormy,Village Road,Under Construction,Daylight,26.8467,80.9462,Evening
Allahabad(Prayagraj),18-30,Medium Risk,Moving Backward,Cycle,Clear,Highways,Normal,Dark,20.5937,78.9629,Night
Faridabad,18-30,Low Risk,Moving Backward,Bus,Clear,Highways,Normal,Dawn,20.5937,78.9629,Afternoon
Lucknow,31-50,Low Risk,No distancing,Cycle,Clear,Highways,Normal,Daylight,26.8467,80.9462,Morning
Lucknow,31-50,Low Risk,No distancing,Pedestrian,Clear,Highways,Normal,Dawn,26.8467,80.9462,Morning
Lucknow,31-50,Low Risk,No distancing,Auto-Rickshaw,Hazy,State Highway,Wet,Daylight,26.8467,80.9462,Night
Lucknow,18-30,Medium Risk,No priority to pedestrian,Pedestrian,Rainy,State Highway,Dry,Daylight,26.8467,80.9462,Night
Lucknow,18-30,Medium Risk,Driving carelessly,Auto-Rickshaw,Clear,Urban Road,Wet,Dawn,26.8467,80.9462,Morning
Lucknow,31-50,Medium Risk,Changing lane to the right,Truck,Clear,State Highway,Dry,Dark,26.8467,80.9462,Night
Lucknow,31-50,Low Risk,Changing lane to the left,Pedestrian,Stormy,National Highway,Damaged,Dusk,26.8467,80.9462,Morning
Lucknow,18-30,Low Risk,Driving carelessly,Car,Clear,Highways,Normal,Daylight,26.8467,80.9462,Evening
Kannur,31-50,Low Risk,Driving carelessly,Car,Rainy,Highways,Normal,Daylight,20.5937,78.9629,Morning
Lucknow,18-30,Low Risk,No distancing,Auto-Rickshaw,Clear,National Highway,Damaged,Daylight,26.8467,80.9462,Evening
Lucknow,31-50,Low Risk,Other,Pedestrian,Rainy,State Highway,Dry,Daylight,26.8467,80.9462,Afternoon
Lucknow,18-30,Low Risk,Changing lane to the right,Car,Clear,Urban Road,Dry,Daylight,26.8467,80.9462,Morning
Lucknow,31-50,Low Risk,Changing lane to the right,Auto-Rickshaw,Clear,Highways,Normal,Dawn,26.8467,80.9462,Afternoon
Lucknow,31-50,Medium Risk,No distancing,Truck,Clear,Urban Road,Under Construction,Daylight,26.8467,80.9462,Morning
Lucknow,18-30,Low Risk,No distancing,Bus,Stormy,Urban Road,Under Construction,Daylight,26.8467,80.9462,Morning
Agra,31-50,Medium Risk,Overturning,Pedestrian,Foggy,Highways,Normal,Dawn,27.1767,78.0081,Afternoon
Lucknow,31-50,High Risk,Driving at high speed,Truck,Foggy,National Highway,Under Construction,Dawn,26.8467,80.9462,Night
Lucknow,50+,Low Risk,No priority to vehicle,Two-Wheeler,Clear,State Highway,Wet,Daylight,26.8467,80.9462,Evening
Lucknow,18-30,Low Risk,No priority to pedestrian,Cycle,Foggy,Highways,Normal,Daylight,26.8467,80.9462,Night
Lucknow,18-30,Low Risk,No priority to vehicle,Car,Clear,Highways,Normal,Dark,26.8467,80.9462,Evening
Lucknow,18-30,Low Risk,Other,Bus,Stormy,National Highway,Wet,Dawn,26.8467,80.9462,Afternoon
Faridabad,18-30,Low Risk,Other,Cycle,Rainy,Highways,Normal,Daylight,20.5937,78.9629,Evening
Lucknow,31-50,Low Risk,Moving Backward,Two-Wheeler,Hazy,Village Road,Wet,Daylight,26.8467,80.9462,Morning
Lucknow,50+,Low Risk,No distancing,Car,Rainy,Highways,Normal,Daylight,26.8467,80.9462,Night
Lucknow,31-50,Low Risk,Moving Backward,Auto-Rickshaw,Clear,Urban Road,Dry,Daylight,26.8467,80.9462,Afternoon
Lucknow,18-30,Low Risk,No priority to vehicle,Truck,Hazy,National Highway,Under Construction,Daylight,26.8467,80.9462,Night
Ludhiana,18-30,Low Risk,Driving carelessly,Auto-Rickshaw,Hazy,Highways,Normal,Daylight,20.5937,78.9629,Morning
Ludhiana,31-50,Low Risk,No distancing,Two-Wheeler,Stormy,Highways,Normal,Dark,20.5937,78.9629,Evening
Ludhiana,31-50,Low Risk,Other,Truck,Clear,State Highway,Under Construction,Dusk,20.5937,78.9629,Evening
Ludhiana,18-30,Medium Risk,Changing lane to the right,Two-Wheeler,Clear,National Highway,Dry,Dawn,20.5937,78.9629,Morning
Ludhiana,31-50,Low Risk,No distancing,Truck,Clear,Highways,Normal,Daylight,20.5937,78.9629,Evening
Ludhiana,31-50,Low Risk,Driving carelessly,Cycle,Clear,State Highway,Dry,Daylight,20.5937,78.9629,Evening
Ludhiana,18-30,Low Risk,No distancing,Pedestrian,Stormy,Urban Road,Dry,Daylight,20.5937,78.9629,Afternoon
Ludhiana,50+,Medium Risk,No priority to vehicle,Car,Stormy,Highways,Normal,Dawn,20.5937,78.9629,Morning
Ludhiana,18-30,Low Risk,Changing lane to the right,Car,Clear,State Highway,Wet,Daylight,20.5937,78.9629,Evening
Jodhpur,31-50,Medium Risk,No priority to pedestrian,Auto-Rickshaw,Clear,Highways,Normal,Daylight,20.5937,78.9629,Morning
Ludhiana,18-30,Low Risk,No priority to vehicle,Truck,Rainy,National Highway,Dry,Daylight,20.5937,78.9629,Morning
Ludhiana,50+,Low Risk,Changing lane to the left,Pedestrian,Foggy,Highways,Normal,Dusk,20.5937,78.9629,Night
Ludhiana,31-50,Medium Risk,Turnover,Cycle,Clear,Urban Road,Dry,Dawn,20.5937,78.9629,Morning
Ludhiana,18-30,Low Risk,Driving to the left,Pedestrian,Hazy,Urban Road,Dry,Daylight,20.5937,78.9629,Night
Ludhiana,18-30,Low Risk,Driving carelessly,Truck,Clear,National Highway,Dry,Dusk,20.5937,78.9629,Morning
Ludhiana,31-50,Low Risk,Driving to the left,Car,Clear,State Highway,Dry,Dark,20.5937,78.9629,Night
Thrissur,18-30,Low Risk,Driving carelessly,Pedestrian,Clear,Highways,Normal,Daylight,20.5937,78.9629,Afternoon
Ludhiana,31-50,Low Risk,No priority to pedestrian,Cycle,Rainy,National Highway,Under Construction,Daylight,20.5937,78.9629,Night
Gwalior,18-30,Low Risk,Driving carelessly,Auto-Rickshaw,Hazy,Highways,Normal,Daylight,20.5937,78.9629,Morning
Ludhiana,18-30,Low Risk,Changing lane to the right,Two-Wheeler,Clear,State Highway,Dry,Dark,20.5937,78.9629,Evening
Nagpur,31-50,Low Risk,Moving Backward,Car,Stormy,Highways,Normal,Daylight,20.5937,78.9629,Evening
Ludhiana,31-50,Low Risk,Driving carelessly,Truck,Rainy,National Highway,Under Construction,Dark,20.5937,78.9629,Night
Ludhiana,31-50,Medium Risk,Changing lane to the right,Auto-Rickshaw,Hazy,National Highway,Dry,Daylight,20.5937,78.9629,Evening
Ludhiana,31-50,Low Risk,Driving carelessly,Car,Clear,Highways,Normal,Daylight,20.5937,78.9629,Afternoon
Ludhiana,18-30,Low Risk,Driving carelessly,Two-Wheeler,Clear,National Highway,Wet,Dusk,20.5937,78.9629,Night
Ludhiana,18-30,Low Risk,Driving carelessly,Cycle,Clear,Urban Road,Wet,Dark,20.5937,78.9629,Evening
Ludhiana,18-30,Low Risk,Changing lane to the right,Auto-Rickshaw,Hazy,Village Road,Dry,Dawn,20.5937,78.9629,Night
Tiruchirapalli,31-50,Low Risk,Changing lane to the right,Truck,Clear,Highways,Normal,Dusk,20.5937,78.9629,Night
Ludhiana,31-50,Low Risk,Driving carelessly,Bus,Stormy,Village Road,Under Construction,Dusk,20.5937,78.9629,Afternoon
Ludhiana,18-30,Low Risk,Overtaking,Cycle,Clear,Urban Road,Normal,Daylight,20.5937,78.9629,Morning
Madurai,18-30,Low Risk,Changing lane to the right,Two-Wheeler,Clear,National Highway,Wet,Daylight,20.5937,78.9629,Morning
Madurai,18-30,Low Risk,No distancing,Pedestrian,Clear,Highways,Normal,Daylight,20.5937,78.9629,Night
Madurai,31-50,Medium Risk,Other,Two-Wheeler,Foggy,Village Road,Normal,Dusk,20.5937,78.9629,Afternoon
Madurai,50+,Low Risk,Changing lane to the right,Truck,Clear,National Highway,Under Construction,Dawn,20.5937,78.9629,Afternoon
Madurai,31-50,Low Risk,Changing lane to the right,Car,Clear,Urban Road,Damaged,Daylight,20.5937,78.9629,Night
Madurai,18-30,Medium Risk,Overtaking,Car,Clear,Village Road,Damaged,Dawn,20.5937,78.9629,Afternoon
Madurai,18-30,Low Risk,Other,Pedestrian,Hazy,Village Road,Dry,Daylight,20.5937,78.9629,Morning
Madurai,50+,Low Risk,Driving to the left,Bus,Clear,Highways,Normal,Daylight,20.5937,78.9629,Evening
Madurai,31-50,Low Risk,Overtaking,Truck,Hazy,Village Road,Damaged,Dark,20.5937,78.9629,Morning
Madurai,18-30,Medium Risk,No priority to vehicle,Bus,Clear,State Highway,Under Construction,Daylight,20.5937,78.9629,Morning
Madurai,50+,Medium Risk,Moving Backward,Cycle,Rainy,Village Road,Wet,Daylight,20.5937,78.9629,Night
Jamshedpur,18-30,Low Risk,Other,Auto-Rickshaw,Clear,Highways,Normal,Daylight,20.5937,78.9629,Morning
Rajkot,18-30,Low Risk,No priority to vehicle,Bus,Clear,Highways,Normal,Dawn,20.5937,78.9629,Morning
Madurai,18-30,Low Risk,No priority to pedestrian,Auto-Rickshaw,Clear,State Highway,Damaged,Daylight,20.5937,78.9629,Afternoon
Madurai,18-30,Low Risk,Changing lane to the right,Two-Wheeler,Clear,National Highway,Damaged,Daylight,20.5937,78.9629,Morning
Madurai,18-30,Low Risk,Changing lane to the right,Cycle,Clear,Village Road,Normal,Dawn,20.5937,78.9629,Afternoon
Jabalpur,50+,Low Risk,Changing lane to the right,Truck,Clear,Highways,Normal,Daylight,20.5937,78.9629,Night
Madurai,31-50,Low Risk,Driving to the left,Truck,Hazy,Urban Road,Damaged,Daylight,20.5937,78.9629,Morning
Varanasi,31-50,Low Risk,Changing lane to the left,Car,Rainy,Highways,Normal,Daylight,25.3176,82.9739,Morning
Madurai,31-50,Low Risk,Moving Backward,Car,Clear,National Highway,Dry,Dark,20.5937,78.9629,Afternoon
Madurai,18-30,Low Risk,Driving at high speed,Truck,Clear,National Highway,Under Construction,Dark,20.5937,78.9629,Evening
Madurai,18-30,Low Risk,Moving Backward,Pedestrian,Clear,Highways,Normal,Daylight,20.5937,78.9629,Afternoon
Madurai,18-30,Low Risk,No distancing,Pedestrian,Foggy,Urban Road,Dry,Dusk,20.5937,78.9629,Evening
Madurai,31-50,Low Risk,Other,Auto-Rickshaw,Rainy,Urban Road,Wet,Daylight,20.5937,78.9629,Afternoon
Madurai,50+,Low Risk,No priority to vehicle,Bus,Rainy,State Highway,Damaged,Daylight,20.5937,78.9629,Morning
Madurai,18-30,Medium Risk,Changing lane to the right,Pedestrian,Clear,Highways,Normal,Dark,20.5937,78.9629,Morning
Madurai,18-30,Medium Risk,Other,Car,Foggy,State Highway,Dry,Dawn,20.5937,78.9629,Night
Madurai,18-30,Medium Risk,No distancing,Car,Clear,Highways,Normal,Daylight,20.5937,78.9629,Night
Madurai,18-30,Low Risk,Driving carelessly,Cycle,Clear,National Highway,Dry,Dawn,20.5937,78.9629,Afternoon
Madurai,18-30,Medium Risk,No distancing,Pedestrian,Hazy,Highways,Normal,Dawn,20.5937,78.9629,Night
Mallapuram,18-30,Low Risk,Moving Backward,Cycle,Clear,National Highway,Dry,Dawn,20.5937,78.9629,Afternoon
Mallapuram,31-50,Low Risk,No distancing,Auto-Rickshaw,Clear,Village Road,Dry,Daylight,20.5937,78.9629,Night
Mallapuram,18-30,Low Risk,Moving Backward,Car,Rainy,Highways,Normal,Daylight,20.5937,78.9629,Evening
Mallapuram,31-50,Low Risk,No priority to pedestrian,Bus,Stormy,Highways,Normal,Daylight,20.5937,78.9629,Morning
Mallapuram,31-50,Low Risk,Changing lane to the left,Two-Wheeler,Clear,Village Road,Dry,Daylight,20.5937,78.9629,Night
Mallapuram,50+,Low Risk,No distancing,Cycle,Clear,Urban Road,Dry,Dark,20.5937,78.9629,Night
Mallapuram,31-50,Low Risk,Other,Cycle,Foggy,Village Road,Dry,Dark,20.5937,78.9629,Afternoon
Mallapuram,50+,Medium Risk,No distancing,Two-Wheeler,Clear,Village Road,Damaged,Dark,20.5937,78.9629,Afternoon
Mallapuram,18-30,Low Risk,No priority to pedestrian,Car,Hazy,State Highway,Under Construction,Dawn,20.5937,78.9629,Morning
Vadodra,50+,Medium Risk,Moving Backward,Pedestrian,Clear,Highways,Normal,Dawn,20.5937,78.9629,Night
Mallapuram,18-30,Low Risk,No priority to pedestrian,Car,Clear,Highways,Normal,Dawn,20.5937,78.9629,Afternoon
Mallapuram,31-50,Low Risk,No distancing,Car,Clear,Highways,Normal,Daylight,20.5937,78.9629,Morning
Mallapuram,18-30,Low Risk,No priority to pedestrian,Auto-Rickshaw,Foggy,Highways,Normal,Daylight,20.5937,78.9629,Morning
Mallapuram,31-50,Low Risk,Driving carelessly,Bus,Clear,Urban Road,Damaged,Daylight,20.5937,78.9629,Night
Ghaziabad,31-50,Low Risk,Getting off the vehicle improperly,Car,Rainy,Highways,Normal,Daylight,20.5937,78.9629,Morning
Mallapuram,18-30,Medium Risk,Driving carelessly,Two-Wheeler,Hazy,National Highway,Under Construction,Daylight,20.5937,78.9629,Afternoon
Mallapuram,50+,Medium Risk,Changing lane to the left,Two-Wheeler,Stormy,Village Road,Damaged,Dawn,20.5937,78.9629,Afternoon
Mallapuram,50+,Low Risk,No priority to vehicle,Cycle,Rainy,Highways,Normal,Daylight,20.5937,78.9629,Afternoon
Mallapuram,18-30,Low Risk,Changing lane to the right,Pedestrian,Hazy,Highways,Normal,Daylight,20.5937,78.9629,Evening
Mallapuram,18-30,Low Risk,Changing lane to the right,Pedestrian,Foggy,National Highway,Under Construction,Daylight,20.5937,78.9629,Evening
Mallapuram,50+,Low Risk,No distancing,Auto-Rickshaw,Clear,Highways,Normal,Dawn,20.5937,78.9629,Night
Mallapuram,50+,Medium Risk,No distancing,Pedestrian,Clear,Highways,Normal,Dawn,20.5937,78.9629,Afternoon
Agra,50+,Low Risk,Changing lane to the left,Auto-Rickshaw,Foggy,Highways,Normal,Daylight,27.1767,78.0081,Evening
Mallapuram,18-30,Medium Risk,Changing lane to the right,Car,Clear,Highways,Normal,Dark,20.5937,78.9629,Evening
Mallapuram,50+,Low Risk,No priority to vehicle,Pedestrian,Clear,National Highway,Under Construction,Dawn,20.5937,78.9629,Night
Mallapuram,31-50,Low Risk,Changing lane to the left,Cycle,Clear,Village Road,Wet,Daylight,20.5937,78.9629,Morning
Mallapuram,18-30,Low Risk,No priority to vehicle,Car,Rainy,Village Road,Wet,Dawn,20.5937,78.9629,Night
Mallapuram,31-50,Medium Risk,Moving Backward,Cycle,Clear,Village Road,Dry,Dusk,20.5937,78.9629,Night
Mallapuram,18-30,Medium Risk,Turnover,Pedestrian,Clear,State Highway,Under Construction,Dawn,20.5937,78.9629,Night
Mallapuram,31-50,Low Risk,No distancing,Car,Clear,State Highway,Wet,Dusk,20.5937,78.9629,Night
Meerut,18-30,Medium Risk,No distancing,Auto-Rickshaw,Stormy,Highways,Normal,Daylight,20.5937,78.9629,Morning
Mallapuram,18-30,Medium Risk,No distancing,Bus,Rainy,Highways,Normal,Dark,20.5937,78.9629,Evening
Meerut,18-30,Low Risk,Changing lane to the left,Two-Wheeler,Clear,National Highway,Dry,Daylight,20.5937,78.9629,Night
Meerut,18-30,Low Risk,No priority to vehicle,Two-Wheeler,Clear,National Highway,Normal,Dusk,20.5937,78.9629,Evening
Meerut,31-50,Low Risk,Driving at high speed,Pedestrian,Clear,National Highway,Damaged,Daylight,20.5937,78.9629,Evening
Meerut,31-50,Medium Risk,Overtaking,Bus,Clear,Highways,Normal,Daylight,20.5937,78.9629,Afternoon
Meerut,31-50,Low Risk,Other,Bus,Foggy,Highways,Normal,Daylight,20.5937,78.9629,Evening
Meerut,31-50,Low Risk,Changing lane to the left,Auto-Rickshaw,Rainy,Village Road,Wet,Dusk,20.5937,78.9629,Night
Meerut,18-30,Low Risk,No priority to pedestrian,Cycle,Stormy,Urban Road,Under Construction,Daylight,20.5937,78.9629,Morning
Srinagar,18-30,Low Risk,Changing lane to the left,Pedestrian,Foggy,Highways,Normal,Daylight,20.5937,78.9629,Afternoon
Meerut,18-30,Medium Risk,No distancing,Truck,Hazy,Village Road,Wet,Daylight,20.5937,78.9629,Morning
Meerut,18-30,Medium Risk,Moving Backward,Two-Wheeler,Rainy,State Highway,Under Construction,Dusk,20.5937,78.9629,Night
Meerut,18-30,Low Risk,Changing lane to the left,Cycle,Clear,State Highway,Wet,Dusk,20.5937,78.9629,Afternoon
Ahmedabad,50+,Medium Risk,Other,Pedestrian,Clear,Highways,Normal,Dusk,23.0225,72.5714,Evening
Meerut,18-30,Low Risk,No distancing,Car,Hazy,Highways,Normal,Daylight,20.5937,78.9629,Night
Meerut,18-30,Medium Risk,Moving Backward,Car,Clear,State Highway,Damaged,Dark,20.5937,78.9629,Morning
Meerut,31-50,Low Risk,No distancing,Auto-Rickshaw,Clear,State Highway,Wet,Dusk,20.5937,78.9629,Morning
Meerut,31-50,Low Risk,Changing lane to the left,Auto-Rickshaw,Clear,Urban Road,Wet,Dusk,20.5937,78.9629,Morning
Patna,18-30,Medium Risk,Changing lane to the left,Truck,Clear,Highways,Normal,Dawn,25.5941,85.1376,Afternoon
Meerut,18-30,Low Risk,No priority to pedestrian,Pedestrian,Clear,Urban Road,Under Construction,Dawn,20.5937,78.9629,Night
Meerut,18-30,Low Risk,Changing lane to the left,Auto-Rickshaw,Foggy,State Highway,Wet,Daylight,20.5937,78.9629,Evening
Meerut,31-50,Medium Risk,Driving carelessly,Two-Wheeler,Foggy,Highways,Normal,Dusk,20.5937,78.9629,Night
Meerut,31-50,Low Risk,Driving carelessly,Cycle,Foggy,Village Road,Wet,Dark,20.5937,78.9629,Night
Meerut,18-30,Low Risk,No priority to pedestrian,Car,Foggy,State Highway,Damaged,Dark,20.5937,78.9629,Morning
Meerut,18-30,Low Risk,Getting off the vehicle improperly,Cycle,Clear,Village Road,Dry,Dark,20.5937,78.9629,Afternoon
Meerut,18-30,Low Risk,No distancing,Bus,Hazy,Highways,Normal,Daylight,20.5937,78.9629,Morning
Meerut,31-50,Low Risk,Changing lane to the left,Car,Rainy,National Highway,Wet,Daylight,20.5937,78.9629,Evening
Meerut,18-30,Low Risk,No priority to vehicle,Cycle,Stormy,Highways,Normal,Dawn,20.5937,78.9629,Afternoon
Meerut,31-50,Low Risk,No distancing,Two-Wheeler,Stormy,Urban Road,Dry,Daylight,20.5937,78.9629,Night
Meerut,31-50,Low Risk,No priority to pedestrian,Cycle,Hazy,Urban Road,Dry,Daylight,20.5937,78.9629,Afternoon
Mumbai,18-30,Low Risk,No priority to pedestrian,Auto-Rickshaw,Clear,National Highway,Under Construction,Dawn,19.076,72.8777,Morning
Mumbai,18-30,Low Risk,No priority to vehicle,Two-Wheeler,Rainy,Urban Road,Wet,Dark,19.076,72.8777,Morning
Mumbai,18-30,Low Risk,Driving carelessly,Cycle,Clear,Village Road,Wet,Daylight,19.076,72.8777,Morning
Tiruchirapalli,18-30,Low Risk,Changing lane to the right,Car,Stormy,Highways,Normal,Dark,20.5937,78.9629,Morning
Mumbai,31-50,Medium Risk,Changing lane to the left,Two-Wheeler,Foggy,Village Road,Damaged,Dark,19.076,72.8777,Night
Mumbai,31-50,Low Risk,Moving Backward,Two-Wheeler,Clear,Highways,Normal,Dark,19.076,72.8777,Night
Mumbai,18-30,Low Risk,Driving carelessly,Car,Stormy,Urban Road,Under Construction,Dusk,19.076,72.8777,Afternoon
Mumbai,50+,Low Risk,Driving to the left,Bus,Clear,Urban Road,Wet,Daylight,19.076,72.8777,Night
Mumbai,18-30,Low Risk,Driving to the left,Two-Wheeler,Foggy,Urban Road,Under Construction,Daylight,19.076,72.8777,Afternoon
Jaipur,31-50,Low Risk,No priority to pedestrian,Truck,Clear,Highways,Normal,Dark,26.9124,75.7873,Evening
Mumbai,18-30,Low Risk,Changing lane to the left,Bus,Clear,Urban Road,Under Construction,Daylight,19.076,72.8777,Night
Mumbai,18-30,Low Risk,Changing lane to the right,Two-Wheeler,Clear,Village Road,Dry,Daylight,19.076,72.8777,Afternoon
Mumbai,18-30,Low Risk,Driving carelessly,Pedestrian,Foggy,Highways,Normal,Daylight,19.076,72.8777,Morning
Nashik,18-30,Medium Risk,No distancing,Two-Wheeler,Clear,Highways,Normal,Dusk,20.5937,78.9629,Morning
Kota,31-50,Low Risk,Getting off the vehicle improperly,Truck,Clear,Highways,Normal,Dusk,20.5937,78.9629,Night
Mumbai,31-50,Low Risk,Driving under the influence of drugs,Pedestrian,Clear,National Highway,Dry,Daylight,19.076,72.8777,Night
Vizaq,31-50,Low Risk,Changing lane to the right,Car,Foggy,Highways,Normal,Daylight,20.5937,78.9629,Evening
Mumbai,31-50,Medium Risk,Driving carelessly,Auto-Rickshaw,Rainy,Village Road,Normal,Daylight,19.076,72.8777,Night
Mumbai,31-50,Low Risk,Moving Backward,Auto-Rickshaw,Clear,Highways,Normal,Dawn,19.076,72.8777,Afternoon
Mumbai,18-30,Low Risk,Turnover,Bus,Stormy,Highways,Normal,Dusk,19.076,72.8777,Night
Mumbai,18-30,Low Risk,Changing lane to the right,Pedestrian,Clear,National Highway,Under Construction,Daylight,19.076,72.8777,Afternoon
Asansol Durgapur,18-30,Low Risk,Driving carelessly,Cycle,Foggy,Highways,Normal,Dark,20.5937,78.9629,Night
Mumbai,18-30,Low Risk,No priority to vehicle,Car,Foggy,Village Road,Wet,Dusk,19.076,72.8777,Evening
Mumbai,31-50,Medium Risk,Moving Backward,Truck,Stormy,Highways,Normal,Dawn,19.076,72.8777,Morning