Million_Plus_Cities,Age_band_of_driver,Accident_severity,Cause_of_accident,Vehicle Type Involved,Weather Conditions,Road Type,Road Condition,Lighting Conditions,Latitude,Longitude,Time_Block
Mumbai,18-30,Medium Risk,Changing lane to the left,Cycle,Stormy,Village Road,Damaged,Daylight,19.076,72.8777,Morning
Mumbai,18-30,Medium Risk,Overturning,Cycle,Hazy,Highways,Normal,Daylight,19.076,72.8777,Evening
Mumbai,18-30,Medium Risk,No distancing,Truck,Rainy,Village Road,Damaged,Dusk,19.076,72.8777,Evening
Mumbai,31-50,Medium Risk,Driving carelessly,Car,Hazy,Village Road,Dry,Daylight,19.076,72.8777,Evening
Mumbai,31-50,Medium Risk,No distancing,Two-Wheeler,Clear,State Highway,Wet,Dusk,19.076,72.8777,Afternoon
Mumbai,18-30,Medium Risk,Changing lane to the left,Bus,Stormy,State Highway,Damaged,Daylight,19.076,72.8777,Afternoon
Nagpur,18-30,Medium Risk,No priority to pedestrian,Two-Wheeler,Hazy,Village Road,Damaged,Daylight,20.5937,78.9629,Night
Kolkata,18-30,Low Risk,No distancing,Auto-Rickshaw,Stormy,Highways,Normal,Dusk,22.5726,88.3639,Night
Jaipur,31-50,Low Risk,No distancing,Car,Foggy,Highways,Normal,Dark,26.9124,75.7873,Night
Nagpur,18-30,Low Risk,Changing lane to the left,Two-Wheeler,Clear,Highways,Normal,Daylight,20.5937,78.9629,Morning
Nagpur,31-50,Medium Risk,No distancing,Bus,Clear,Urban Road,Under Construction,Daylight,20.5937,78.9629,Morning
Khozikode,31-50,Low Risk,Changing lane to the left,Two-Wheeler,Clear,Highways,Normal,Daylight,20.5937,78.9629,Evening
Nagpur,31-50,Medium Risk,No distancing,Pedestrian,Foggy,Village Road,Wet,Daylight,20.5937,78.9629,Morning
Ahmedabad,18-30,Medium Risk,No distancing,Pedestrian,Clear,Highways,Normal,Dark,23.0225,72.5714,Night
Nagpur,18-30,Low Risk,No distancing,Auto-Rickshaw,Clear,National Highway,Wet,Daylight,20.5937,78.9629,Evening
Nagpur,50+,Low Risk,Changing lane to the left,Auto-Rickshaw,Clear,Highways,Normal,Dusk,20.5937,78.9629,Morning
Nagpur,18-30,Low Risk,Changing lane to the right,Auto-Rickshaw,Clear,National Highway,Dry,Dark,20.5937,78.9629,Afternoon
Nagpur,18-30,Low Risk,Moving Backward,Pedestrian,Clear,National Highway,Normal,Dusk,20.5937,78.9629,Morning
Nagpur,18-30,Low Risk,Changing lane to the right,Car,Hazy,Highways,Normal,Daylight,20.5937,78.9629,Afternoon
Nagpur,18-30,Low Risk,No distancing,Bus,Hazy,Urban Road,Wet,Daylight,20.5937,78.9629,Morning
Nagpur,18-30,Low Risk,Overtaking,Car,Clear,Village Road,Damaged,Dark,20.5937,78.9629,Evening
Nagpur,50+,Low Risk,Other,Pedestrian,Hazy,National Highway,Dry,Dusk,20.5937,78.9629,Night
Allahabad(Prayagraj),18-30,Low Risk,Other,Car,Clear,Highways,Normal,Dawn,20.5937,78.9629,Morning
Nagpur,18-30,Low Risk,Changing lane to the right,Truck,Clear,Village Road,Under Construction,Dawn,20.5937,78.9629,Afternoon
Nagpur,18-30,Low Risk,No priority to pedestrian,Bus,Foggy,Village Road,Wet,Dawn,20.5937,78.9629,Afternoon
Nagpur,18-30,Low Risk,No priority to vehicle,Auto-Rickshaw,Rainy,State Highway,Under Construction,Daylight,20.5937,78.9629,Afternoon
Faridabad,18-30,Low Risk,Changing lane to the left,Auto-Rickshaw,Stormy,Highways,Normal,Dark,20.5937,78.9629,Afternoon
Nagpur,18-30,Medium Risk,Changing lane to the left,Auto-Rickshaw,Foggy,Urban Road,Dry,Daylight,20.5937,78.9629,Night
Nagpur,18-30,Medium Risk,Overtaking,Cycle,Clear,Highways,Normal,Daylight,20.5937,78.9629,Evening
Nagpur,18-30,Medium Risk,No distancing,Two-Wheeler,Hazy,State Highway,Dry,Daylight,20.5937,78.9629,Night
Nagpur,31-50,Low Risk,No priority to vehicle,Car,Rainy,Highways,Normal,Dark,20.5937,78.9629,Night
Nagpur,31-50,Low Risk,Changing lane to the right,Car,Clear,State Highway,Under Construction,Daylight,20.5937,78.9629,Morning
Nagpur,18-30,Low Risk,Changing lane to the left,Bus,Rainy,State Highway,Wet,Daylight,20.5937,78.9629,Night
Nagpur,18-30,Low Risk,No distancing,Truck,Clear,National Highway,Dry,Dawn,20.5937,78.9629,Afternoon
Surat,18-30,Low Risk,Driving carelessly,Cycle,Foggy,Highways,Normal,Dawn,21.1702,72.8311,Night
Nagpur,18-30,Low Risk,No priority to pedestrian,Two-Wheeler,Hazy,State Highway,Wet,Dark,20.5937,78.9629,Morning
Nashik,31-50,Low Risk,Driving carelessly,Car,Clear,State Highway,Damaged,Dusk,20.5937,78.9629,Evening
Nashik,18-30,Low Risk,Moving Backward,Two-Wheeler,Clear,Village Road,Under Construction,Daylight,20.5937,78.9629,Morning
Nashik,18-30,Low Risk,No distancing,Cycle,Stormy,Highways,Normal,Daylight,20.5937,78.9629,Morning
Nashik,18-30,Low Risk,No distancing,Car,Clear,Urban Road,Dry,Dark,20.5937,78.9629,Night
Amritsar,18-30,Medium Risk,No distancing,Two-Wheeler,Clear,Highways,Normal,Daylight,20.5937,78.9629,Evening
Nashik,18-30,Low Risk,Changing lane to the left,Bus,Rainy,Highways,Normal,Dusk,20.5937,78.9629,Night
Nashik,18-30,Low Risk,Changing lane to the left,Two-Wheeler,Hazy,State Highway,Damaged,Dusk,20.5937,78.9629,Evening
Nashik,31-50,Low Risk,Moving Backward,Car,Rainy,Village Road,Damaged,Dark,20.5937,78.9629,Afternoon
Nashik,31-50,Low Risk,Changing lane to the right,Auto-Rickshaw,Clear,State Highway,Under Construction,Dark,20.5937,78.9629,Afternoon
Kanpur,50+,Medium Risk,No priority to vehicle,Cycle,Clear,Highways,Normal,Dark,26.4499,80.3319,Morning
Srinagar,18-30,Medium Risk,Moving Backward,Car,Clear,Highways,Normal,Daylight,20.5937,78.9629,Afternoon
Nashik,50+,Low Risk,Driving carelessly,Pedestrian,Clear,Highways,Normal,Daylight,20.5937,78.9629,Night
Nashik,18-30,Low Risk,Driving carelessly,Cycle,Foggy,Urban Road,Under Construction,Daylight,20.5937,78.9629,Night
Nashik,18-30,Low Risk,Driving under the influence of drugs,Car,Clear,State Highway,Dry,Dawn,20.5937,78.9629,Afternoon
Nashik,18-30,Low Risk,No priority to pedestrian,Pedestrian,Stormy,National Highway,Under Construction,Daylight,20.5937,78.9629,Morning
Vijaywada city,18-30,Medium Risk,No priority to vehicle,Auto-Rickshaw,Clear,Highways,Normal,Daylight,20.5937,78.9629,Afternoon
Nashik,31-50,Low Risk,Driving carelessly,Auto-Rickshaw,Stormy,Highways,Normal,Dawn,20.5937,78.9629,Morning
Allahabad(Prayagraj),18-30,Medium Risk,Moving Backward,Car,Rainy,Highways,Normal,Dusk,20.5937,78.9629,Night
Nashik,18-30,Low Risk,Driving carelessly,Cycle,Clear,Highways,Normal,Dawn,20.5937,78.9629,Afternoon
Nashik,18-30,Low Risk,No priority to vehicle,Pedestrian,Clear,Village Road,Normal,Daylight,20.5937,78.9629,Night
Nashik,31-50,Low Risk,Changing lane to the right,Pedestrian,Hazy,Urban Road,Damaged,Daylight,20.5937,78.9629,Night
Nashik,31-50,Low Risk,Changing lane to the left,Cycle,Clear,State Highway,Wet,Dark,20.5937,78.9629,Afternoon
Nashik,18-30,Low Risk,No priority to vehicle,Truck,Stormy,Highways,Normal,Dusk,20.5937,78.9629,Morning
Nashik,18-30,Low Risk,Driving carelessly,Car,Stormy,National Highway,Wet,Daylight,20.5937,78.9629,Night
Nashik,18-30,Low Risk,Moving Backward,Auto-Rickshaw,Hazy,State Highway,Under Construction,Dusk,20.5937,78.9629,Afternoon
Nashik,18-30,Low Risk,No distancing,Cycle,Stormy,State Highway,Under Construction,Daylight,20.5937,78.9629,Evening
Jodhpur,18-30,Low Risk,Changing lane to the left,Car,Hazy,Highways,Normal,Daylight,20.5937,78.9629,Night
Nashik,18-30,Low Risk,Changing lane to the left,Car,Foggy,Highways,Normal,Daylight,20.5937,78.9629,Morning
Nashik,18-30,Low Risk,No distancing,Car,Stormy,National Highway,Wet,Daylight,20.5937,78.9629,Morning
Nashik,31-50,Low Risk,Changing lane to the left,Car,Clear,National Highway,Normal,Daylight,20.5937,78.9629,Evening
Asansol Durgapur,31-50,Low Risk,Driving carelessly,Car,Hazy,Highways,Normal,Daylight,20.5937,78.9629,Evening
Raipur,18-30,Medium Risk,Changing lane to the left,Car,Clear,Highways,Normal,Dusk,20.5937,78.9629,Morning
Patna,18-30,Low Risk,No distancing,Pedestrian,Clear,Highways,Normal,Daylight,25.5941,85.1376,Night
Srinagar,18-30,Low Risk,Changing lane to the right,Cycle,Clear,Highways,Normal,Daylight,20.5937,78.9629,Afternoon
Delhi,18-30,Medium Risk,No distancing,Cycle,Clear,Highways,Normal,Dawn,28.6139,77.209,Morning
Patna,18-30,Low Risk,Driving to the left,Cycle,Foggy,Urban Road,Under Construction,Dusk,25.5941,85.1376,Night
Patna,18-30,Low Risk,No distancing,Cycle,Clear,Highways,Normal,Dark,25.5941,85.1376,Afternoon
Patna,31-50,Low Risk,Overtaking,Car,Clear,Urban Road,Wet,Daylight,25.5941,85.1376,Evening
Patna,50+,Low Risk,Driving under the influence of drugs,Cycle,Stormy,Highways,Normal,Dusk,25.5941,85.1376,Afternoon
Patna,31-50,Low Risk,No priority to pedestrian,Bus,Clear,Village Road,Damaged,Daylight,25.5941,85.1376,Morning
Patna,31-50,Low Risk,Moving Backward,Bus,Rainy,State Highway,Damaged,Daylight,25.5941,85.1376,Night
Patna,31-50,Medium Risk,Changing lane to the right,Cycle,Clear,National Highway,Wet,Daylight,25.5941,85.1376,Night
Patna,18-30,Medium Risk,Changing lane to the left,Cycle,Clear,Highways,Normal,Daylight,25.5941,85.1376,Morning
Patna,18-30,Low Risk,Changing lane to the right,Truck,Clear,National Highway,Wet,Dusk,25.5941,85.1376,Afternoon
Patna,18-30,Low Risk,Driving under the influence of drugs,Pedestrian,Rainy,National Highway,Wet,Dawn,25.5941,85.1376,Afternoon
Patna,31-50,Low Risk,No priority to vehicle,Pedestrian,Clear,Urban Road,Dry,Daylight,25.5941,85.1376,Night
Patna,18-30,Low Risk,No priority to vehicle,Auto-Rickshaw,Clear,Village Road,Wet,Daylight,25.5941,85.1376,Afternoon
Khozikode,18-30,Low Risk,Changing lane to the left,Pedestrian,Stormy,Highways,Normal,Daylight,20.5937,78.9629,Morning
Patna,18-30,Medium Risk,Changing lane to the right,Car,Clear,Highways,Normal,Daylight,25.5941,85.1376,Evening
Patna,50+,Medium Risk,Changing lane to the right,Pedestrian,Clear,State Highway,Under Construction,Daylight,25.5941,85.1376,Night
Vizaq,50+,Low Risk,Changing lane to the left,Car,Stormy,Highways,Normal,Daylight,20.5937,78.9629,Morning
Patna,18-30,Low Risk,Changing lane to the left,Car,Clear,State Highway,Dry,Daylight,25.5941,85.1376,Evening
Patna,50+,Low Risk,Getting off the vehicle improperly,Car,Stormy,Village Road,Dry,Daylight,25.5941,85.1376,Evening
Patna,31-50,Medium Risk,Overtaking,Truck,Clear,Urban Road,Damaged,Daylight,25.5941,85.1376,Evening
Patna,31-50,Medium Risk,Changing lane to the left,Bus,Clear,Village Road,Under Construction,Dawn,25.5941,85.1376,Afternoon
Patna,31-50,Medium Risk,Driving under the influence of drugs,Car,Clear,National Highway,Under Construction,Dusk,25.5941,85.1376,Night
Patna,50+,Medium Risk,Driving carelessly,Car,Stormy,Urban Road,Under Construction,Dusk,25.5941,85.1376,Morning
Patna,18-30,Low Risk,Moving Backward,Car,Foggy,Urban Road,Damaged,Dusk,25.5941,85.1376,Morning
Patna,18-30,Low Risk,No distancing,Car,Rainy,Urban Road,Under Construction,Dawn,25.5941,85.1376,Evening
Patna,31-50,Low Risk,No priority to vehicle,Bus,Hazy,National Highway,Normal,Daylight,25.5941,85.1376,Afternoon
Pune,18-30,Low Risk,Overturning,Car,Foggy,State Highway,Under Construction,Daylight,18.5204,73.8567,Night
Pune,18-30,Low Risk,Changing lane to the left,Pedestrian,Hazy,Village Road,Dry,Dawn,18.5204,73.8567,Evening
Pune,31-50,Low Risk,No distancing,Two-Wheeler,Clear,Village Road,Dry,Daylight,18.5204,73.8567,Morning
Pune,18-30,Low Risk,Moving Backward,Auto-Rickshaw,Hazy,Village Road,Wet,Daylight,18.5204,73.8567,Afternoon
Kollam,31-50,Medium Risk,No priority to vehicle,Truck,Stormy,Highways,Normal,Daylight,20.5937,78.9629,Afternoon
Pune,18-30,Low Risk,No priority to vehicle,Two-Wheeler,Clear,Highways,Normal,Daylight,18.5204,73.8567,Night
Pune,18-30,Low Risk,No distancing,Car,Clear,State Highway,Under Construction,Dark,18.5204,73.8567,Night
Pune,31-50,Low Risk,No distancing,Auto-Rickshaw,Clear,State Highway,Damaged,Dark,18.5204,73.8567,Night
Pune,31-50,Low Risk,Overtaking,Truck,Rainy,Village Road,Under Construction,Dusk,18.5204,73.8567,Morning
Delhi,18-30,Low Risk,Driving under the influence of drugs,Two-Wheeler,Hazy,Highways,Normal,Daylight,28.6139,77.209,Night
Pune,18-30,Low Risk,Changing lane to the right,Pedestrian,Clear,Highways,Normal,Daylight,18.5204,73.8567,Night
Pune,18-30,Medium Risk,Changing lane to the left,Two-Wheeler,Clear,Highways,Normal,Daylight,18.5204,73.8567,Evening
Pune,50+,Low Risk,Driving carelessly,Bus,Clear,State Highway,Dry,Dawn,18.5204,73.8567,Morning
Pune,31-50,Low Risk,Moving Backward,Truck,Clear,Urban Road,Dry,Daylight,18.5204,73.8567,Night
Kolkata,31-50,Low Risk,Moving Backward,Bus,Rainy,Highways,Normal,Daylight,22.5726,88.3639,Morning
Pune,18-30,Low Risk,Changing lane to the right,Pedestrian,Clear,Highways,Normal,Daylight,18.5204,73.8567,Afternoon
Pune,31-50,Low Risk,No priority to vehicle,Truck,Hazy,Urban Road,Under Construction,Daylight,18.5204,73.8567,Evening
Pune,18-30,Low Risk,Driving at high speed,Pedestrian,Clear,National Highway,Dry,Dark,18.5204,73.8567,Night
Pune,18-30,Low Risk,Driving under the influence of drugs,Car,Clear,Urban Road,Wet,Daylight,18.5204,73.8567,Morning
Pune,50+,Low Risk,Changing lane to the right,Car,Stormy,Urban Road,Wet,Daylight,18.5204,73.8567,Night
Pune,18-30,Low Risk,Driving carelessly,Bus,Clear,State Highway,Under Construction,Dawn,18.5204,73.8567,Evening
Pune,50+,Low Risk,No distancing,Car,Rainy,Village Road,Wet,Daylight,18.5204,73.8567,Evening
Pune,31-50,Low Risk,Changing lane to the left,Auto-Rickshaw,Hazy,Urban Road,Damaged,Daylight,18.5204,73.8567,Night
Delhi,18-30,Medium Risk,No distancing,Car,Clear,Highways,Normal,Dark,28.6139,77.209,Morning
Pune,18-30,Low Risk,No distancing,Pedestrian,Hazy,Village Road,Under Construction,Daylight,18.5204,73.8567,Evening
Pune,18-30,Low Risk,Getting off the vehicle improperly,Bus,Clear,Urban Road,Damaged,Dusk,18.5204,73.8567,Night
Pune,18-30,Low Risk,Overtaking,Pedestrian,Clear,State Highway,Normal,Daylight,18.5204,73.8567,Evening
Tiruchirapalli,18-30,Low Risk,Driving carelessly,Truck,Clear,Highways,Normal,Dusk,20.5937,78.9629,Night
Pune,18-30,Low Risk,Driving under the influence of drugs,Two-Wheeler,Clear,National Highway,Dry,Daylight,18.5204,73.8567,Afternoon
Pune,18-30,Low Risk,Moving Backward,Pedestrian,Hazy,Highways,Normal,Daylight,18.5204,73.8567,Night
Raipur,18-30,Low Risk,Overturning,Truck,Clear,Highways,Normal,Dark,20.5937,78.9629,Morning
Raipur,31-50,Low Risk,Driving under the influence of drugs,Truck,Clear,Village Road,Normal,Daylight,20.5937,78.9629,Night
Raipur,18-30,Low Risk,Changing lane to the right,Pedestrian,Clear,State Highway,Under Construction,Dark,20.5937,78.9629,Afternoon
Raipur,31-50,Low Risk,Changing lane to the left,Car,Foggy,Urban Road,Normal,Daylight,20.5937,78.9629,Evening
Raipur,31-50,Low Risk,No distancing,Auto-Rickshaw,Foggy,State Highway,Damaged,Daylight,20.5937,78.9629,Evening
Raipur,18-30,Low Risk,No distancing,Cycle,Hazy,Village Road,Under Construction,Daylight,20.5937,78.9629,Evening
Raipur,18-30,Low Risk,No priority to vehicle,Pedestrian,Clear,National Highway,Damaged,Dark,20.5937,78.9629,Night
Raipur,50+,Low Risk,Moving Backward,Truck,Rainy,State Highway,Wet,Daylight,20.5937,78.9629,Afternoon
Raipur,18-30,Medium Risk,Moving Backward,Car,Rainy,National Highway,Damaged,Daylight,20.5937,78.9629,Night
Raipur,31-50,Medium Risk,Getting off the vehicle improperly,Two-Wheeler,Rainy,Highways,Normal,Daylight,20.5937,78.9629,Morning
Raipur,18-30,Low Risk,Changing lane to the left,Cycle,Clear,National Highway,Dry,Daylight,20.5937,78.9629,Night
Raipur,18-30,Low Risk,Changing lane to the left,Pedestrian,Clear,Highways,Normal,Daylight,20.5937,78.9629,Night
Raipur,31-50,Low Risk,No priority to vehicle,Bus,Clear,Village Road,Dry,Daylight,20.5937,78.9629,Evening
Raipur,31-50,Low Risk,Changing lane to the right,Auto-Rickshaw,Clear,Urban Road,Damaged,Daylight,20.5937,78.9629,Morning
Raipur,18-30,Low Risk,Changing lane to the right,Car,Foggy,Highways,Normal,Dark,20.5937,78.9629,Morning
Raipur,18-30,Low Risk,Driving carelessly,Pedestrian,Rainy,Urban Road,Wet,Dawn,20.5937,78.9629,Evening
Indore,18-30,Medium Risk,Changing lane to the left,Pedestrian,Stormy,Highways,Normal,Dark,20.5937,78.9629,Afternoon
Raipur,31-50,Medium Risk,Changing lane to the right,Two-Wheeler,Clear,Highways,Normal,Daylight,20.5937,78.9629,Morning
Raipur,31-50,Medium Risk,Driving under the influence of drugs,Bus,Clear,State Highway,Dry,Daylight,20.5937,78.9629,Night
Raipur,18-30,Low Risk,Driving carelessly,Cycle,Rainy,Village Road,Under Construction,Dusk,20.5937,78.9629,Afternoon
Patna,31-50,Medium Risk,No distancing,Car,Stormy,Highways,Normal,Dusk,25.5941,85.1376,Afternoon
Raipur,18-30,Low Risk,No priority to vehicle,Two-Wheeler,Clear,Urban Road,Under Construction,Dark,20.5937,78.9629,Night
Raipur,18-30,Low Risk,No priority to vehicle,Car,Clear,Highways,Normal,Daylight,20.5937,78.9629,Evening
Raipur,31-50,Medium Risk,No priority to vehicle,Car,Clear,Highways,Normal,Daylight,20.5937,78.9629,Afternoon
Raipur,31-50,Low Risk,Changing lane to the left,Cycle,Clear,Highways,Normal,Daylight,20.5937,78.9629,Evening
Raipur,18-30,Low Risk,Moving Backward,Cycle,Foggy,National Highway,Under Construction,Daylight,20.5937,78.9629,Evening
Raipur,18-30,Medium Risk,Driving carelessly,Pedestrian,Clear,Highways,Normal,Daylight,20.5937,78.9629,Evening
Raipur,18-30,Low Risk,Driving under the influence of drugs,Car,Clear,Urban Road,Dry,Daylight,20.5937,78.9629,Night
Raipur,31-50,Low Risk,Changing lane to the right,Auto-Rickshaw,Clear,Highways,Normal,Dark,20.5937,78.9629,Evening
Raipur,31-50,Low Risk,No priority to vehicle,Two-Wheeler,Clear,Urban Road,Dry,Daylight,20.5937,78.9629,Night
Rajkot,31-50,Low Risk,Changing lane to the right,Cycle,Stormy,Urban Road,Dry,Dusk,20.5937,78.9629,Afternoon
Rajkot,18-30,Low Risk,Driving to the left,Two-Wheeler,Hazy,Highways,Normal,Dusk,20.5937,78.9629,Evening
Rajkot,18-30,Medium Risk,Moving Backward,Pedestrian,Clear,State Highway,Dry,Dark,20.5937,78.9629,Morning
Rajkot,18-30,Low Risk,No priority to vehicle,Bus,Stormy,Urban Road,Damaged,Dark,20.5937,78.9629,Evening
Rajkot,18-30,Low Risk,No distancing,Truck,Hazy,Highways,Normal,Dusk,20.5937,78.9629,Afternoon
Rajkot,18-30,Low Risk,Driving carelessly,Truck,Clear,State Highway,Dry,Dark,20.5937,78.9629,Night
Rajkot,31-50,Low Risk,Changing lane to the left,Truck,Hazy,National Highway,Damaged,Dark,20.5937,78.9629,Night
Pune,31-50,Low Risk,No priority to vehicle,Auto-Rickshaw,Foggy,Highways,Normal,Dark,18.5204,73.8567,Morning
Rajkot,31-50,Medium Risk,No priority to vehicle,Truck,Clear,Highways,Normal,Dark,20.5937,78.9629,Afternoon
Rajkot,31-50,Medium Risk,No distancing,Car,Rainy,Highways,Normal,Dawn,20.5937,78.9629,Night
Rajkot,31-50,Low Risk,Driving to the left,Auto-Rickshaw,Stormy,State Highway,Under Construction,Daylight,20.5937,78.9629,Night
Rajkot,31-50,Low Risk,Driving carelessly,Car,Clear,National Highway,Wet,Daylight,20.5937,78.9629,Night
Rajkot,31-50,High Risk,Driving carelessly,Car,Clear,National Highway,Wet,Dusk,20.5937,78.9629,Afternoon
Rajkot,31-50,Low Risk,Changing lane to the right,Bus,Clear,State Highway,Damaged,Dawn,20.5937,78.9629,Morning
Rajkot,31-50,Low Risk,Driving carelessly,Cycle,Clear,Highways,Normal,Dawn,20.5937,78.9629,Night
Rajkot,18-30,Low Risk,Changing lane to the left,Pedestrian,Foggy,National Highway,Damaged,Dawn,20.5937,78.9629,Night
Rajkot,18-30,Low Risk,Driving carelessly,Auto-Rickshaw,Rainy,Highways,Normal,Dawn,20.5937,78.9629,Afternoon
Rajkot,18-30,Low Risk,Driving carelessly,Car,Clear,State Highway,Under Construction,Daylight,20.5937,78.9629,Morning
Rajkot,50+,High Risk,Driving under the influence of drugs,Cycle,Clear,Village Road,Wet,Dusk,20.5937,78.9629,Morning
Mallapuram,18-30,Low Risk,Driving carelessly,Truck,Clear,Highways,Normal,Daylight,20.5937,78.9629,Afternoon
Rajkot,50+,High Risk,No distancing,Pedestrian,Clear,Village Road,Wet,Daylight,20.5937,78.9629,Morning
Rajkot,31-50,High Risk,Driving carelessly,Auto-Rickshaw,Clear,Urban Road,Dry,Daylight,20.5937,78.9629,Afternoon
Patna,18-30,Low Risk,Driving to the left,Auto-Rickshaw,Foggy,Highways,Normal,Daylight,25.5941,85.1376,Morning
Chennai,18-30,Medium Risk,Overtaking,Bus,Clear,Highways,Normal,Dark,13.0827,80.2707,Morning
Vijaywada city,18-30,Low Risk,No distancing,Car,Clear,Highways,Normal,Dawn,20.5937,78.9629,Evening
Kota,18-30,Medium Risk,Driving carelessly,Auto-Rickshaw,Rainy,Highways,Normal,Dark,20.5937,78.9629,Afternoon
Rajkot,18-30,Low Risk,No priority to vehicle,Pedestrian,Clear,State Highway,Wet,Dusk,20.5937,78.9629,Night
Rajkot,18-30,Low Risk,No priority to vehicle,Car,Hazy,State Highway,Under Construction,Daylight,20.5937,78.9629,Morning
Rajkot,18-30,Low Risk,No priority to vehicle,Car,Rainy,Village Road,Damaged,Daylight,20.5937,78.9629,Afternoon
Indore,31-50,Medium Risk,No priority to vehicle,Auto-Rickshaw,Clear,Highways,Normal,Daylight,20.5937,78.9629,Morning
Srinagar,18-30,Low Risk,No distancing,Two-Wheeler,Rainy,State Highway,Under Construction,Dark,20.5937,78.9629,Evening
Hyderabad,18-30,Low Risk,Moving Backward,Car,Stormy,Highways,Normal,Dark,17.385,78.4867,Morning
Srinagar,18-30,Low Risk,No distancing,Auto-Rickshaw,Hazy,Urban Road,Dry,Daylight,20.5937,78.9629,Afternoon
Srinagar,50+,Medium Risk,Changing lane to the left,Car,Foggy,Highways,Normal,Dusk,20.5937,78.9629,Morning
Srinagar,18-30,Low Risk,Changing lane to the left,Cycle,Stormy,Village Road,Wet,Dawn,20.5937,78.9629,Afternoon
Srinagar,31-50,Low Risk,No priority to pedestrian,Cycle,Clear,State Highway,Normal,Daylight,20.5937,78.9629,Afternoon
Srinagar,18-30,Low Risk,Moving Backward,Two-Wheeler,Clear,National Highway,Wet,Dawn,20.5937,78.9629,Evening
Srinagar,31-50,Low Risk,Changing lane to the left,Truck,Clear,State Highway,Damaged,Dawn,20.5937,78.9629,Evening
Srinagar,18-30,Medium Risk,No distancing,Two-Wheeler,Stormy,National Highway,Wet,Dawn,20.5937,78.9629,Morning
Srinagar,18-30,Low Risk,No priority to vehicle,Auto-Rickshaw,Rainy,State Highway,Wet,Daylight,20.5937,78.9629,Afternoon
Srinagar,18-30,Low Risk,Changing lane to the right,Truck,Clear,Urban Road,Normal,Dusk,20.5937,78.9629,Night
Srinagar,50+,Low Risk,No distancing,Bus,Clear,State Highway,Under Construction,Daylight,20.5937,78.9629,Afternoon
Srinagar,31-50,Low Risk,No distancing,Auto-Rickshaw,Stormy,State Highway,Dry,Dusk,20.5937,78.9629,Night
Srinagar,31-50,Low Risk,Getting off the vehicle improperly,Car,Stormy,State Highway,Wet,Dark,20.5937,78.9629,Morning
Srinagar,18-30,Low Risk,No priority to pedestrian,Auto-Rickshaw,Stormy,State Highway,Dry,Dark,20.5937,78.9629,Morning
Srinagar,31-50,Low Risk,Changing lane to the left,Two-Wheeler,Foggy,Urban Road,Dry,Dark,20.5937,78.9629,Night
Srinagar,18-30,Low Risk,No distancing,Car,Rainy,Urban Road,Wet,Dark,20.5937,78.9629,Night
Srinagar,18-30,Low Risk,Driving carelessly,Two-Wheeler,Clear,State Highway,Dry,Daylight,20.5937,78.9629,Night
Srinagar,18-30,Low Risk,No distancing,Cycle,Hazy,Urban Road,Under Construction,Dawn,20.5937,78.9629,Night
Srinagar,31-50,Low Risk,Changing lane to the right,Pedestrian,Foggy,Urban Road,Damaged,Daylight,20.5937,78.9629,Night
Srinagar,31-50,Medium Risk,Overtaking,Car,Stormy,Highways,Normal,Dark,20.5937,78.9629,Night
Srinagar,31-50,Medium Risk,Driving carelessly,Truck,Clear,Village Road,Wet,Dark,20.5937,78.9629,Evening
Srinagar,31-50,Medium Risk,Moving Backward,Two-Wheeler,Stormy,Village Road,Wet,Daylight,20.5937,78.9629,Night
Srinagar,31-50,Low Risk,No distancing,Pedestrian,Stormy,National Highway,Damaged,Daylight,20.5937,78.9629,Evening
Srinagar,50+,Low Risk,Overtaking,Two-Wheeler,Rainy,National Highway,Wet,Dusk,20.5937,78.9629,Afternoon
Srinagar,18-30,Low Risk,Driving carelessly,Truck,Clear,State Highway,Under Construction,Daylight,20.5937,78.9629,Morning
Srinagar,18-30,Low Risk,Driving carelessly,Auto-Rickshaw,Rainy,National Highway,Under Construction,Dawn,20.5937,78.9629,Morning
Srinagar,31-50,Medium Risk,Moving Backward,Auto-Rickshaw,Rainy,Highways,Normal,Daylight,20.5937,78.9629,Evening
Srinagar,18-30,Low Risk,Driving carelessly,Auto-Rickshaw,Rainy,Urban Road,Damaged,Daylight,20.5937,78.9629,Night
Srinagar,31-50,Low Risk,Driving to the left,Two-Wheeler,Clear,Highways,Normal,Dusk,20.5937,78.9629,Afternoon
Thiruvanthapuram,18-30,Low Risk,Changing lane to the left,Car,Stormy,Highways,Normal,Dark,20.5937,78.9629,Night
Surat,50+,Low Risk,No distancing,Car,Rainy,Urban Road,Damaged,Daylight,21.1702,72.8311,Night
Surat,18-30,Low Risk,No distancing,Pedestrian,Clear,Village Road,Damaged,Daylight,21.1702,72.8311,Night
Surat,18-30,Medium Risk,Changing lane to the right,Car,Hazy,Village Road,Wet,Dawn,21.1702,72.8311,Night
Kollam,18-30,Low Risk,Driving under the influence of drugs,Two-Wheeler,Clear,Highways,Normal,Daylight,20.5937,78.9629,Night
Surat,18-30,Low Risk,Changing lane to the right,Car,Rainy,State Highway,Under Construction,Dawn,21.1702,72.8311,Night